label,premise_clean,hypothesis_clean,premise_lemma,hypothesis_lemma,premise_pos,hypothesis_pos
contradiction,"A woman and a young girl smiling for the camera, in front of some flowers.",the mom and daughter are very sad at the dog dying,"a woman and a young girl smile for the camera , in front of some flower .",the mom and daughter be very sad at the dog die,DET NOUN CCONJ DET ADJ NOUN VERB ADP DET NOUN PUNCT ADP NOUN ADP DET NOUN PUNCT,DET NOUN CCONJ NOUN AUX ADV ADJ ADP DET NOUN VERB
contradiction,"A young boy wearing a gray sweater, blue jeans and boots hangs upside down in a tire swing.",The boy is sitting down.,"a young boy wear a gray sweater , blue jean and boot hang upside down in a tire swing .",the boy be sit down .,DET ADJ NOUN VERB DET ADJ NOUN PUNCT ADJ NOUN CCONJ NOUN VERB ADV ADV ADP DET NOUN NOUN PUNCT,DET NOUN AUX VERB ADP PUNCT
contradiction,A woman with a very large black wig and giant sunglasses is holding a mirror up to her face.,The woman is cooking breakfast inside,a woman with a very large black wig and giant sunglass be hold a mirror up to her face .,the woman be cook breakfast inside,DET NOUN ADP DET ADV ADJ ADJ NOUN CCONJ ADJ NOUN AUX VERB DET NOUN ADP ADP PRON NOUN PUNCT,DET NOUN AUX VERB NOUN ADV
contradiction,Oriental man dressed in tank top and shorts is jumping and almost touching his left foot with left hand.,the man is white,oriental man dress in tank top and short be jump and almost touch his left foot with left hand .,the man be white,ADJ NOUN VERB ADP NOUN NOUN CCONJ NOUN AUX VERB CCONJ ADV VERB PRON ADJ NOUN ADP ADJ NOUN PUNCT,DET NOUN AUX ADJ
contradiction,3 girls and one boy playing in the street.,The children are all indoors.,3 girl and one boy play in the street .,the child be all indoor .,NUM NOUN CCONJ NUM NOUN VERB ADP DET NOUN PUNCT,DET NOUN AUX DET NOUN PUNCT
contradiction,Two girls are going for a swim in a mountain lake.,A boy and a girl are having a romantic swim in the city river.,two girl be go for a swim in a mountain lake .,a boy and a girl be have a romantic swim in the city river .,NUM NOUN AUX VERB ADP DET NOUN ADP DET NOUN NOUN PUNCT,DET NOUN CCONJ DET NOUN AUX VERB DET ADJ NOUN ADP DET NOUN NOUN PUNCT
contradiction,A woman fiddles with her phone at a diner.,she is swimming the english channel,a woman fiddle with her phone at a diner .,she be swim the english channel,DET NOUN VERB ADP PRON NOUN ADP DET NOUN PUNCT,PRON AUX VERB DET ADJ NOUN
contradiction,Two women are walking casually down the street together.,There are two men,two woman be walk casually down the street together .,there be two man,NUM NOUN AUX VERB ADV ADP DET NOUN ADV PUNCT,PRON AUX NUM NOUN
contradiction,A bunch of kids in canoes on a river.,A few adults are swimming in the lake.,a bunch of kid in canoe on a river .,a few adult be swim in the lake .,DET NOUN ADP NOUN ADP NOUN ADP DET NOUN PUNCT,DET ADJ NOUN AUX VERB ADP DET NOUN PUNCT
contradiction,A white dog and two black dogs playing,Two cats playing.,a white dog and two black dog play,two cat play .,DET ADJ NOUN CCONJ NUM ADJ NOUN VERB,NUM NOUN VERB PUNCT
contradiction,A group of different people are walking in all different directions in a city.,They are in the country,a group of different people be walk in all different direction in a city .,they be in the country,DET NOUN ADP ADJ NOUN AUX VERB ADP DET ADJ NOUN ADP DET NOUN PUNCT,PRON AUX ADP DET NOUN
contradiction,A red car is passing in front of a double-decker bus.,the car is blue,a red car be pass in front of a double - decker bus .,the car be blue,DET ADJ NOUN AUX VERB ADP NOUN ADP DET ADJ PUNCT NOUN NOUN PUNCT,DET NOUN AUX ADJ
contradiction,A street vendor tends to his stand with lots of kids toys and items.,The man has no goods on his stand.,a street vendor tend to his stand with lot of kid toy and item .,the man have no good on his stand .,DET NOUN NOUN VERB ADP PRON NOUN ADP NOUN ADP NOUN NOUN CCONJ NOUN PUNCT,DET NOUN AUX DET NOUN ADP PRON NOUN PUNCT
contradiction,A woman talking on a cellphone and a man with a mustache emerge up the stairs from an underground subway.,a man steps out of a taxi door,a woman talk on a cellphone and a man with a mustache emerge up the stair from an underground subway .,a man step out of a taxi door,DET NOUN VERB ADP DET NOUN CCONJ DET NOUN ADP DET NOUN NOUN ADP DET NOUN ADP DET ADJ NOUN PUNCT,DET NOUN VERB ADP ADP DET NOUN NOUN
contradiction,"A girl in a khaki jacket sitting next to a girl in an orange jacket on a ski-lift, both are smiling.",the girls fell off of the ski lift but are okay,"a girl in a khaki jacket sit next to a girl in an orange jacket on a ski - lift , both be smile .",the girl fall off of the ski lift but be okay,DET NOUN ADP DET NOUN NOUN VERB ADV ADP DET NOUN ADP DET ADJ NOUN ADP DET NOUN PUNCT NOUN PUNCT DET AUX VERB PUNCT,DET NOUN VERB ADP ADP DET NOUN NOUN CCONJ AUX ADJ
contradiction,"A woman wearing a blue top, brushes the hair of another woman, wearing a green top.",womans are brush their hair,"a woman wear a blue top , brush the hair of another woman , wear a green top .",womans be brush their hair,DET NOUN VERB DET ADJ NOUN PUNCT VERB DET NOUN ADP DET NOUN PUNCT VERB DET ADJ NOUN PUNCT,PROPN AUX VERB PRON NOUN
contradiction,There are trees with no leaves in the background.,The trees are entirely underground,there be tree with no leaf in the background .,the tree be entirely underground,PRON AUX NOUN ADP DET NOUN ADP DET NOUN PUNCT,DET NOUN AUX ADV ADJ
contradiction,The climber is wearing a red jacket as he climbs the ice.,The climber is swimming through a lake.,the climber be wear a red jacket as he climb the ice .,the climber be swim through a lake .,DET NOUN AUX VERB DET ADJ NOUN ADP PRON VERB DET NOUN PUNCT,DET NOUN AUX VERB ADP DET NOUN PUNCT
contradiction,Small middle eastern child in sort of wooden underground cave.,A girl enjoys a day out with her family in the park.,small middle eastern child in sort of wooden underground cave .,a girl enjoy a day out with her family in the park .,ADJ ADJ ADJ NOUN ADP ADV ADV ADJ ADJ NOUN PUNCT,DET NOUN VERB DET NOUN ADV ADP PRON NOUN ADP DET NOUN PUNCT
contradiction,A room filled with many officials who are taking a vote.,The room is empty.,a room fill with many official who be take a vote .,the room be empty .,DET NOUN VERB ADP ADJ NOUN PRON AUX VERB DET NOUN PUNCT,DET NOUN AUX ADJ PUNCT
contradiction,A person in a black jacket against a snowy backdrop leaping into the air.,A person is swimming in a river.,a person in a black jacket against a snowy backdrop leap into the air .,a person be swim in a river .,DET NOUN ADP DET ADJ NOUN ADP DET ADJ NOUN VERB ADP DET NOUN PUNCT,DET NOUN AUX VERB ADP DET NOUN PUNCT
contradiction,A group of four men are sitting at a table drinking beer.,The men are drinking wine instead of beer.,a group of four man be sit at a table drink beer .,the man be drink wine instead of beer .,DET NOUN ADP NUM NOUN AUX VERB ADP DET NOUN VERB NOUN PUNCT,DET NOUN AUX VERB NOUN ADV ADP NOUN PUNCT
contradiction,i cannot see an image here.,A rainbow.,i can not see an image here .,a rainbow .,PRON AUX PART VERB DET NOUN ADV PUNCT,DET NOUN PUNCT
contradiction,children sit on top of somebody in a banana suit.,Children run around someone.,child sit on top of somebody in a banana suit .,child run around someone .,NOUN VERB ADP NOUN ADP PRON ADP DET NOUN NOUN PUNCT,NOUN VERB ADP PRON PUNCT
contradiction,A man with a motorcycle helmet stands in front of a row of colorful buildings.,A shark is seen at a beach.,a man with a motorcycle helmet stand in front of a row of colorful building .,a shark be see at a beach .,DET NOUN ADP DET NOUN NOUN VERB ADP NOUN ADP DET NOUN ADP ADJ NOUN PUNCT,DET NOUN AUX VERB ADP DET NOUN PUNCT
contradiction,Two children swinging on swings,Two children swing from a tree branch.,two child swing on swing,two child swing from a tree branch .,NUM NOUN VERB ADP NOUN,NUM NOUN VERB ADP DET NOUN NOUN PUNCT
contradiction,A young man holds up a piece of wood and a chainsaw as presses a cigarette between his lips.,A man is eating dinner.,a young man hold up a piece of wood and a chainsaw as press a cigarette between his lip .,a man be eat dinner .,DET ADJ NOUN VERB ADP DET NOUN ADP NOUN CCONJ DET NOUN ADP VERB DET NOUN ADP PRON NOUN PUNCT,DET NOUN AUX VERB NOUN PUNCT
contradiction,Two men holding skateboards and one man skateboarding.,A group of friends play a board game in the living room.,two man hold skateboard and one man skateboard .,a group of friend play a board game in the living room .,NUM NOUN VERB NOUN CCONJ NUM NOUN VERB PUNCT,DET NOUN ADP NOUN VERB DET NOUN NOUN ADP DET NOUN NOUN PUNCT
contradiction,"Two children playing at a beach, one in pink, drawing in the sand and the second child, in green, standing in the water.",A child swims to recuse another fro drowning.,"two child play at a beach , one in pink , draw in the sand and the second child , in green , stand in the water .",a child swim to recuse another fro drowning .,NUM NOUN VERB ADP DET NOUN PUNCT NUM ADP ADJ PUNCT VERB ADP DET NOUN CCONJ DET ADJ NOUN PUNCT ADP PROPN PUNCT VERB ADP DET NOUN PUNCT,DET NOUN VERB PART VERB DET NOUN NOUN PUNCT
contradiction,Two boys practicing karate.,The top students of the two top schools stare at the wreckage before them and wonder if the destruction was worth winning the ice sculpting contest.,two boy practice karate .,the top student of the two top school stare at the wreckage before they and wonder if the destruction be worth win the ice sculpting contest .,NUM NOUN VERB NOUN PUNCT,DET ADJ NOUN ADP DET NUM ADJ NOUN VERB ADP DET NOUN ADP PRON CCONJ VERB SCONJ DET NOUN AUX ADJ VERB DET NOUN ADJ NOUN PUNCT
contradiction,"Two people, dressed in red, dancing.",Two people are playing tennis.,"two people , dress in red , dancing .",two people be play tennis .,NUM NOUN PUNCT VERB ADP NOUN PUNCT NOUN PUNCT,NUM NOUN AUX VERB NOUN PUNCT
contradiction,A young girl feeding the birds in the park.,The girl is eating the birds.,a young girl feed the bird in the park .,the girl be eat the bird .,DET ADJ NOUN VERB DET NOUN ADP DET NOUN PUNCT,DET NOUN AUX VERB DET NOUN PUNCT
contradiction,Dirt bikes get airborne at a racetrack.,The riders are sitting idly.,dirt bike get airborne at a racetrack .,the rider be sit idly .,NOUN NOUN VERB ADJ ADP DET NOUN PUNCT,DET NOUN AUX VERB ADV PUNCT
contradiction,Two men walking down the street.,the men are asleep in the motel,two man walk down the street .,the man be asleep in the motel,NUM NOUN VERB ADP DET NOUN PUNCT,DET NOUN AUX ADJ ADP DET NOUN
contradiction,A sunset over a lake.,A sunrise over a lake.,a sunset over a lake .,a sunrise over a lake .,DET NOUN ADP DET NOUN PUNCT,DET NOUN ADP DET NOUN PUNCT
contradiction,Construction workers are working on a pipe on the side of a building.,The construction workers are getting ready to go home.,construction worker be work on a pipe on the side of a building .,the construction worker be get ready to go home .,NOUN NOUN AUX VERB ADP DET NOUN ADP DET NOUN ADP DET NOUN PUNCT,DET NOUN NOUN AUX VERB ADJ PART VERB ADV PUNCT
contradiction,A young woman smiles at the camera as she sunbathes in the ocean.,The young woman is running up hill.,a young woman smile at the camera as she sunbathe in the ocean .,the young woman be run up hill .,DET ADJ NOUN VERB ADP DET NOUN ADP PRON VERB ADP DET NOUN PUNCT,DET ADJ NOUN AUX VERB ADP NOUN PUNCT
contradiction,A man without a shirt is working on the roof of a house.,A shirtless man is sunbathing on the roof of a house,a man without a shirt be work on the roof of a house .,a shirtless man be sunbathe on the roof of a house,DET NOUN ADP DET NOUN AUX VERB ADP DET NOUN ADP DET NOUN PUNCT,DET NOUN NOUN AUX VERB ADP DET NOUN ADP DET NOUN
contradiction,A child playing with her peers in the school playground.,The children are inside the school reading books.,a child play with her peer in the school playground .,the child be inside the school reading book .,DET NOUN VERB ADP PRON NOUN ADP DET NOUN NOUN PUNCT,DET NOUN AUX ADP DET NOUN NOUN NOUN PUNCT
contradiction,"Six people in water wearing swimming suits, one man with his trucks pulled up above his belly button.",The 6 people are wearing dresses and riding on a train while it is pouring outside.,"six people in water wear swimming suit , one man with his truck pull up above his belly button .",the 6 people be wear dress and rid on a train while it be pour outside .,NUM NOUN ADP NOUN VERB NOUN NOUN PUNCT NUM NOUN ADP PRON NOUN VERB ADP ADP PRON NOUN NOUN PUNCT,DET NUM NOUN AUX VERB NOUN CCONJ VERB ADP DET NOUN SCONJ PRON AUX VERB ADV PUNCT
contradiction,A man dressed in an army uniform next to a person with a green shirt hanging from a pole.,there is a man dressed in a policeman uniform standing next to a person wearing a suspenders hanging from a street lamp,a man dress in an army uniform next to a person with a green shirt hang from a pole .,there be a man dress in a policeman uniform stand next to a person wear a suspender hang from a street lamp,DET NOUN VERB ADP DET NOUN NOUN ADV ADP DET NOUN ADP DET ADJ NOUN VERB ADP DET NOUN PUNCT,PRON AUX DET NOUN VERB ADP DET NOUN NOUN VERB ADV ADP DET NOUN VERB DET NOUN VERB ADP DET NOUN NOUN
contradiction,Busy checkout in a oriental grocery store.,Empty checkout at a mexican store.,busy checkout in a oriental grocery store .,empty checkout at a mexican store .,ADJ NOUN ADP DET ADJ NOUN NOUN PUNCT,ADJ NOUN ADP DET ADJ NOUN PUNCT
contradiction,"5 female soccer players wearing green uniforms, huddled on a field with their yellow-clad coach.",An all male soccer team huddle with the ref on the sidelines.,"5 female soccer player wear green uniform , huddle on a field with their yellow - clothe coach .",an all male soccer team huddle with the ref on the sideline .,NUM ADJ NOUN NOUN VERB ADJ NOUN PUNCT VERB ADP DET NOUN ADP PRON ADJ PUNCT VERB NOUN PUNCT,DET DET ADJ NOUN NOUN VERB ADP DET NOUN ADP DET NOUN PUNCT
contradiction,A surfer in a black wetsuit holding his balance on the crest of a wave as it begins to break around him.,A person is snowmobiling,a surfer in a black wetsuit hold his balance on the crest of a wave as it begin to break around he .,a person be snowmobile,DET NOUN ADP DET ADJ NOUN VERB PRON NOUN ADP DET NOUN ADP DET NOUN ADP PRON VERB PART VERB ADP PRON PUNCT,DET NOUN AUX VERB
contradiction,A man looks at merchandise in a store.,The man is walking out of a store.,a man look at merchandise in a store .,the man be walk out of a store .,DET NOUN VERB ADP NOUN ADP DET NOUN PUNCT,DET NOUN AUX VERB ADP ADP DET NOUN PUNCT
contradiction,Four children gather in front of a fence.,A man drives his car into his driveway.,four child gather in front of a fence .,a man drive his car into his driveway .,NUM NOUN VERB ADP NOUN ADP DET NOUN PUNCT,DET NOUN VERB PRON NOUN ADP PRON NOUN PUNCT
contradiction,Two men are working so hard.,Two older women are talking to each other.,two man be work so hard .,two old woman be talk to each other .,NUM NOUN AUX VERB ADV ADV PUNCT,NUM ADJ NOUN AUX VERB ADP DET ADJ PUNCT
contradiction,Man in orange vest maintains the wall tiles.,A worker is sitting down eating lunch.,man in orange vest maintain the wall tile .,a worker be sit down eat lunch .,NOUN ADP PROPN PROPN VERB DET NOUN NOUN PUNCT,DET NOUN AUX VERB ADP VERB NOUN PUNCT
contradiction,Two people ride the train.,The train is crowded.,two people ride the train .,the train be crowd .,NUM NOUN VERB DET NOUN PUNCT,DET NOUN AUX VERB PUNCT
contradiction,A street musician in a red jacket and sweatpants plays guitar while pedestrians walk past.,A man sells his poetry for money in the subway station.,a street musician in a red jacket and sweatpant play guitar while pedestrian walk past .,a man sell his poetry for money in the subway station .,DET NOUN NOUN ADP DET ADJ NOUN CCONJ NOUN VERB NOUN SCONJ NOUN VERB ADV PUNCT,DET NOUN VERB PRON NOUN ADP NOUN ADP DET NOUN NOUN PUNCT
contradiction,A clown wearing a cowboy hat and a microphone smiles.,A clown wearing a tuxedo and a lightbulb frowns.,a clown wear a cowboy hat and a microphone smile .,a clown wear a tuxedo and a lightbulb frown .,DET NOUN VERB DET NOUN NOUN CCONJ DET NOUN NOUN PUNCT,DET NOUN VERB DET NOUN CCONJ DET NOUN NOUN PUNCT
contradiction,One soccer player in an orange uniform getting hit in the face by a ball kicked by a player in blue.,A player kicks a football and hits his teammate in the face.,one soccer player in an orange uniform get hit in the face by a ball kick by a player in blue .,a player kick a football and hit his teammate in the face .,NUM NOUN NOUN ADP DET ADJ NOUN VERB VERB ADP DET NOUN ADP DET NOUN VERB ADP DET NOUN ADP ADJ PUNCT,DET NOUN VERB DET NOUN CCONJ VERB PRON NOUN ADP DET NOUN PUNCT
contradiction,A woman is hanging her clothing on a clothesline.,The woman is hanging flowers on her front porch.,a woman be hang her clothing on a clothesline .,the woman be hang flower on her front porch .,DET NOUN AUX VERB PRON NOUN ADP DET NOUN PUNCT,DET NOUN AUX VERB NOUN ADP PRON ADJ NOUN PUNCT
contradiction,A man competing in a sport with a horse.,A man is sleeping at home.,a man compete in a sport with a horse .,a man be sleep at home .,DET NOUN VERB ADP DET NOUN ADP DET NOUN PUNCT,DET NOUN AUX VERB ADP NOUN PUNCT
contradiction,A woman in an orange scarf pulls a pack of cigarettes from a carton.,The woman is buying cigarettes from a store.,a woman in an orange scarf pull a pack of cigarette from a carton .,the woman be buy cigarette from a store .,DET NOUN ADP DET ADJ NOUN VERB DET NOUN ADP NOUN ADP DET NOUN PUNCT,DET NOUN AUX VERB NOUN ADP DET NOUN PUNCT
contradiction,Three oriental men are riding on a red moped scooter in the city with many people.,three men are laying on the beach,three oriental man be rid on a red mop scooter in the city with many people .,three man be lay on the beach,NUM ADJ NOUN AUX VERB ADP DET ADJ VERB NOUN ADP DET NOUN ADP ADJ NOUN PUNCT,NUM NOUN AUX VERB ADP DET NOUN
contradiction,Two volleyball girls team both jumping for a double high-five,Girls are dancing.,two volleyball girl team both jump for a double high - five,girl be dance .,NUM NOUN NOUN NOUN DET VERB ADP DET ADJ ADJ PUNCT NUM,NOUN AUX VERB PUNCT
contradiction,Someone wearing a blue shirt is riding a bike with a child's seat on the front of it.,A person is riding a bike with an elephant in the child seat.,someone wear a blue shirt be rid a bike with a child 's seat on the front of it .,a person be rid a bike with an elephant in the child seat .,PRON VERB DET ADJ NOUN AUX VERB DET NOUN ADP DET NOUN PART NOUN ADP DET NOUN ADP PRON PUNCT,DET NOUN AUX VERB DET NOUN ADP DET NOUN ADP DET NOUN NOUN PUNCT
contradiction,"Two little children, one boy and one girl, laugh as they sit on the grass.",The children are inside playing video games.,"two little child , one boy and one girl , laugh as they sit on the grass .",the child be inside play video game .,NUM ADJ NOUN PUNCT NUM NOUN CCONJ NUM NOUN PUNCT VERB ADP PRON VERB ADP DET NOUN PUNCT,DET NOUN AUX ADV VERB NOUN NOUN PUNCT
contradiction,"Two small girls, one in a blue and violet dress, the other in a red striped outfit are painting with red and yellow on a piece of canvas in the street.",Two friends playing,"two small girl , one in a blue and violet dress , the other in a red strip outfit be paint with red and yellow on a piece of canvas in the street .",two friend play,NUM ADJ NOUN PUNCT NUM ADP DET ADJ CCONJ NOUN NOUN PUNCT DET ADJ ADP DET ADJ VERB NOUN AUX VERB ADP ADJ CCONJ ADJ ADP DET NOUN ADP NOUN ADP DET NOUN PUNCT,NUM NOUN VERB
contradiction,A woman in hospital scrubs jumps on the sidewalk as a second woman in hospital scrubs watches.,A man and a woman are standing outside of their office building.,a woman in hospital scrub jump on the sidewalk as a second woman in hospital scrub watch .,a man and a woman be stand outside of their office building .,DET NOUN ADP NOUN NOUN VERB ADP DET NOUN ADP DET ADJ NOUN ADP NOUN NOUN NOUN PUNCT,DET NOUN CCONJ DET NOUN AUX VERB ADV ADP PRON NOUN NOUN PUNCT
contradiction,A man dressed in a yellow sports uniform and another man dressed in a red and white sports uniform holding sticks with a ball floating between them.,Two women fight over a soccer ball on a field in the rain.,a man dress in a yellow sport uniform and another man dress in a red and white sport uniform hold stick with a ball float between they .,two woman fight over a soccer ball on a field in the rain .,DET NOUN VERB ADP DET ADJ NOUN NOUN CCONJ DET NOUN VERB ADP DET ADJ CCONJ ADJ NOUN NOUN VERB NOUN ADP DET NOUN VERB ADP PRON PUNCT,NUM NOUN VERB ADP DET NOUN NOUN ADP DET NOUN ADP DET NOUN PUNCT
contradiction,Person with black hat and black coat near buildings with signs.,A person sunbathes near buildings with signs.,person with black hat and black coat near building with sign .,a person sunbathe near building with sign .,PROPN ADP ADJ NOUN CCONJ ADJ NOUN ADP NOUN ADP NOUN PUNCT,DET NOUN VERB ADP NOUN ADP NOUN PUNCT
contradiction,A woman is standing in front of a counter at a cafe.,a man robs a cafe,a woman be stand in front of a counter at a cafe .,a man rob a cafe,DET NOUN AUX VERB ADP NOUN ADP DET NOUN ADP DET NOUN PUNCT,DET NOUN VERB DET NOUN
contradiction,Woman on four way seesaw with 2 kids.,The kids are running through the park.,woman on four way seesaw with 2 kid .,the kid be run through the park .,NOUN ADP NUM NOUN NOUN ADP NUM NOUN PUNCT,DET NOUN AUX VERB ADP DET NOUN PUNCT
contradiction,A child with goggles and a floaty swimming in a body of water.,A child wearing goggles jumps off a diving board.,a child with goggle and a floaty swim in a body of water .,a child wear goggle jump off a diving board .,DET NOUN ADP NOUN CCONJ DET NOUN VERB ADP DET NOUN ADP NOUN PUNCT,DET NOUN VERB NOUN VERB ADP DET NOUN NOUN PUNCT
contradiction,A man in a yellow shirt and striped pants is sitting at a small table outside.,The man is standing on top of the flagpole.,a man in a yellow shirt and striped pant be sit at a small table outside .,the man be stand on top of the flagpole .,DET NOUN ADP DET ADJ NOUN CCONJ ADJ NOUN AUX VERB ADP DET ADJ NOUN ADV PUNCT,DET NOUN AUX VERB ADP NOUN ADP DET NOUN PUNCT
contradiction,"An african american lady holding numerous items like cups, plate, baskets, etc.",A man walks alone.,"an african american lady hold numerous item like cup , plate , basket , etc .",a man walk alone .,DET ADJ ADJ PROPN VERB ADJ NOUN ADP NOUN PUNCT NOUN PUNCT NOUN PUNCT X PUNCT,DET NOUN VERB ADV PUNCT
contradiction,Group of three men and women in their late 20s watching an older man play guitar in the park.,An old man is playing the flute.,group of three man and woman in their late 20 watch an old man play guitar in the park .,an old man be play the flute .,PROPN ADP NUM NOUN CCONJ NOUN ADP PRON ADJ NOUN VERB DET ADJ NOUN VERB NOUN ADP DET NOUN PUNCT,DET ADJ NOUN AUX VERB DET NOUN PUNCT
contradiction,"Rocks surround the feet of an adventurer, burrowing into an underground cave.",Two ladies watching the scenery in the pool.,"rock surround the foot of an adventurer , burrow into an underground cave .",two lady watch the scenery in the pool .,NOUN VERB DET NOUN ADP DET NOUN PUNCT VERB ADP DET ADJ NOUN PUNCT,NUM NOUN VERB DET NOUN ADP DET NOUN PUNCT
contradiction,A woman is looking over her products.,A woman is giving her products,a woman be look over her product .,a woman be give her product,DET NOUN AUX VERB ADP PRON NOUN PUNCT,DET NOUN AUX VERB PRON NOUN
contradiction,A bicyclist waits to cross a street.,A bicyclist riding down the trail.,a bicyclist wait to cross a street .,a bicyclist rid down the trail .,DET NOUN VERB PART VERB DET NOUN PUNCT,DET NOUN VERB ADP DET NOUN PUNCT
contradiction,Three women look on as two men look at the tire of a bike.,The women are looking at a newspaper,three woman look on as two man look at the tire of a bike .,the woman be look at a newspaper,NUM NOUN VERB ADP ADP NUM NOUN VERB ADP DET NOUN ADP DET NOUN PUNCT,DET NOUN AUX VERB ADP DET NOUN
contradiction,People waiting for train on tiled platform.,People stuck in traffic on the highway.,people wait for train on tile platform .,people stick in traffic on the highway .,NOUN VERB ADP NOUN ADP VERB NOUN PUNCT,NOUN VERB ADP NOUN ADP DET NOUN PUNCT
contradiction,A couple crossing the street at night.,A couple are crossing a river by canoe.,a couple cross the street at night .,a couple be cross a river by canoe .,DET NOUN VERB DET NOUN ADP NOUN PUNCT,DET NOUN AUX VERB DET NOUN ADP PROPN PUNCT
contradiction,A group of soldiers in silhouette against an urban skyline.,Soldiers are inside the dining hall.,a group of soldier in silhouette against an urban skyline .,soldier be inside the dining hall .,DET NOUN ADP NOUN ADP NOUN ADP DET ADJ NOUN PUNCT,NOUN AUX ADP DET NOUN NOUN PUNCT
contradiction,Cabins in winter surrounded by people enjoying the white powder.,People slept in winter.,cabin in winter surround by people enjoy the white powder .,people sleep in winter .,NOUN ADP NOUN VERB ADP NOUN VERB DET ADJ NOUN PUNCT,NOUN VERB ADP NOUN PUNCT
contradiction,A kid is using a touch-screen computer in a retail store.,A kid shooting hoops,a kid be use a touch - screen computer in a retail store .,a kid shooting hoop,DET NOUN AUX VERB DET NOUN PUNCT NOUN NOUN ADP DET ADJ NOUN PUNCT,DET ADJ NOUN NOUN
contradiction,Two kids asleep on a futon.,Two kids are running a marathon.,two kid asleep on a futon .,two kid be run a marathon .,NUM NOUN ADJ ADP DET NOUN PUNCT,NUM NOUN AUX VERB DET NOUN PUNCT
contradiction,An Asian kickboxer is in the middle of kicking his opponent in the ring at a Mohegan Sun casino.,the men are skipping across the casino floor as they just hit the jackpot,an asian kickboxer be in the middle of kick his opponent in the ring at a mohegan sun casino .,the man be skip across the casino floor as they just hit the jackpot,DET ADJ PROPN AUX ADP DET NOUN ADP VERB PRON NOUN ADP DET NOUN ADP DET PROPN PROPN NOUN PUNCT,DET NOUN AUX VERB ADP DET NOUN NOUN ADP PRON ADV VERB DET NOUN
contradiction,"A woman with a blue shirt and blue shorts has her hand on a white taxi, as a boy in a green and white shirt walks beside her.",A boy chases a woman who is stealing his taxi.,"a woman with a blue shirt and blue short have her hand on a white taxi , as a boy in a green and white shirt walk beside she .",a boy chase a woman who be steal his taxi .,DET NOUN ADP DET ADJ NOUN CCONJ ADJ NOUN AUX PRON NOUN ADP DET ADJ NOUN PUNCT ADP DET NOUN ADP DET ADJ CCONJ ADJ NOUN VERB ADP PRON PUNCT,DET NOUN VERB DET NOUN PRON AUX VERB PRON NOUN PUNCT
contradiction,A little girl in a white sweater with polka dots is playing with a wooden tracked train set.,A girl plays with her doll.,a little girl in a white sweater with polka dot be play with a wooden track train set .,a girl play with her doll .,DET ADJ NOUN ADP DET ADJ NOUN ADP NOUN NOUN AUX VERB ADP DET ADJ VERB NOUN NOUN PUNCT,DET NOUN VERB ADP PRON NOUN PUNCT
contradiction,Man checking under the hood of a vintage car in a parade.,man walking around the vintage car in parade,man check under the hood of a vintage car in a parade .,man walk around the vintage car in parade,NOUN VERB ADP DET NOUN ADP DET ADJ NOUN ADP DET NOUN PUNCT,NOUN VERB ADP DET ADJ NOUN ADP NOUN
contradiction,A woman with a black shirt and black scarf looks at the camera while holding a cellphone.,The woman is juggling chainsawas.,a woman with a black shirt and black scarf look at the camera while hold a cellphone .,the woman be juggle chainsawa .,DET NOUN ADP DET ADJ NOUN CCONJ ADJ NOUN NOUN ADP DET NOUN SCONJ VERB DET NOUN PUNCT,DET NOUN AUX VERB VERB PUNCT
contradiction,A half dozen construction workers stand beside a large piece of equipment.,The workers are destroying the tea making equipment.,a half dozen construction worker stand beside a large piece of equipment .,the worker be destroy the tea making equipment .,DET ADJ NOUN NOUN NOUN VERB ADP DET ADJ NOUN ADP NOUN PUNCT,DET NOUN AUX VERB DET NOUN NOUN NOUN PUNCT
contradiction,"The infant has plenty of toys, but attention is drawn to the nearby cat.",The infant is playing with a puppie.,"the infant have plenty of toy , but attention be draw to the nearby cat .",the infant be play with a puppie .,DET NOUN AUX NOUN ADP NOUN PUNCT CCONJ NOUN AUX VERB ADP DET ADJ NOUN PUNCT,DET NOUN AUX VERB ADP DET NOUN PUNCT
contradiction,Two young boys rollerskating with a girl and her mother in the background.,The boys are biking.,two young boy rollerskate with a girl and her mother in the background .,the boy be bike .,NUM ADJ NOUN VERB ADP DET NOUN CCONJ PRON NOUN ADP DET NOUN PUNCT,DET NOUN AUX VERB PUNCT
contradiction,A person on a bike and wearing a helmet rides through a wooded area.,A person on a bike and wearing a helmet rides through an urban area.,a person on a bike and wear a helmet ride through a woode area .,a person on a bike and wear a helmet ride through an urban area .,DET NOUN ADP DET NOUN CCONJ VERB DET NOUN NOUN ADP DET VERB NOUN PUNCT,DET NOUN ADP DET NOUN CCONJ VERB DET NOUN NOUN ADP DET ADJ NOUN PUNCT
contradiction,A baseball player with# 22 on his uniform swings at a ball.,A ball player is pitching on the mound.,a baseball player with # 22 on his uniform swing at a ball .,a ball player be pitch on the mound .,DET NOUN NOUN ADP NOUN NUM ADP PRON ADJ NOUN ADP DET NOUN PUNCT,DET NOUN NOUN AUX VERB ADP DET NOUN PUNCT
contradiction,A young boy with an older man using chalk to draw on the sidewalk.,A young boy with an older woman using chalk to draw on the sidewalk.,a young boy with an old man use chalk to draw on the sidewalk .,a young boy with an old woman use chalk to draw on the sidewalk .,DET ADJ NOUN ADP DET ADJ NOUN VERB NOUN PART VERB ADP DET NOUN PUNCT,DET ADJ NOUN ADP DET ADJ NOUN VERB NOUN PART VERB ADP DET NOUN PUNCT
contradiction,A man shovels snow off of a sidewalk while a child in a red parka walks by.,The man is sitting out in his bathing suit.,a man shovel snow off of a sidewalk while a child in a red parka walk by .,the man be sit out in his bathing suit .,DET NOUN VERB NOUN ADP ADP DET NOUN SCONJ DET NOUN ADP DET ADJ NOUN NOUN ADV PUNCT,DET NOUN AUX VERB ADP ADP PRON NOUN NOUN PUNCT
contradiction,A man in military camouflage is working a shepherd type dog in a grassy area while being observed by others in a parking lot in uniform.,The poodle is being taught a special agility program by the man in the privacy of their backyard.,a man in military camouflage be work a shepherd type dog in a grassy area while be observe by other in a parking lot in uniform .,the poodle be be teach a special agility program by the man in the privacy of their backyard .,DET NOUN ADP ADJ NOUN AUX VERB DET ADJ NOUN NOUN ADP DET ADJ NOUN SCONJ AUX VERB ADP NOUN ADP DET NOUN NOUN ADP NOUN PUNCT,DET NOUN AUX AUX VERB DET ADJ NOUN NOUN ADP DET NOUN ADP DET NOUN ADP PRON NOUN PUNCT
contradiction,Discussing the rainy weather.,The two dogs are talking about the weather.,discuss the rainy weather .,the two dog be talk about the weather .,VERB DET ADJ NOUN PUNCT,DET NUM NOUN AUX VERB ADP DET NOUN PUNCT
contradiction,Three track runners are in the process of crossing the finish line during an Olympic type sporting event.,three women compete in water polo,three track runner be in the process of cross the finish line during an olympic type sporting event .,three woman compete in water polo,NUM NOUN NOUN AUX ADP DET NOUN ADP VERB DET NOUN NOUN ADP DET ADJ NOUN NOUN NOUN PUNCT,NUM NOUN VERB ADP NOUN NOUN
contradiction,A woman in a brown shirt is speaking to someone.,A man is talking to his man.,a woman in a brown shirt be speak to someone .,a man be talk to his man .,DET NOUN ADP DET ADJ NOUN AUX VERB ADP PRON PUNCT,DET NOUN AUX VERB ADP PRON NOUN PUNCT
contradiction,An old man wearing a blue jean jacket is sitting at the counter of a magazine stand,An old man is planning to sleep.,an old man wear a blue jean jacket be sit at the counter of a magazine stand,an old man be plan to sleep .,DET ADJ NOUN VERB DET ADJ NOUN NOUN AUX VERB ADP DET NOUN ADP DET NOUN NOUN,DET ADJ NOUN AUX VERB PART VERB PUNCT
contradiction,Two men in black clothes at a meat market showing a red meat while workers in blue look on.,The meat is chicken.,two man in black clothe at a meat market show a red meat while worker in blue look on .,the meat be chicken .,NUM NOUN ADP ADJ NOUN ADP DET NOUN NOUN VERB DET ADJ NOUN SCONJ NOUN ADP ADJ VERB ADP PUNCT,DET NOUN AUX NOUN PUNCT
contradiction,A dog running with something in its mouth,A dog is currently sleeping,a dog run with something in its mouth,a dog be currently sleep,DET NOUN VERB ADP PRON ADP PRON NOUN,DET NOUN AUX ADV VERB
contradiction,A white man is speaking with two Indian businessmen.,The man is speaking with two young women.,a white man be speak with two indian businessman .,the man be speak with two young woman .,DET ADJ NOUN AUX VERB ADP NUM ADJ NOUN PUNCT,DET NOUN AUX VERB ADP NUM ADJ NOUN PUNCT
contradiction,Little girl on skis,A boy on skis.,little girl on ski,a boy on ski .,ADJ NOUN ADP NOUN,DET NOUN ADP NOUN PUNCT
contradiction,A golden retriever catches a tennis ball in the snow.,A dog is taking a nap.,a golden retriever catch a tennis ball in the snow .,a dog be take a nap .,DET ADJ PROPN VERB DET NOUN NOUN ADP DET NOUN PUNCT,DET NOUN AUX VERB DET NOUN PUNCT
contradiction,A person playing with a black dog outdoors on a snowy lane with trees in the background and blue skies above.,A person is cuddling with his dog near the tv,a person play with a black dog outdoors on a snowy lane with tree in the background and blue sky above .,a person be cuddle with his dog near the tv,DET NOUN VERB ADP DET ADJ NOUN ADV ADP DET ADJ NOUN ADP NOUN ADP DET NOUN CCONJ ADJ NOUN ADV PUNCT,DET NOUN AUX VERB ADP PRON NOUN ADP DET NOUN
contradiction,Young boy using a vacuum cleaner on a rug.,The boy is playing videogames.,young boy use a vacuum cleaner on a rug .,the boy be play videogame .,ADJ NOUN VERB DET NOUN NOUN ADP DET NOUN PUNCT,DET NOUN AUX VERB NOUN PUNCT
contradiction,A man intricately works on clocks under a light.,The man is in the dark asleep.,a man intricately work on clock under a light .,the man be in the dark asleep .,DET NOUN ADV VERB ADP NOUN ADP DET NOUN PUNCT,DET NOUN AUX ADP DET ADJ NOUN PUNCT
contradiction,On a partly cloudy day a clown in red plaid overalls relaxes in the back of his tent.,A clown in the middle of a circus act.,on a partly cloudy day a clown in red plaid overall relax in the back of his tent .,a clown in the middle of a circus act .,ADP DET ADV ADJ NOUN DET NOUN ADP ADJ NOUN NOUN VERB ADP DET NOUN ADP PRON NOUN PUNCT,DET NOUN ADP DET NOUN ADP DET NOUN NOUN PUNCT
contradiction,"A masked steel worker in orange works on a piece of metal, yellow sparks flying.",A worker is eating lunch.,"a mask steel worker in orange work on a piece of metal , yellow spark fly .",a worker be eat lunch .,DET VERB NOUN NOUN ADP PROPN NOUN ADP DET NOUN ADP NOUN PUNCT ADJ NOUN VERB PUNCT,DET NOUN AUX VERB NOUN PUNCT
contradiction,Several people walking past a food cart on a city street.,There is no place to buy food on the street.,several people walk past a food cart on a city street .,there be no place to buy food on the street .,ADJ NOUN VERB ADP DET NOUN NOUN ADP DET NOUN NOUN PUNCT,PRON AUX DET NOUN PART VERB NOUN ADP DET NOUN PUNCT
contradiction,Two men in a laboratory are peering through microscopes to observe slides.,The women were looking throught the microscoe.,two man in a laboratory be peer through microscope to observe slide .,the woman be look throught the microscoe .,NUM NOUN ADP DET NOUN AUX VERB ADP NOUN PART VERB NOUN PUNCT,DET NOUN AUX VERB NOUN DET NOUN PUNCT
contradiction,A man sitting and reading.,The man is standing.,a man sit and reading .,the man be stand .,DET NOUN VERB CCONJ NOUN PUNCT,DET NOUN AUX VERB PUNCT
contradiction,solitary skier nears base of a downhill slope,three skiers on top of a mountain,solitary skier near base of a downhill slope,three skier on top of a mountain,ADJ NOUN VERB NOUN ADP DET ADJ NOUN,NUM NOUN ADP NOUN ADP DET NOUN
contradiction,"A crane, with the letters ""LIEBHERR"" on it, seems to be demolishing a dark gray building with graffiti on it.",The crane is idle with noone controlling it.,"a crane , with the letter "" liebherr "" on it , seem to be demolish a dark gray building with graffiti on it .",the crane be idle with noone control it .,DET NOUN PUNCT ADP DET NOUN PUNCT PROPN PUNCT ADP PRON PUNCT VERB PART AUX VERB DET ADJ ADJ NOUN ADP PROPN ADP PRON PUNCT,DET NOUN AUX ADJ ADP NOUN VERB PRON PUNCT
contradiction,a girl in red pants riding on a moped.,the girls is naked on the mpoed,a girl in red pant rid on a moped .,the girl be naked on the mpoed,DET NOUN ADP ADJ NOUN VERB ADP DET NOUN PUNCT,DET NOUN AUX ADJ ADP DET NOUN
contradiction,A woman and a man cutting dough into small pieces.,A man and a woman are cutting up vegetables.,a woman and a man cut dough into small piece .,a man and a woman be cut up vegetable .,DET NOUN CCONJ DET NOUN VERB NOUN ADP ADJ NOUN PUNCT,DET NOUN CCONJ DET NOUN AUX VERB ADP NOUN PUNCT
contradiction,A young Asian man and woman seated in front of the steps of a small business smoking cigarettes.,The man and woman are standing.,a young asian man and woman seat in front of the step of a small business smoking cigarette .,the man and woman be stand .,DET ADJ ADJ NOUN CCONJ NOUN VERB ADP NOUN ADP DET NOUN ADP DET ADJ NOUN NOUN NOUN PUNCT,DET NOUN CCONJ NOUN AUX VERB PUNCT
contradiction,A doctor and is staff is operating on a patient.,A doctor is eating on top of a patient.,a doctor and be staff be operate on a patient .,a doctor be eat on top of a patient .,DET NOUN CCONJ AUX NOUN AUX VERB ADP DET NOUN PUNCT,DET NOUN AUX VERB ADP NOUN ADP DET NOUN PUNCT
contradiction,"Two children, one boy and one girl, sitting in a garden behind a bean fence.","Two children, both boys, sitting in a garden behind a bean fence.","two child , one boy and one girl , sit in a garden behind a bean fence .","two child , both boy , sit in a garden behind a bean fence .",NUM NOUN PUNCT NUM NOUN CCONJ NUM NOUN PUNCT VERB ADP DET NOUN ADP DET NOUN NOUN PUNCT,NUM NOUN PUNCT DET NOUN PUNCT VERB ADP DET NOUN ADP DET NOUN NOUN PUNCT
contradiction,Woman in colorful shirt works at sewing machine.,The woman is wearing all black.,woman in colorful shirt work at sewing machine .,the woman be wear all black .,NOUN ADP ADJ NOUN VERB ADP NOUN NOUN PUNCT,DET NOUN AUX VERB DET ADJ PUNCT
contradiction,A hiker stands on a hill looking into the distance.,they hated each other,a hiker stand on a hill look into the distance .,they hat each other,DET NOUN VERB ADP DET NOUN VERB ADP DET NOUN PUNCT,PRON VERB DET ADJ
contradiction,"A group of men pose for a picture, all in orange reflective vests.",A group of men are asleep in their quarters.,"a group of man pose for a picture , all in orange reflective vest .",a group of man be asleep in their quarter .,DET NOUN ADP NOUN VERB ADP DET NOUN PUNCT DET ADP ADJ ADJ NOUN PUNCT,DET NOUN ADP NOUN AUX ADJ ADP PRON NOUN PUNCT
contradiction,View past a microphone to an out-of-focus guitar player.,A man throws a guitar at the camera.,view past a microphone to an out - of - focus guitar player .,a man throw a guitar at the camera .,VERB ADP DET NOUN ADP DET ADJ PUNCT ADP PUNCT NOUN NOUN NOUN PUNCT,DET NOUN VERB DET NOUN ADP DET NOUN PUNCT
contradiction,Two dogs are chasing each other on green grass.,The cats are fighting over a stick,two dog be chase each other on green grass .,the cat be fight over a stick,NUM NOUN AUX VERB DET ADJ ADP ADJ NOUN PUNCT,DET NOUN AUX VERB ADP DET NOUN
contradiction,A man riding a cart pulled by a donkey.,The donkey and the man are walking side by side,a man rid a cart pull by a donkey .,the donkey and the man be walk side by side,DET NOUN VERB DET NOUN VERB ADP DET NOUN PUNCT,DET NOUN CCONJ DET NOUN AUX VERB NOUN ADP NOUN
contradiction,"A woman in a purple sweater stands with her arms folded beside several pieces of luggage while two other women stand beside her, looking in her direction.",There is a woman sitting next to several pieces of luggage.,"a woman in a purple sweater stand with her arm fold beside several piece of luggage while two other woman stand beside she , look in her direction .",there be a woman sit next to several piece of luggage .,DET NOUN ADP DET ADJ NOUN VERB ADP PRON NOUN VERB ADP ADJ NOUN ADP NOUN SCONJ NUM ADJ NOUN VERB ADP PRON PUNCT VERB ADP PRON NOUN PUNCT,PRON AUX DET NOUN VERB ADV ADP ADJ NOUN ADP NOUN PUNCT
contradiction,An elderly Asian man is wearing a colorful hat and sitting in a chair.,A man playing tennis,an elderly asian man be wear a colorful hat and sit in a chair .,a man play tennis,DET ADJ ADJ NOUN AUX VERB DET ADJ NOUN CCONJ VERB ADP DET NOUN PUNCT,DET NOUN VERB NOUN
contradiction,A Dancer at Mardi Gras parade,A woman is dressed as an elf at a Christmas parade.,a dancer at mardi gras parade,a woman be dress as an elf at a christmas parade .,DET PROPN ADP PROPN PROPN NOUN,DET NOUN AUX VERB ADP DET NOUN ADP DET PROPN NOUN PUNCT
contradiction,A dog leaps on the sandy beach.,The lion chases birds on the beach shore.,a dog leap on the sandy beach .,the lion chase bird on the beach shore .,DET NOUN NOUN ADP DET ADJ NOUN PUNCT,DET NOUN VERB NOUN ADP DET NOUN NOUN PUNCT
contradiction,Four boys play in the mud.,Four boys are sitting at a table.,four boy play in the mud .,four boy be sit at a table .,NUM NOUN VERB ADP DET NOUN PUNCT,NUM NOUN AUX VERB ADP DET NOUN PUNCT
contradiction,An old man wearing a red suit stands in a large social gathering.,The man is 10 years old,an old man wear a red suit stand in a large social gathering .,the man be 10 year old,DET ADJ NOUN VERB DET ADJ NOUN VERB ADP DET ADJ ADJ NOUN PUNCT,DET NOUN AUX NUM NOUN ADJ
contradiction,This man is smiling very big at the camera.,The man is yelling at the camera.,this man be smile very big at the camera .,the man be yell at the camera .,DET NOUN AUX VERB ADV ADJ ADP DET NOUN PUNCT,DET NOUN AUX VERB ADP DET NOUN PUNCT
contradiction,A woman addressing a diverse group of people standing in the street.,A woman is laying down in the street.,a woman address a diverse group of people stand in the street .,a woman be lay down in the street .,DET NOUN VERB DET ADJ NOUN ADP NOUN VERB ADP DET NOUN PUNCT,DET NOUN AUX VERB ADP ADP DET NOUN PUNCT
contradiction,three boys play with a football near a volleyball net at the beach.,Three boys are playing with a baseball in a field.,three boy play with a football near a volleyball net at the beach .,three boy be play with a baseball in a field .,NUM NOUN VERB ADP DET NOUN ADP DET NOUN NOUN ADP DET NOUN PUNCT,NUM NOUN AUX VERB ADP DET NOUN ADP DET NOUN PUNCT
contradiction,A man wearing a black hat is walking through a busy city street.,the man is visiing the country and milking cows,a man wear a black hat be walk through a busy city street .,the man be visie the country and milking cow,DET NOUN VERB DET ADJ NOUN AUX VERB ADP DET ADJ NOUN NOUN PUNCT,DET NOUN AUX VERB DET NOUN CCONJ NOUN NOUN
contradiction,A young cheerleader is performing with a her squad during a game.,The game the cheerleaders are performing for is over.,a young cheerleader be perform with a her squad during a game .,the game the cheerleader be perform for be over .,DET ADJ NOUN AUX VERB ADP DET PRON NOUN ADP DET NOUN PUNCT,DET NOUN DET NOUN AUX VERB ADP AUX ADV PUNCT
contradiction,A man in a red shirt grabbing a top hat while standing on a rope with 6 other people looking on.,the 6 men are all crossing the rope at the same time,a man in a red shirt grab a top hat while stand on a rope with 6 other people look on .,the 6 man be all cross the rope at the same time,DET NOUN ADP DET ADJ NOUN VERB DET ADJ NOUN SCONJ VERB ADP DET NOUN ADP NUM ADJ NOUN VERB ADP PUNCT,DET NUM NOUN AUX DET VERB DET NOUN ADP DET ADJ NOUN
contradiction,Men in a busy restaurant observe decorations.,Two ladies in an empty restauarant are observing the decorations.,man in a busy restaurant observe decoration .,two lady in an empty restauarant be observe the decoration .,NOUN ADP DET ADJ NOUN NOUN NOUN PUNCT,NUM NOUN ADP DET ADJ NOUN AUX VERB DET NOUN PUNCT
contradiction,There are shadows of two people sitting in front of a lighted sculpture.,the people are standing,there be shadow of two people sit in front of a light sculpture .,the people be stand,PRON AUX NOUN ADP NUM NOUN VERB ADP NOUN ADP DET VERB NOUN PUNCT,DET NOUN AUX VERB
contradiction,Two women in black hats stand on the street.,Two women sit on the steps of their apartment building.,two woman in black hat stand on the street .,two woman sit on the step of their apartment building .,NUM NOUN ADP ADJ NOUN VERB ADP DET NOUN PUNCT,NUM NOUN VERB ADP DET NOUN ADP PRON NOUN NOUN PUNCT
contradiction,A man and woman are having a discussion while military members look on.,There is a beach ball on the sand.,a man and woman be have a discussion while military member look on .,there be a beach ball on the sand .,DET NOUN CCONJ NOUN AUX VERB DET NOUN SCONJ ADJ NOUN VERB ADP PUNCT,PRON AUX DET NOUN NOUN ADP DET NOUN PUNCT
contradiction,A girl in a yellow top is paddling a wooden boat past a wooden jetty.,a boy is paddling a wooden boat,a girl in a yellow top be paddle a wooden boat past a wooden jetty .,a boy be paddle a wooden boat,DET NOUN ADP DET ADJ NOUN AUX VERB DET ADJ NOUN ADP DET ADJ NOUN PUNCT,DET NOUN AUX VERB DET ADJ NOUN
contradiction,Hooded women are walking down a hill.,"The woman are all wearing bikinis, soaking up the Sun's warm rays on the hot beach.",hooded woman be walk down a hill .,"the woman be all wear bikini , soak up the sun 's warm ray on the hot beach .",ADJ NOUN AUX VERB ADP DET NOUN PUNCT,DET NOUN AUX DET VERB NOUN PUNCT VERB ADP DET PROPN PART ADJ NOUN ADP DET ADJ NOUN PUNCT
contradiction,"A child stands in front of the Palestinian flag, appearing to speak to someone off-camera.",An adult sits behind a flag not talking to anyone.,"a child stand in front of the palestinian flag , appear to speak to someone off - camera .",an adult sit behind a flag not talk to anyone .,DET NOUN VERB ADP NOUN ADP DET ADJ NOUN PUNCT VERB PART VERB ADP PRON ADP PUNCT NOUN PUNCT,DET NOUN VERB ADP DET NOUN PART VERB ADP PRON PUNCT
contradiction,A baby in a polka dot bib is not happy eating his soup.,the baby is happy eating soup,a baby in a polka dot bib be not happy eat his soup .,the baby be happy eat soup,DET NOUN ADP DET NOUN NOUN NOUN AUX PART ADJ VERB PRON NOUN PUNCT,DET NOUN AUX ADJ VERB NOUN
contradiction,A Ukrainian dancer kicks up his heels.,A woman checks into a hotel.,a ukrainian dancer kick up his heel .,a woman check into a hotel .,DET ADJ NOUN VERB ADP PRON NOUN PUNCT,DET NOUN VERB ADP DET NOUN PUNCT
contradiction,A little boy is standing on a peer next to a boat.,A boy is driving a car.,a little boy be stand on a peer next to a boat .,a boy be drive a car .,DET ADJ NOUN AUX VERB ADP DET NOUN ADV ADP DET NOUN PUNCT,DET NOUN AUX VERB DET NOUN PUNCT
contradiction,The children take a crack at rock climbing.,Children are sitting outside.,the child take a crack at rock climbing .,child be sit outside .,DET NOUN VERB DET NOUN ADP NOUN NOUN PUNCT,NOUN AUX VERB ADV PUNCT
contradiction,"Two females are playing rugby on a field, one with a blue uniform and one with a white uniform.",Two female rugby sit out from the game,"two female be play rugby on a field , one with a blue uniform and one with a white uniform .",two female rugby sit out from the game,NUM NOUN AUX VERB NOUN ADP DET NOUN PUNCT NUM ADP DET ADJ NOUN CCONJ NUM ADP DET ADJ NOUN PUNCT,NUM ADJ NOUN VERB ADP ADP DET NOUN
contradiction,"Men, women and children dance at a party.",Some people are crying at a funeral.,"man , woman and child dance at a party .",some people be cry at a funeral .,NOUN PUNCT NOUN CCONJ NOUN VERB ADP DET NOUN PUNCT,DET NOUN AUX VERB ADP DET NOUN PUNCT
contradiction,A man is walking in the shade of a market.,the man is driving,a man be walk in the shade of a market .,the man be drive,DET NOUN AUX VERB ADP DET NOUN ADP DET NOUN PUNCT,DET NOUN AUX VERB
contradiction,A woman sits on a train and reads intently.,A woman walking to her plane.,a woman sit on a train and read intently .,a woman walk to her plane .,DET NOUN VERB ADP DET NOUN CCONJ VERB ADV PUNCT,DET NOUN VERB ADP PRON NOUN PUNCT
contradiction,People gathered on the street smiling and waving.,the street was closed all day so no one could walk down it,people gather on the street smile and wave .,the street be close all day so no one could walk down it,NOUN VERB ADP DET NOUN VERB CCONJ VERB PUNCT,DET NOUN AUX VERB DET NOUN ADV DET PRON AUX VERB ADP PRON
contradiction,A little girl with blond-hair dressed in a black tank top and a skirt watering outdoor plants with a hose.,The little girl is sitting on her couch.,a little girl with blond - hair dress in a black tank top and a skirt watering outdoor plant with a hose .,the little girl be sit on her couch .,DET ADJ NOUN ADP NOUN PUNCT NOUN VERB ADP DET ADJ NOUN NOUN CCONJ DET NOUN NOUN ADJ NOUN ADP DET NOUN PUNCT,DET ADJ NOUN AUX VERB ADP PRON NOUN PUNCT
contradiction,People holding onto ropes while trying to get something through a window on the second floor.,People climbing ropes through a second story window,people hold onto rope while try to get something through a window on the second floor .,people climb rope through a second story window,NOUN VERB ADP NOUN SCONJ VERB PART VERB PRON ADP DET NOUN ADP DET ADJ NOUN PUNCT,NOUN VERB NOUN ADP DET ADJ NOUN NOUN
contradiction,A woman is sitting on some steps and relaxing with her eyes closed.,She is lying on the massage table,a woman be sit on some step and relax with her eye close .,she be lie on the massage table,DET NOUN AUX VERB ADP DET NOUN CCONJ VERB ADP PRON NOUN VERB PUNCT,PRON AUX VERB ADP DET NOUN NOUN
contradiction,A boy in a green shirt running in the sand.,The boy is sitting on the beach digging in the sand.,a boy in a green shirt run in the sand .,the boy be sit on the beach digging in the sand .,DET NOUN ADP DET ADJ NOUN VERB ADP DET NOUN PUNCT,DET NOUN AUX VERB ADP DET NOUN NOUN ADP DET NOUN PUNCT
contradiction,people fixing the side of a building.,People are rapelling down the side of a building.,people fix the side of a building .,people be rapelle down the side of a building .,NOUN VERB DET NOUN ADP DET NOUN PUNCT,NOUN AUX VERB ADP DET NOUN ADP DET NOUN PUNCT
contradiction,A girl is winding up to throw a softball.,A boy with a balloon.,a girl be wind up to throw a softball .,a boy with a balloon .,DET NOUN AUX VERB ADP PART VERB DET NOUN PUNCT,DET NOUN ADP DET NOUN PUNCT
contradiction,Three children run on the walkway by the river.,There is nobody by the river.,three child run on the walkway by the river .,there be nobody by the river .,NUM NOUN VERB ADP DET NOUN ADP DET NOUN PUNCT,PRON AUX PRON ADP DET NOUN PUNCT
contradiction,A woman in a gray dress is preparing pineapples.,A woman is preparing to wear pineapples as party dresses.,a woman in a gray dress be prepare pineapple .,a woman be prepare to wear pineapple as party dress .,DET NOUN ADP DET ADJ NOUN AUX VERB NOUN PUNCT,DET NOUN AUX VERB PART VERB NOUN ADP NOUN NOUN PUNCT
contradiction,A brown dog walks on top of a felled tree trunk.,The dog walks across the concrete bridge.,a brown dog walk on top of a felled tree trunk .,the dog walk across the concrete bridge .,DET ADJ NOUN VERB ADP NOUN ADP DET ADJ NOUN NOUN PUNCT,DET NOUN VERB ADP DET ADJ NOUN PUNCT
contradiction,A young African american boy with red pants standing in front of a house.,A young African american boy sits at school.,a young african american boy with red pant stand in front of a house .,a young african american boy sit at school .,DET ADJ ADJ ADJ NOUN ADP ADJ NOUN VERB ADP NOUN ADP DET NOUN PUNCT,DET ADJ ADJ ADJ NOUN VERB ADP NOUN PUNCT
contradiction,"Attractive woman, Roller derby team ""Roller Girls"" stares, while fixing her shirt and holding a bag.",A woman is naked.,"attractive woman , roller derby team "" roller girl "" stare , while fix her shirt and hold a bag .",a woman be naked .,ADJ NOUN PUNCT PROPN NOUN NOUN PUNCT PROPN NOUN PUNCT NOUN PUNCT SCONJ VERB PRON NOUN CCONJ VERB DET NOUN PUNCT,DET NOUN AUX ADJ PUNCT
contradiction,Students investigate photos up close in class.,The students are blind.,student investigate photo up close in class .,the student be blind .,NOUN VERB NOUN ADP ADV ADP NOUN PUNCT,DET NOUN AUX ADJ PUNCT
contradiction,A little boy holds a bat in the air waiting on the ball.,A boy scout rubs to sticks together.,a little boy hold a bat in the air wait on the ball .,a boy scout rub to stick together .,DET ADJ NOUN VERB DET NOUN ADP DET NOUN VERB ADP DET NOUN PUNCT,DET NOUN NOUN NOUN ADP NOUN ADV PUNCT
contradiction,African American woman in a blue coat walks with her blue cart.,She is about to cross the finish line competing at an Olympic sprinting competition.,african american woman in a blue coat walk with her blue cart .,she be about to cross the finish line compete at an olympic sprinting competition .,ADJ ADJ NOUN ADP DET ADJ NOUN VERB ADP PRON ADJ NOUN PUNCT,PRON AUX ADJ PART VERB DET NOUN NOUN VERB ADP DET ADJ NOUN NOUN PUNCT
contradiction,a man in a yellow shirt training a black poodle,A man in a red shirt is training a golden retriever.,a man in a yellow shirt train a black poodle,a man in a red shirt be train a golden retriever .,DET NOUN ADP DET ADJ NOUN VERB DET ADJ NOUN,DET NOUN ADP DET ADJ NOUN AUX VERB DET ADJ NOUN PUNCT
contradiction,Two men are on a police boat.,The men are swimming by the police boat.,two man be on a police boat .,the man be swim by the police boat .,NUM NOUN AUX ADP DET NOUN NOUN PUNCT,DET NOUN AUX VERB ADP DET NOUN NOUN PUNCT
contradiction,A man climbing the side of a cliff.,The man is riding a bike,a man climb the side of a cliff .,the man be rid a bike,DET NOUN VERB DET NOUN ADP DET NOUN PUNCT,DET NOUN AUX VERB DET NOUN
contradiction,A little boy in a swimming pool.,A dog is swimming in a pool,a little boy in a swimming pool .,a dog be swim in a pool,DET ADJ NOUN ADP DET NOUN NOUN PUNCT,DET NOUN AUX VERB ADP DET NOUN
contradiction,A young girl in a yellow tank top holding a piece of a blue pinata.,A tank drives over the blue Pinto.,a young girl in a yellow tank top hold a piece of a blue pinata .,a tank drive over the blue pinto .,DET ADJ NOUN ADP DET ADJ NOUN NOUN VERB DET NOUN ADP DET ADJ NOUN PUNCT,DET NOUN VERB ADP DET ADJ PROPN PUNCT
contradiction,Two people riding their bicycles down a dirt road.,The bikers are riding stationary bikes in a gym.,two people rid their bicycle down a dirt road .,the biker be rid stationary bike in a gym .,NUM NOUN VERB PRON NOUN ADP DET NOUN NOUN PUNCT,DET NOUN AUX VERB ADJ NOUN ADP DET NOUN PUNCT
contradiction,a gymnast in a blue leotard is doing a handstand on the workout floor.,The individual is sleeping.,a gymnast in a blue leotard be do a handstand on the workout floor .,the individual be sleep .,DET NOUN ADP DET ADJ NOUN AUX VERB DET NOUN ADP DET NOUN NOUN PUNCT,DET NOUN AUX VERB PUNCT
contradiction,A child gets dental care from a dentist as the another health professional holds his hand.,a vet performs surgery on a puppy,a child get dental care from a dentist as the another health professional hold his hand .,a vet perform surgery on a puppy,DET NOUN VERB ADJ NOUN ADP DET NOUN ADP DET DET NOUN NOUN VERB PRON NOUN PUNCT,DET NOUN VERB NOUN ADP DET NOUN
contradiction,A bull terrier terrorizes an old tire in the sand.,The dog is a poodle.,a bull terrier terrorize an old tire in the sand .,the dog be a poodle .,DET NOUN NOUN VERB DET ADJ NOUN ADP DET NOUN PUNCT,DET NOUN AUX DET NOUN PUNCT
contradiction,Man tickling two twin girls.,the mom played with the twin boys,man tickle two twin girl .,the mom play with the twin boy,NOUN VERB NUM ADJ NOUN PUNCT,DET NOUN VERB ADP DET ADJ NOUN
contradiction,Cute little boy in an army shirt blowing a kiss at a small lizard.,The guy in the army shirt spit on the lizard.,cute little boy in an army shirt blow a kiss at a small lizard .,the guy in the army shirt spit on the lizard .,ADJ ADJ NOUN ADP DET NOUN NOUN VERB DET NOUN ADP DET ADJ NOUN PUNCT,DET NOUN ADP DET NOUN NOUN VERB ADP DET NOUN PUNCT
contradiction,Two men are giving shoeshines in an outdoor setting.,Two people relaxing after work.,two man be give shoeshine in an outdoor setting .,two people relax after work .,NUM NOUN AUX VERB NOUN ADP DET ADJ NOUN PUNCT,NUM NOUN VERB ADP NOUN PUNCT
contradiction,Smiling woman in white sunglasses is holding clear plastic cup.,The woman is crying,smile woman in white sunglass be hold clear plastic cup .,the woman be cry,VERB NOUN ADP ADJ NOUN AUX VERB ADJ ADJ NOUN PUNCT,DET NOUN AUX VERB
contradiction,A couple are walking their dog.,A herd of cows crossing a stream.,a couple be walk their dog .,a herd of cow cross a stream .,DET NOUN AUX VERB PRON NOUN PUNCT,DET NOUN ADP NOUN VERB DET NOUN PUNCT
contradiction,A retail professional pauses while interacting with customers.,A retail salesman is at the bar with his friends.,a retail professional pause while interact with customer .,a retail salesman be at the bar with his friend .,DET ADJ ADJ NOUN SCONJ VERB ADP NOUN PUNCT,DET ADJ NOUN AUX ADP DET NOUN ADP PRON NOUN PUNCT
contradiction,A man stands in a crowd holding a white object.,A man eating dinner.,a man stand in a crowd hold a white object .,a man eat dinner .,DET NOUN VERB ADP DET NOUN VERB DET ADJ NOUN PUNCT,DET NOUN VERB NOUN PUNCT
contradiction,man in a green hat sites on a green bench with snacks.,A man is feeding pigeons while sitting on a bench.,man in a green hat site on a green bench with snack .,a man be feed pigeon while sit on a bench .,NOUN ADP DET ADJ NOUN NOUN ADP DET ADJ NOUN ADP NOUN PUNCT,DET NOUN AUX VERB NOUN SCONJ VERB ADP DET NOUN PUNCT
contradiction,A person has dental work done at the hands of a man and a woman.,engineers are preparing the plan.,a person have dental work do at the hand of a man and a woman .,engineer be prepare the plan .,DET NOUN AUX ADJ NOUN VERB ADP DET NOUN ADP DET NOUN CCONJ DET NOUN PUNCT,NOUN AUX VERB DET NOUN PUNCT
contradiction,A man talking to a woman who is pushing a baby stroller.,The man is pushing the baby stroller.,a man talk to a woman who be push a baby stroller .,the man be push the baby stroller .,DET NOUN VERB ADP DET NOUN PRON AUX VERB DET NOUN NOUN PUNCT,DET NOUN AUX VERB DET NOUN NOUN PUNCT
contradiction,"A group of people, some in hard hats, are looking at something.",People are walking along the beach.,"a group of people , some in hard hat , be look at something .",people be walk along the beach .,DET NOUN ADP NOUN PUNCT DET ADP ADJ NOUN PUNCT AUX VERB ADP PRON PUNCT,NOUN AUX VERB ADP DET NOUN PUNCT
contradiction,Three people are near an airport window with their luggage,The people are walking their dogs.,three people be near an airport window with their luggage,the people be walk their dog .,NUM NOUN AUX ADP DET NOUN NOUN ADP PRON NOUN,DET NOUN AUX VERB PRON NOUN PUNCT
contradiction,A bass player in a red shirt is playing while smoking a cigarette.,A lead singer is drinking alcohol.,a bass player in a red shirt be play while smoke a cigarette .,a lead singer be drink alcohol .,DET NOUN NOUN ADP DET ADJ NOUN AUX VERB SCONJ VERB DET NOUN PUNCT,DET NOUN NOUN AUX VERB NOUN PUNCT
contradiction,A bright market in a far eastern country is displayed with a line of bikes while people walk by.,A small marketplace in Mexico has lots of sombreros lined up.,a bright market in a far eastern country be display with a line of bike while people walk by .,a small marketplace in mexico have lot of sombrero line up .,DET ADJ NOUN ADP DET ADV ADJ NOUN AUX VERB ADP DET NOUN ADP NOUN SCONJ NOUN VERB ADP PUNCT,DET ADJ NOUN ADP PROPN AUX NOUN ADP NOUN VERB ADP PUNCT
contradiction,"An African-American man wearing a purple shirt, white shoes and blue jeans is playing a saxophone while standing inside of a building which has many archways and a red and gray tiled floor.",A man is driving a car.,"an african - american man wear a purple shirt , white shoe and blue jean be play a saxophone while stand inside of a building which have many archway and a red and gray tiled floor .",a man be drive a car .,DET ADJ PUNCT ADJ NOUN VERB DET ADJ NOUN PUNCT ADJ NOUN CCONJ ADJ NOUN AUX VERB DET NOUN SCONJ VERB ADV ADP DET NOUN DET AUX ADJ NOUN CCONJ DET ADJ CCONJ ADJ ADJ NOUN PUNCT,DET NOUN AUX VERB DET NOUN PUNCT
contradiction,People walking down the street and past an open bus.,People on the bus use make shit fans to cool themselves after the air conditioning system failed.,people walk down the street and past an open bus .,people on the bus use make shit fan to cool themselves after the air conditioning system fail .,NOUN VERB ADP DET NOUN CCONJ ADP DET ADJ NOUN PUNCT,NOUN ADP DET NOUN NOUN VERB NOUN NOUN PART VERB PRON ADP DET NOUN NOUN NOUN VERB PUNCT
contradiction,A man wearing an orange shirt is working in a mud hole,A man works on an electric pole in the air.,a man wear an orange shirt be work in a mud hole,a man work on an electric pole in the air .,DET NOUN VERB DET ADJ NOUN AUX VERB ADP DET NOUN NOUN,DET NOUN VERB ADP DET ADJ NOUN ADP DET NOUN PUNCT
contradiction,The black dog emerges from the water having collected an object in his teeth.,A black dog is sitting on a dog bed.,the black dog emerge from the water have collect an object in his tooth .,a black dog be sit on a dog bed .,DET ADJ NOUN VERB ADP DET NOUN VERB VERB DET NOUN ADP PRON NOUN PUNCT,DET ADJ NOUN AUX VERB ADP DET NOUN NOUN PUNCT
contradiction,A line of six children in bathing suits prepare to leap into a swimming pool.,The children are wearing snow suits.,a line of six child in bathing suit prepare to leap into a swimming pool .,the child be wear snow suit .,DET NOUN ADP NUM NOUN ADP NOUN NOUN VERB PART VERB ADP DET NOUN NOUN PUNCT,DET NOUN AUX VERB NOUN NOUN PUNCT
contradiction,Food is prepared in an open air market.,The food is prepared at a restaurant.,food be prepare in an open air market .,the food be prepare at a restaurant .,NOUN AUX VERB ADP DET ADJ NOUN NOUN PUNCT,DET NOUN AUX VERB ADP DET NOUN PUNCT
contradiction,The journey is temporarily delayed by mechanical malfunctions.,The journey is delayed because of a hurricane.,the journey be temporarily delay by mechanical malfunction .,the journey be delay because of a hurricane .,DET NOUN AUX ADV VERB ADP ADJ NOUN PUNCT,DET NOUN AUX VERB SCONJ ADP DET NOUN PUNCT
contradiction,Three people sit at their laptops inside a coffee shop.,Three people are sitting at a movie theater.,three people sit at their laptop inside a coffee shop .,three people be sit at a movie theater .,NUM NOUN VERB ADP PRON NOUN ADP DET NOUN NOUN PUNCT,NUM NOUN AUX VERB ADP DET NOUN NOUN PUNCT
contradiction,A man in work clothes is holding a chain.,a guy and a horse,a man in work clothe be hold a chain .,a guy and a horse,DET NOUN ADP NOUN NOUN AUX VERB DET NOUN PUNCT,DET NOUN CCONJ DET NOUN
contradiction,A dog runs with a yellow toy in its mouth.,A dog is sleep.,a dog run with a yellow toy in its mouth .,a dog be sleep .,DET NOUN VERB ADP DET ADJ NOUN ADP PRON NOUN PUNCT,DET NOUN AUX NOUN PUNCT
contradiction,Three women are taking pictures from a cliff.,The woman are drawing pictures while they sit at easels they set up.,three woman be take picture from a cliff .,the woman be draw picture while they sit at easel they set up .,NUM NOUN AUX VERB NOUN ADP DET NOUN PUNCT,DET NOUN AUX VERB NOUN SCONJ PRON VERB ADP NOUN PRON VERB ADP PUNCT
contradiction,Two professional businessmen having a conversation.,Two business men stand near each other not talking.,two professional businessman have a conversation .,two business man stand near each other not talk .,NUM ADJ NOUN VERB DET NOUN PUNCT,NUM NOUN NOUN VERB ADP DET ADJ PART VERB PUNCT
contradiction,A young man in a blue jersey riding a yellow dirt bike appears to be riding it around a corner in the midst of a race.,The boy is watching tv,a young man in a blue jersey rid a yellow dirt bike appear to be rid it around a corner in the midst of a race .,the boy be watch tv,DET ADJ NOUN ADP DET PROPN PROPN VERB DET ADJ NOUN NOUN VERB PART AUX VERB PRON ADP DET NOUN ADP DET NOUN ADP DET NOUN PUNCT,DET NOUN AUX VERB NOUN
contradiction,A man and a woman are sitting on the grass.,A man and a woman are playing frisbee.,a man and a woman be sit on the grass .,a man and a woman be play frisbee .,DET NOUN CCONJ DET NOUN AUX VERB ADP DET NOUN PUNCT,DET NOUN CCONJ DET NOUN AUX VERB NOUN PUNCT
contradiction,"People are acting the ""Passion of Christ"".",They are jewish,"people be act the "" passion of christ "" .",they be jewish,NOUN AUX VERB DET PUNCT PROPN ADP PROPN PUNCT PUNCT,PRON AUX ADJ
contradiction,"A woman in jeans, sneaker, and sneakers walking down a sidewalk while messaging.",A woman is not wearing shoes.,"a woman in jean , sneaker , and sneaker walk down a sidewalk while message .",a woman be not wear shoe .,DET NOUN ADP NOUN PUNCT NOUN PUNCT CCONJ NOUN VERB ADP DET NOUN SCONJ VERB PUNCT,DET NOUN AUX PART VERB NOUN PUNCT
contradiction,A blond boy in a brown sweater pains on a colorful umbrella.,A blond boy in a brown sweater is destroying an umbrella,a blond boy in a brown sweater pain on a colorful umbrella .,a blond boy in a brown sweater be destroy an umbrella,DET ADJ NOUN ADP DET ADJ NOUN NOUN ADP DET ADJ NOUN PUNCT,DET ADJ NOUN ADP DET ADJ NOUN AUX VERB DET NOUN
contradiction,"A person with blond-hair stands on their head while two other people, also standing on their heads, are in the background.","Three people are standing normally, smiling at the camera.","a person with blond - hair stand on their head while two other people , also stand on their head , be in the background .","three people be stand normally , smile at the camera .",DET NOUN ADP NOUN PUNCT NOUN VERB ADP PRON NOUN SCONJ NUM ADJ NOUN PUNCT ADV VERB ADP PRON NOUN PUNCT AUX ADP DET NOUN PUNCT,NUM NOUN AUX VERB ADV PUNCT VERB ADP DET NOUN PUNCT
contradiction,A young guy and girl with arms around each other as they enter an establishment.,cow runs from man,a young guy and girl with arm around each other as they enter an establishment .,cow run from man,DET ADJ NOUN CCONJ NOUN ADP NOUN ADP DET ADJ ADP PRON VERB DET NOUN PUNCT,NOUN VERB ADP NOUN
contradiction,A young girl wears a butterfly costume.,A young girl is wearing pajamas.,a young girl wear a butterfly costume .,a young girl be wear pajama .,DET ADJ NOUN VERB DET NOUN NOUN PUNCT,DET ADJ NOUN AUX VERB NOUN PUNCT
contradiction,Two young ladies are sitting on a small be in skimpy dresses.,two dogs chase cars,two young lady be sit on a small be in skimpy dress .,two dog chase car,NUM ADJ NOUN AUX VERB ADP DET ADJ AUX ADP ADJ NOUN PUNCT,NUM NOUN NOUN NOUN
contradiction,A man throwing a green ball in front of a group of people.,The man is alone.,a man throw a green ball in front of a group of people .,the man be alone .,DET NOUN VERB DET ADJ NOUN ADP NOUN ADP DET NOUN ADP NOUN PUNCT,DET NOUN AUX ADJ PUNCT
contradiction,Women are standing around filled garbage bags on the street.,Women are watching Oscar the Grouch on television.,woman be stand around fill garbage bag on the street .,woman be watch oscar the grouch on television .,NOUN AUX VERB ADP VERB NOUN NOUN ADP DET NOUN PUNCT,NOUN AUX VERB PROPN DET PROPN ADP NOUN PUNCT
contradiction,A group of people wearing life vests standing on a rock.,People on a truck,a group of people wear life vest stand on a rock .,people on a truck,DET NOUN ADP NOUN VERB NOUN NOUN VERB ADP DET NOUN PUNCT,NOUN ADP DET NOUN
contradiction,A gray-haired man with glasses is sitting on a large bench with his legs stretched out.,The man is holding a glass of water while his legs are stretched out on a bench.,a gray - haired man with glass be sit on a large bench with his leg stretch out .,the man be hold a glass of water while his leg be stretch out on a bench .,DET ADJ PUNCT ADJ NOUN ADP NOUN AUX VERB ADP DET ADJ NOUN ADP PRON NOUN VERB ADP PUNCT,DET NOUN AUX VERB DET NOUN ADP NOUN SCONJ PRON NOUN AUX VERB ADP ADP DET NOUN PUNCT
contradiction,Asian woman walking across a crosswalk in the street.,a dog jumps,asian woman walk across a crosswalk in the street .,a dog jump,ADJ NOUN VERB ADP DET NOUN ADP DET NOUN PUNCT,DET NOUN VERB
contradiction,The team in red and blue is playing soccer with the team in purple and white.,The two teams are playing football.,the team in red and blue be play soccer with the team in purple and white .,the two team be play football .,DET NOUN ADP ADJ CCONJ ADJ AUX VERB NOUN ADP DET NOUN ADP NOUN CCONJ ADJ PUNCT,DET NUM NOUN AUX VERB NOUN PUNCT
contradiction,A hirsute man looks in the mirror as he shaves his lathered face.,The woman is shaving her face.,a hirsute man look in the mirror as he shave his lathered face .,the woman be shave her face .,DET NOUN NOUN VERB ADP DET NOUN ADP PRON VERB PRON ADJ NOUN PUNCT,DET NOUN AUX VERB PRON NOUN PUNCT
contradiction,A woman bending over by colored lanterns on a beach.,The woman is skiing.,a woman bend over by colored lantern on a beach .,the woman be ski .,DET NOUN VERB ADP ADP ADJ NOUN ADP DET NOUN PUNCT,DET NOUN AUX VERB PUNCT
contradiction,Man tossing an onion in the kitchen.,A man is tossing a banana.,man toss an onion in the kitchen .,a man be toss a banana .,NOUN VERB DET NOUN ADP DET NOUN PUNCT,DET NOUN AUX VERB DET NOUN PUNCT
contradiction,People toss candy as they celebrate on top of a float.,The people are in a meeting.,people toss candy as they celebrate on top of a float .,the people be in a meeting .,NOUN VERB NOUN ADP PRON VERB ADP NOUN ADP DET NOUN PUNCT,DET NOUN AUX ADP DET NOUN PUNCT
contradiction,A bearded man in a white t-shirt is riding a motorcycle.,A woman is biking through the park.,a bearded man in a white t - shirt be rid a motorcycle .,a woman be bike through the park .,DET ADJ NOUN ADP DET ADJ NOUN PUNCT NOUN AUX VERB DET NOUN PUNCT,DET NOUN AUX VERB ADP DET NOUN PUNCT
contradiction,Asian boy plays a sports game wearing his blue jersey.,The blonde american kid is watching a play for school.,asian boy play a sport game wear his blue jersey .,the blonde american kid be watch a play for school .,ADJ NOUN VERB DET NOUN NOUN VERB PRON ADJ NOUN PUNCT,DET ADJ ADJ NOUN AUX VERB DET NOUN ADP NOUN PUNCT
contradiction,a white dog jumping in green grass by a brickwall and a stream of water,The dog is purple.,a white dog jump in green grass by a brickwall and a stream of water,the dog be purple .,DET ADJ NOUN VERB ADP ADJ NOUN ADP DET NOUN CCONJ DET NOUN ADP NOUN,DET NOUN AUX ADJ PUNCT
contradiction,Three men playing soccer outdoors.,"Three men are inside, watching a soccer game on TV.",three man play soccer outdoors .,"three man be inside , watch a soccer game on tv .",NUM NOUN VERB NOUN ADV PUNCT,NUM NOUN AUX ADJ PUNCT VERB DET NOUN NOUN ADP NOUN PUNCT
contradiction,A woman is working with wine.,The woman is holding a soda.,a woman be work with wine .,the woman be hold a soda .,DET NOUN AUX VERB ADP NOUN PUNCT,DET NOUN AUX VERB DET NOUN PUNCT
contradiction,A man and woman playing a game outside.,Two men are playing outside,a man and woman play a game outside .,two man be play outside,DET NOUN CCONJ NOUN VERB DET NOUN ADV PUNCT,NUM NOUN AUX VERB ADV
contradiction,A boy falling headfirst into a pool,"A boy is sitting on the edge of the pool, dipping his feet.",a boy fall headfirst into a pool,"a boy be sit on the edge of the pool , dip his foot .",DET NOUN VERB NOUN ADP DET NOUN,DET NOUN AUX VERB ADP DET NOUN ADP DET NOUN PUNCT VERB PRON NOUN PUNCT
contradiction,A group of friends or family all jumps at the same time for a portrait while on vacation.,A man takes a picture of a group of swans.,a group of friend or family all jump at the same time for a portrait while on vacation .,a man take a picture of a group of swan .,DET NOUN ADP NOUN CCONJ NOUN DET VERB ADP DET ADJ NOUN ADP DET NOUN NOUN ADP NOUN PUNCT,DET NOUN VERB DET NOUN ADP DET NOUN ADP NOUN PUNCT
contradiction,"A woman wearing a white hat, black shirt, and blue pants walks by a elaborately decorated building.",A woman in a black shirt and blue pants trips and falls in front of a highly designed building.,"a woman wear a white hat , black shirt , and blue pant walk by a elaborately decorate building .",a woman in a black shirt and blue pant trip and fall in front of a highly design building .,DET NOUN VERB DET ADJ NOUN PUNCT ADJ NOUN PUNCT CCONJ ADJ NOUN VERB ADP DET ADV VERB NOUN PUNCT,DET NOUN ADP DET ADJ NOUN CCONJ ADJ NOUN NOUN CCONJ VERB ADP NOUN ADP DET ADV VERB NOUN PUNCT
contradiction,"Two teams line up either side of a pylon, on a barren playing field",The two teams were playing in a lake,"two team line up either side of a pylon , on a barren playing field",the two team be play in a lake,NUM NOUN VERB ADP DET NOUN ADP DET NOUN PUNCT ADP DET ADJ NOUN NOUN,DET NUM NOUN AUX VERB ADP DET NOUN
contradiction,"Two women, one wearing a blue shirt and glasses and the other wearing a ball cap and black shirt, are in a laboratory setting with a bearded man.",A woman in a lab coat is drawing blood from a patient.,"two woman , one wear a blue shirt and glass and the other wear a ball cap and black shirt , be in a laboratory setting with a bearded man .",a woman in a lab coat be draw blood from a patient .,NUM NOUN PUNCT NUM VERB DET ADJ NOUN CCONJ NOUN CCONJ DET ADJ VERB DET NOUN NOUN CCONJ ADJ NOUN PUNCT AUX ADP DET NOUN NOUN ADP DET ADJ NOUN PUNCT,DET NOUN ADP DET NOUN NOUN AUX VERB NOUN ADP DET NOUN PUNCT
contradiction,There is one man standing behind the counter at a restaurant where all the words on the signs are in Spanish.,The man is sitting and waiting for his meal.,there be one man stand behind the counter at a restaurant where all the word on the sign be in spanish .,the man be sit and wait for his meal .,PRON AUX NUM NOUN VERB ADP DET NOUN ADP DET NOUN SCONJ DET DET NOUN ADP DET NOUN AUX ADP PROPN PUNCT,DET NOUN AUX VERB CCONJ VERB ADP PRON NOUN PUNCT
contradiction,"Vibrant colored dress wearing, long-haired women and men, under a bridge, dance in joy while a lone member holds up a peace sign with her hand.",People dressed in all black are sadly standing under a bridge.,"vibrant colored dress wear , long - haired woman and man , under a bridge , dance in joy while a lone member hold up a peace sign with her hand .",people dress in all black be sadly stand under a bridge .,ADJ ADJ NOUN VERB PUNCT ADJ PUNCT ADJ NOUN CCONJ NOUN PUNCT ADP DET NOUN PUNCT NOUN ADP NOUN SCONJ DET ADJ NOUN VERB ADP DET NOUN NOUN ADP PRON NOUN PUNCT,NOUN VERB ADP DET ADJ AUX ADV VERB ADP DET NOUN PUNCT
contradiction,A man is playing an interment in a concert,The man is sleeping,a man be play an interment in a concert,the man be sleep,DET NOUN AUX VERB DET NOUN ADP DET NOUN,DET NOUN AUX VERB
contradiction,Man and woman wearing sunglasses posing for picture.,A man and woman sit in a dark theater,man and woman wear sunglass pose for picture .,a man and woman sit in a dark theater,NOUN CCONJ NOUN VERB NOUN VERB ADP NOUN PUNCT,DET NOUN CCONJ NOUN VERB ADP DET ADJ NOUN
contradiction,Two men dressed in street clothes horse around in front of a building.,Two men are walking down a crowded street,two man dress in street clothe horse around in front of a building .,two man be walk down a crowded street,NUM NOUN VERB ADP NOUN NOUN VERB ADV ADP NOUN ADP DET NOUN PUNCT,NUM NOUN AUX VERB ADP DET ADJ NOUN
contradiction,All these people are enjoying a basement dance party.,A big outdoor party,all these people be enjoy a basement dance party .,a big outdoor party,DET DET NOUN AUX VERB DET NOUN NOUN NOUN PUNCT,DET ADJ ADJ NOUN
contradiction,A girl in a black leotard dances while a girl in a red leotard and torn stockings watching in the middle of a street.,A boy swings a baseball bat.,a girl in a black leotard dance while a girl in a red leotard and tear stocking watch in the middle of a street .,a boy swing a baseball bat .,DET NOUN ADP DET ADJ NOUN NOUN SCONJ DET NOUN ADP DET ADJ NOUN CCONJ VERB NOUN VERB ADP DET NOUN ADP DET NOUN PUNCT,DET NOUN VERB DET NOUN NOUN PUNCT
contradiction,There are four people talking in the phone booths.,Animals are in the phone booths.,there be four people talk in the phone booth .,animal be in the phone booth .,PRON AUX NUM NOUN VERB ADP DET NOUN NOUN PUNCT,NOUN AUX ADP DET NOUN NOUN PUNCT
contradiction,Some people pull on a rope while many others look on.,The people are having a picnic,some people pull on a rope while many other look on .,the people be have a picnic,DET NOUN VERB ADP DET NOUN SCONJ ADJ NOUN VERB ADP PUNCT,DET NOUN AUX VERB DET NOUN
contradiction,"A dozen Asian men are sitting and standing in a group, they are dressed casually and are looking at something on the ground.",the people are wondering around looking at clouds,"a dozen asian man be sit and stand in a group , they be dress casually and be look at something on the ground .",the people be wonder around look at cloud,DET NOUN ADJ NOUN AUX VERB CCONJ VERB ADP DET NOUN PUNCT PRON AUX VERB ADV CCONJ AUX VERB ADP PRON ADP DET NOUN PUNCT,DET NOUN AUX VERB ADP VERB ADP NOUN
contradiction,Children jumping off of cement.,The children are asleep.,child jump off of cement .,the child be asleep .,NOUN VERB ADP ADP NOUN PUNCT,DET NOUN AUX ADJ PUNCT
contradiction,A woman leaning against a white cross looking at the ocean below.,The woman is sitting on the ground contemplating the sky.,a woman lean against a white cross look at the ocean below .,the woman be sit on the ground contemplate the sky .,DET NOUN VERB ADP DET ADJ NOUN VERB ADP DET NOUN ADV PUNCT,DET NOUN AUX VERB ADP DET NOUN VERB DET NOUN PUNCT
contradiction,A gray train with purple and blue stripes moves down a rusty track through trees.,The train is plain white.,a gray train with purple and blue stripe move down a rusty track through tree .,the train be plain white .,DET ADJ NOUN ADP ADJ CCONJ ADJ NOUN VERB ADP DET ADJ NOUN ADP NOUN PUNCT,DET NOUN AUX ADV ADJ PUNCT
contradiction,A toddler in a pink shirt in a bucket swing.,A man in a pink shirt observes the swing set.,a toddler in a pink shirt in a bucket swing .,a man in a pink shirt observe the swing set .,DET NOUN ADP DET ADJ NOUN ADP DET NOUN NOUN PUNCT,DET NOUN ADP DET ADJ NOUN VERB DET NOUN NOUN PUNCT
contradiction,A man is sitting on a brick street drumming on various cans and pails.,A man is playing the violin on the street.,a man be sit on a brick street drum on various can and pail .,a man be play the violin on the street .,DET NOUN AUX VERB ADP DET NOUN NOUN VERB ADP ADJ NOUN CCONJ NOUN PUNCT,DET NOUN AUX VERB DET NOUN ADP DET NOUN PUNCT
contradiction,An old man sits on a bench overlooking the water.,The old man is jumping into the water.,an old man sit on a bench overlook the water .,the old man be jump into the water .,DET ADJ NOUN VERB ADP DET NOUN VERB DET NOUN PUNCT,DET ADJ NOUN AUX VERB ADP DET NOUN PUNCT
contradiction,"A varied crowd mills about (or rough-houses) on a public street, with lots of bicycles on display.",A baby sleeps in a crib.,"a varied crowd mill about ( or rough - house ) on a public street , with lot of bicycle on display .",a baby sleep in a crib .,DET ADJ NOUN NOUN ADP PUNCT CCONJ ADJ PUNCT NOUN PUNCT ADP DET ADJ NOUN PUNCT ADP NOUN ADP NOUN ADP NOUN PUNCT,DET NOUN VERB ADP DET NOUN PUNCT
contradiction,A person is flying through the air on a bicycle after leaving a dirt jump.,The person is in an airplane.,a person be fly through the air on a bicycle after leave a dirt jump .,the person be in an airplane .,DET NOUN AUX VERB ADP DET NOUN ADP DET NOUN ADP VERB DET NOUN NOUN PUNCT,DET NOUN AUX ADP DET NOUN PUNCT
contradiction,"A man is examining a bicycle tire, while a woman dressed in blue is kneeling next to the bicycle.",The woman is in red.,"a man be examine a bicycle tire , while a woman dress in blue be kneel next to the bicycle .",the woman be in red .,DET NOUN AUX VERB DET NOUN NOUN PUNCT SCONJ DET NOUN VERB ADP PROPN AUX VERB ADV ADP DET NOUN PUNCT,DET NOUN AUX ADP NOUN PUNCT
contradiction,guy walking two huge poodles.,A woman is walking with dogs.,guy walk two huge poodle .,a woman be walk with dog .,NOUN VERB NUM ADJ NOUN PUNCT,DET NOUN AUX VERB ADP NOUN PUNCT
contradiction,A man making cement risers.,A man pushes a cart,a man make cement riser .,a man push a cart,DET NOUN VERB NOUN NOUN PUNCT,DET NOUN VERB DET NOUN
contradiction,Two men are working on a sidewalk.,Two men are working on a swimming pool.,two man be work on a sidewalk .,two man be work on a swimming pool .,NUM NOUN AUX VERB ADP DET NOUN PUNCT,NUM NOUN AUX VERB ADP DET NOUN NOUN PUNCT
contradiction,Several people are riding motorcycles down a narrow street.,A bunch of people pushing motorcycles down highway.,several people be rid motorcycle down a narrow street .,a bunch of people push motorcycle down highway .,ADJ NOUN AUX VERB NOUN ADP DET ADJ NOUN PUNCT,DET NOUN ADP NOUN VERB NOUN ADP NOUN PUNCT
contradiction,A man in a blue shirt and jeans is laying on rocks.,A woman is laying on her bed in her bedroom.,a man in a blue shirt and jean be lay on rock .,a woman be lay on her bed in her bedroom .,DET NOUN ADP DET ADJ NOUN CCONJ NOUN AUX VERB ADP NOUN PUNCT,DET NOUN AUX VERB ADP PRON NOUN ADP PRON NOUN PUNCT
contradiction,A few men are sitting on chairs and standing under a large red umbrella.,Men are sitting on stools under a large umbrella,a few man be sit on chair and stand under a large red umbrella .,man be sit on stool under a large umbrella,DET ADJ NOUN AUX VERB ADP NOUN CCONJ VERB ADP DET ADJ ADJ NOUN PUNCT,NOUN AUX VERB ADP NOUN ADP DET ADJ NOUN
contradiction,A man in a white shirt and jeans is standing next to old wood.,Man sitting at home.,a man in a white shirt and jean be stand next to old wood .,man sit at home .,DET NOUN ADP DET ADJ NOUN CCONJ NOUN AUX VERB ADV ADP ADJ NOUN PUNCT,NOUN VERB ADP NOUN PUNCT
contradiction,Boy eating at a picnic table.,A man is in a restaurant.,boy eat at a picnic table .,a man be in a restaurant .,INTJ VERB ADP DET NOUN NOUN PUNCT,DET NOUN AUX ADP DET NOUN PUNCT
contradiction,A boy in a blue shirt is lining up a shot in a game of pool.,A boy in a red shirt plays pool.,a boy in a blue shirt be line up a shot in a game of pool .,a boy in a red shirt play pool .,DET NOUN ADP DET ADJ NOUN AUX VERB ADP DET NOUN ADP DET NOUN ADP NOUN PUNCT,DET NOUN ADP DET ADJ NOUN VERB NOUN PUNCT
contradiction,skier in red pants skiing down a slope,A skier is caught in an avalanche.,skier in red pant ski down a slope,a skier be catch in an avalanche .,NOUN ADP ADJ NOUN VERB ADP DET NOUN,DET NOUN AUX VERB ADP DET NOUN PUNCT
contradiction,"Two women are standing with a young boy in a blue hat, and the one on the left is casually checking her cellphone.",Guys standing with young girl,"two woman be stand with a young boy in a blue hat , and the one on the left be casually check her cellphone .",guy stand with young girl,NUM NOUN AUX VERB ADP DET ADJ NOUN ADP DET ADJ NOUN PUNCT CCONJ DET NOUN ADP DET NOUN AUX ADV VERB PRON NOUN PUNCT,NOUN VERB ADP ADJ NOUN
contradiction,A man in an orange shirt in front of picture of a man holding his face and squeezing his cheeks together.,There was a cameraman taking photos of nature,a man in an orange shirt in front of picture of a man hold his face and squeeze his cheek together .,there be a cameraman take photo of nature,DET NOUN ADP DET ADJ NOUN ADP NOUN ADP NOUN ADP DET NOUN VERB PRON NOUN CCONJ VERB PRON NOUN ADV PUNCT,PRON AUX DET NOUN VERB NOUN ADP NOUN
contradiction,Five men wearing black shorts are leaving the starting blocks in a track competition with few spectators.,Five men are dancing.,five man wear black short be leave the starting block in a track competition with few spectator .,five man be dance .,NUM NOUN VERB ADJ NOUN AUX VERB DET NOUN NOUN ADP DET NOUN NOUN ADP ADJ NOUN PUNCT,NUM NOUN AUX VERB PUNCT
contradiction,A man and woman are standing outside a store.,Two men eating dinner.,a man and woman be stand outside a store .,two man eat dinner .,DET NOUN CCONJ NOUN AUX VERB ADP DET NOUN PUNCT,NUM NOUN VERB NOUN PUNCT
contradiction,Couple dancing in the center of a circle of spectators.,A couple sits down to eat their lunch.,couple dance in the center of a circle of spectator .,a couple sit down to eat their lunch .,NOUN VERB ADP DET NOUN ADP DET NOUN ADP NOUN PUNCT,DET NOUN VERB ADP PART VERB PRON NOUN PUNCT
contradiction,A man in a white shirt at a stand surrounded by beverages and lots of lemons.,"A man is sitting at a picnic table, sipping a drink.",a man in a white shirt at a stand surround by beverage and lot of lemon .,"a man be sit at a picnic table , sip a drink .",DET NOUN ADP DET ADJ NOUN ADP DET NOUN VERB ADP NOUN CCONJ NOUN ADP NOUN PUNCT,DET NOUN AUX VERB ADP DET NOUN NOUN PUNCT VERB DET NOUN PUNCT
contradiction,A group of people gathered together in a field eating barbecued meats while drinking Pepsi.,The people are sleeping.,a group of people gather together in a field eat barbecue meat while drink pepsi .,the people be sleep .,DET NOUN ADP NOUN VERB ADV ADP DET NOUN VERB VERB NOUN SCONJ VERB PROPN PUNCT,DET NOUN AUX VERB PUNCT
contradiction,A man is jumping from a boulder into a body of water while wearing only shorts.,The man is jumping on a trampoline.,a man be jump from a boulder into a body of water while wear only short .,the man be jump on a trampoline .,DET NOUN AUX VERB ADP DET NOUN ADP DET NOUN ADP NOUN SCONJ VERB ADV NOUN PUNCT,DET NOUN AUX VERB ADP DET NOUN PUNCT
contradiction,A group of people in yellow and black uniforms performing in front of a large crowd.,The group performing were wearing teal and fuschia uniforms.,a group of people in yellow and black uniform perform in front of a large crowd .,the group perform be wear teal and fuschia uniform .,DET NOUN ADP NOUN ADP ADJ CCONJ ADJ NOUN VERB ADP NOUN ADP DET ADJ NOUN PUNCT,DET NOUN VERB AUX VERB NOUN CCONJ NOUN NOUN PUNCT
contradiction,A white male playing a bass guitar and kicking into the air.,A male is doing push ups.,a white male play a bass guitar and kick into the air .,a male be do push up .,DET ADJ NOUN VERB DET NOUN NOUN CCONJ VERB ADP DET NOUN PUNCT,DET NOUN AUX VERB NOUN NOUN PUNCT
contradiction,a woman in a yellow shirt and green shorts is climbing an artificial red wall whilst wearing a safety harness.,The woman is sleeping.,a woman in a yellow shirt and green short be climb an artificial red wall whilst wear a safety harness .,the woman be sleep .,DET NOUN ADP DET ADJ NOUN CCONJ ADJ NOUN AUX VERB DET ADJ ADJ NOUN SCONJ VERB DET NOUN NOUN PUNCT,DET NOUN AUX VERB PUNCT
contradiction,Pottery and cars are shown in a parking lot with a man in a blue outfit is leaning against the front of his car.,The man drives around the parking lot.,pottery and car be show in a parking lot with a man in a blue outfit be lean against the front of his car .,the man drive around the parking lot .,NOUN CCONJ NOUN AUX VERB ADP DET NOUN NOUN ADP DET NOUN ADP DET ADJ NOUN AUX VERB ADP DET NOUN ADP PRON NOUN PUNCT,DET NOUN VERB ADP DET NOUN NOUN PUNCT
contradiction,Man in denim hat wearing dark sunglasses.,Nobody in sunglasses.,man in denim hat wear dark sunglass .,nobody in sunglass .,NOUN ADP PROPN NOUN VERB ADJ NOUN PUNCT,PRON ADP NOUN PUNCT
contradiction,A young man plays the piano and sings in a concert.,A young man is yelling at strangers.,a young man play the piano and sing in a concert .,a young man be yell at stranger .,DET ADJ NOUN VERB DET NOUN CCONJ NOUN ADP DET NOUN PUNCT,DET ADJ NOUN AUX VERB ADP NOUN PUNCT
contradiction,The horse on the left is brown.,The horse on the left is white.,the horse on the left be brown .,the horse on the left be white .,DET NOUN ADP DET NOUN AUX ADJ PUNCT,DET NOUN ADP DET NOUN AUX ADJ PUNCT
contradiction,A male performer is playing a cello.,A dog is tired and don't want to listen.,a male performer be play a cello .,a dog be tired and do not want to listen .,DET ADJ NOUN AUX VERB DET NOUN PUNCT,DET NOUN AUX ADJ CCONJ AUX PART VERB PART VERB PUNCT
contradiction,"A lady wearing a red vest is holding a shovel as she and a man, holding a blue shovel, pose for the camera.",two people sit on a couch,"a lady wear a red vest be hold a shovel as she and a man , hold a blue shovel , pose for the camera .",two people sit on a couch,DET NOUN VERB DET ADJ NOUN AUX VERB DET NOUN ADP PRON CCONJ DET NOUN PUNCT VERB DET ADJ NOUN PUNCT VERB ADP DET NOUN PUNCT,NUM NOUN VERB ADP DET NOUN
contradiction,A small dog is running on the grass beside the road.,A dog sleeps on the grass,a small dog be run on the grass beside the road .,a dog sleep on the grass,DET ADJ NOUN AUX VERB ADP DET NOUN ADP DET NOUN PUNCT,DET NOUN VERB ADP DET NOUN
contradiction,A goal defending the goal in a hockey game.,A runner on a oval track runs.,a goal defend the goal in a hockey game .,a runner on a oval track run .,DET NOUN VERB DET NOUN ADP DET NOUN NOUN PUNCT,DET NOUN ADP DET NOUN NOUN NOUN PUNCT
contradiction,Two kids in snow hats and blue and green coats are swinging on a tire swing out in the snow.,Nobody has a hat,two kid in snow hat and blue and green coat be swing on a tire swing out in the snow .,nobody have a hat,NUM NOUN ADP NOUN NOUN CCONJ ADJ CCONJ ADJ NOUN AUX VERB ADP DET NOUN NOUN ADP ADP DET NOUN PUNCT,PRON AUX DET NOUN
contradiction,A person in a kayak is going over a small waterfall.,A dog eats a chicken.,a person in a kayak be go over a small waterfall .,a dog eat a chicken .,DET NOUN ADP DET NOUN AUX VERB ADP DET ADJ NOUN PUNCT,DET NOUN VERB DET NOUN PUNCT
contradiction,A window artist stops for a quick break as she decides on her next set of strokes.,A woman is running,a window artist stop for a quick break as she decide on her next set of stroke .,a woman be run,DET NOUN NOUN VERB ADP DET ADJ NOUN ADP PRON VERB ADP PRON ADJ NOUN ADP NOUN PUNCT,DET NOUN AUX VERB
contradiction,A crowd of people are at a supermarket.,There is nobody at the supermarket.,a crowd of people be at a supermarket .,there be nobody at the supermarket .,DET NOUN ADP NOUN AUX ADP DET NOUN PUNCT,PRON AUX PRON ADP DET NOUN PUNCT
contradiction,Many people leading a giant blow-up figure of Oscar the Grouch down a street.,Many people are leading a giant blow-up figure of an Oscar award down a street.,many people lead a giant blow - up figure of oscar the grouch down a street .,many people be lead a giant blow - up figure of an oscar award down a street .,ADJ NOUN VERB DET ADJ NOUN PUNCT ADP NOUN ADP PROPN DET PROPN ADP DET NOUN PUNCT,ADJ NOUN AUX VERB DET ADJ NOUN PUNCT ADP NOUN ADP DET PROPN NOUN ADP DET NOUN PUNCT
contradiction,One adult and three children gathered on the floor looking at a picture on a digital camera.,A kid is taking a picture of a group of toddlers.,one adult and three child gather on the floor look at a picture on a digital camera .,a kid be take a picture of a group of toddler .,NUM NOUN CCONJ NUM NOUN VERB ADP DET NOUN VERB ADP DET NOUN ADP DET ADJ NOUN PUNCT,DET NOUN AUX VERB DET NOUN ADP DET NOUN ADP NOUN PUNCT
contradiction,A man wearing black and a woman wearing white are smiling.,The people are in a fight and yelling at each other.',a man wear black and a woman wear white be smile .,the people be in a fight and yell at each other . ',DET NOUN VERB NOUN CCONJ DET NOUN VERB NOUN AUX VERB PUNCT,DET NOUN AUX ADP DET NOUN CCONJ VERB ADP DET ADJ PUNCT PUNCT
contradiction,A boy is trying to catch a Frisbee in a field.,A boy burnt the Frisbee in a field.,a boy be try to catch a frisbee in a field .,a boy burn the frisbee in a field .,DET NOUN AUX VERB PART VERB DET PROPN ADP DET NOUN PUNCT,DET NOUN VERB DET PROPN ADP DET NOUN PUNCT
contradiction,A dog in the snow.,Some puppies were left mistakenly outside in the snow with the door shut behind them,a dog in the snow .,some puppy be leave mistakenly outside in the snow with the door shut behind they,DET NOUN ADP DET NOUN PUNCT,DET NOUN AUX VERB ADV ADV ADP DET NOUN ADP DET NOUN VERB ADP PRON
contradiction,Two men carrying a canoe down a steep incline.,the child was 18 years old,two man carry a canoe down a steep incline .,the child be 18 year old,NUM NOUN VERB DET NOUN ADP DET ADJ NOUN PUNCT,DET NOUN AUX NUM NOUN ADJ
contradiction,A military group stands at attention.,A group of soldiers are sleeping.,a military group stand at attention .,a group of soldier be sleep .,DET ADJ NOUN VERB ADP NOUN PUNCT,DET NOUN ADP NOUN AUX VERB PUNCT
contradiction,Young children wave and watch something out of sight.,Young children are holding signs.,young child wave and watch something out of sight .,young child be hold sign .,ADJ NOUN VERB CCONJ VERB PRON ADP ADP NOUN PUNCT,ADJ NOUN AUX VERB NOUN PUNCT
contradiction,"A woman wearing black sunglasses, bikini bottoms, and a black shirt playing volleyball.",A man prepares a golf swing.,"a woman wear black sunglass , bikini bottom , and a black shirt playing volleyball .",a man prepare a golf swing .,DET NOUN VERB ADJ NOUN PUNCT NOUN NOUN PUNCT CCONJ DET ADJ NOUN NOUN NOUN PUNCT,DET NOUN VERB DET NOUN NOUN PUNCT
contradiction,Three boys are running on the beach playing a game.,The boys are bored in school.,three boy be run on the beach play a game .,the boy be bore in school .,NUM NOUN AUX VERB ADP DET NOUN VERB DET NOUN PUNCT,DET NOUN AUX VERB ADP NOUN PUNCT
contradiction,A man is playing the guitar in front of a microphone while another man is in the background playing the drums.,There is no percussion accompaniment.,a man be play the guitar in front of a microphone while another man be in the background play the drum .,there be no percussion accompaniment .,DET NOUN AUX VERB DET NOUN ADP NOUN ADP DET NOUN SCONJ DET NOUN AUX ADP DET NOUN VERB DET NOUN PUNCT,PRON AUX DET NOUN NOUN PUNCT
contradiction,A man holding a rifle next to his brown dog.,A man is climbing a tree.,a man hold a rifle next to his brown dog .,a man be climb a tree .,DET NOUN VERB DET NOUN ADV ADP PRON ADJ NOUN PUNCT,DET NOUN AUX VERB DET NOUN PUNCT
contradiction,Three women standing by a table with drinks on it on a city sidewalk.,a motorcycle crashes into a ditch,three woman stand by a table with drink on it on a city sidewalk .,a motorcycle crash into a ditch,NUM NOUN VERB ADP DET NOUN ADP NOUN ADP PRON ADP DET NOUN NOUN PUNCT,DET NOUN VERB ADP DET NOUN
contradiction,A person in a white hooded shirt is sitting in a chair near a body of water and there are buildings in the background.,a person running a marathon,a person in a white hooded shirt be sit in a chair near a body of water and there be building in the background .,a person run a marathon,DET NOUN ADP DET ADJ ADJ NOUN AUX VERB ADP DET NOUN ADP DET NOUN ADP NOUN CCONJ PRON AUX NOUN ADP DET NOUN PUNCT,DET NOUN VERB DET NOUN
contradiction,A blond woman wearing pink holds an infant wrapped in a blanket.,A woman jogging through a park.,a blond woman wear pink hold an infant wrap in a blanket .,a woman jog through a park .,DET ADJ NOUN VERB NOUN VERB DET NOUN VERB ADP DET NOUN PUNCT,DET NOUN VERB ADP DET NOUN PUNCT
contradiction,A team of breakdancers sets up along the side of a road in the city as many onlookers gather.,The dancers are robbing the bank.,a team of breakdancer set up along the side of a road in the city as many onlooker gather .,the dancer be rob the bank .,DET NOUN ADP NOUN VERB ADP ADP DET NOUN ADP DET NOUN ADP DET NOUN ADP ADJ NOUN VERB PUNCT,DET NOUN AUX VERB DET NOUN PUNCT
contradiction,Three men are setting up a scene by measuring the lights for a couple sitting on a low couch.,Three men are sitting down on a low couch with a couple.,three man be set up a scene by measure the light for a couple sit on a low couch .,three man be sit down on a low couch with a couple .,NUM NOUN AUX VERB ADP DET NOUN ADP VERB DET NOUN ADP DET NOUN VERB ADP DET ADJ NOUN PUNCT,NUM NOUN AUX VERB ADP ADP DET ADJ NOUN ADP DET NOUN PUNCT
contradiction,"Three police officers tape off a section of sidewalk, blocking a group of people.",Three police officers enjoying their vacation in Paris.,"three police officer tape off a section of sidewalk , block a group of people .",three police officer enjoy their vacation in paris .,NUM NOUN NOUN VERB ADP DET NOUN ADP NOUN PUNCT VERB DET NOUN ADP NOUN PUNCT,NUM NOUN NOUN VERB PRON NOUN ADP PROPN PUNCT
contradiction,People walking along a path on a sunny day.,The people are walking at night.,people walk along a path on a sunny day .,the people be walk at night .,NOUN VERB ADP DET NOUN ADP DET ADJ NOUN PUNCT,DET NOUN AUX VERB ADP NOUN PUNCT
contradiction,A woman in a hat tends to a herd of reindeer in a field.,The woman is feeding a herd of sheep.,a woman in a hat tend to a herd of reindeer in a field .,the woman be feed a herd of sheep .,DET NOUN ADP DET NOUN VERB ADP DET NOUN ADP NOUN ADP DET NOUN PUNCT,DET NOUN AUX VERB DET NOUN ADP NOUN PUNCT
contradiction,A crowd of people are gathered with a sky scene in the background.,People are gathered with a ground scene in the background.,a crowd of people be gather with a sky scene in the background .,people be gather with a ground scene in the background .,DET NOUN ADP NOUN AUX VERB ADP DET NOUN NOUN ADP DET NOUN PUNCT,NOUN AUX VERB ADP DET NOUN NOUN ADP DET NOUN PUNCT
contradiction,"A fruit market stand displaying artichokes, and many different kinds of fruit.",A grocery store shelf with cans of beans,"a fruit market stand display artichoke , and many different kind of fruit .",a grocery store shelf with can of bean,DET NOUN NOUN VERB VERB NOUN PUNCT CCONJ ADJ ADJ NOUN ADP NOUN PUNCT,DET NOUN NOUN NOUN ADP NOUN ADP NOUN
contradiction,"Two girls, one wearing a pink shirt and the other wearing a white shirt, are throwing hay in the air.",There are no girls,"two girl , one wear a pink shirt and the other wear a white shirt , be throw hay in the air .",there be no girl,NUM NOUN PUNCT NUM VERB DET ADJ NOUN CCONJ DET ADJ VERB DET ADJ NOUN PUNCT AUX VERB NOUN ADP DET NOUN PUNCT,PRON AUX DET NOUN
contradiction,Two male and six female dancers perform on stage.,boys are singing in the public.,two male and six female dancer perform on stage .,boy be sing in the public .,NUM ADJ CCONJ NUM ADJ NOUN VERB ADP NOUN PUNCT,NOUN AUX VERB ADP DET NOUN PUNCT
contradiction,A child is dressed up in costume and holding a trident.,A woman is running her bath.,a child be dress up in costume and hold a trident .,a woman be run her bath .,DET NOUN AUX VERB ADP ADP NOUN CCONJ VERB DET NOUN PUNCT,DET NOUN AUX VERB PRON NOUN PUNCT
contradiction,A cat sits on top of a store sign.,A cat laps up milk outside on the porch.,a cat sit on top of a store sign .,a cat lap up milk outside on the porch .,DET NOUN VERB ADP NOUN ADP DET NOUN NOUN PUNCT,DET NOUN VERB ADP NOUN ADV ADP DET NOUN PUNCT
contradiction,A bride on her wedding day wearing her orange belt.,A groom on his wedding day wearing his orange belt.,a bride on her wedding day wear her orange belt .,a groom on his wedding day wear his orange belt .,DET NOUN ADP PRON NOUN NOUN VERB PRON ADJ NOUN PUNCT,DET NOUN ADP PRON NOUN NOUN VERB PRON ADJ NOUN PUNCT
contradiction,"A man is on the side of the road, while his vehicle is off of the road.",A man is driving down the highway.,"a man be on the side of the road , while his vehicle be off of the road .",a man be drive down the highway .,DET NOUN AUX ADP DET NOUN ADP DET NOUN PUNCT SCONJ PRON NOUN AUX ADP ADP DET NOUN PUNCT,DET NOUN AUX VERB ADP DET NOUN PUNCT
contradiction,Two dogs are running through a grassy area near tall trees.,The dogs are asleep in the bedroom on a rug.,two dog be run through a grassy area near tall tree .,the dog be asleep in the bedroom on a rug .,NUM NOUN AUX VERB ADP DET ADJ NOUN ADP ADJ NOUN PUNCT,DET NOUN AUX ADJ ADP DET NOUN ADP DET NOUN PUNCT
contradiction,Three boys playing and biking with a pile of sand in the middle,Three boys are biking in a meadow.,three boy play and bike with a pile of sand in the middle,three boy be bike in a meadow .,NUM NOUN VERB CCONJ VERB ADP DET NOUN ADP NOUN ADP DET ADJ,NUM NOUN AUX VERB ADP DET NOUN PUNCT
contradiction,A person in a red jacket is crossing a snow covered bridge over the cold river in the forest.,Someone wearing a yellow t-shirt crossing a road in the middle of the rain.,a person in a red jacket be cross a snow cover bridge over the cold river in the forest .,someone wear a yellow t - shirt cross a road in the middle of the rain .,DET NOUN ADP DET ADJ NOUN AUX VERB DET NOUN VERB NOUN ADP DET PROPN NOUN ADP DET NOUN PUNCT,PRON VERB DET ADJ NOUN PUNCT NOUN VERB DET NOUN ADP DET NOUN ADP DET NOUN PUNCT
contradiction,"A long-haired skateboarder is about to exit a clean nosegrind on a public handrail, unaware of his surroundings while ignoring the negative public perception of skateboarders.",People are sitting and reading.,"a long - haired skateboarder be about to exit a clean nosegrind on a public handrail , unaware of his surrounding while ignore the negative public perception of skateboarder .",people be sit and read .,DET ADJ PUNCT ADJ NOUN AUX ADJ PART VERB DET ADJ NOUN ADP DET ADJ NOUN PUNCT ADJ ADP PRON NOUN SCONJ VERB DET ADJ ADJ NOUN ADP NOUN PUNCT,NOUN AUX VERB CCONJ VERB PUNCT
contradiction,The lady in red is very happy to see the young lady in white and black.,A lady in a blue dress looks disgusted to see another dressed in brown.,the lady in red be very happy to see the young lady in white and black .,a lady in a blue dress look disgusted to see another dress in brown .,DET NOUN ADP PROPN AUX ADV ADJ PART VERB DET ADJ NOUN ADP ADJ CCONJ ADJ PUNCT,DET NOUN ADP DET ADJ NOUN VERB ADJ PART VERB DET VERB ADP PROPN PUNCT
contradiction,A Yorkie jumped into the air to catch a red ball in its mouth.,The dog is trying to immobilize the ball because the ball is out to get the dog.,a yorkie jump into the air to catch a red ball in its mouth .,the dog be try to immobilize the ball because the ball be out to get the dog .,DET PROPN VERB ADP DET NOUN PART VERB DET ADJ NOUN ADP PRON NOUN PUNCT,DET NOUN AUX VERB PART VERB DET NOUN SCONJ DET NOUN AUX ADV PART VERB DET NOUN PUNCT
contradiction,A girl in a red and pink shirt is coloring with crayons on a coffee table with birthday presents and a television in the background.,a little boy is playing with a stick pony.,a girl in a red and pink shirt be color with crayon on a coffee table with birthday present and a television in the background .,a little boy be play with a stick pony .,DET NOUN ADP DET ADJ CCONJ ADJ NOUN AUX VERB ADP NOUN ADP DET NOUN NOUN ADP NOUN NOUN CCONJ DET NOUN ADP DET NOUN PUNCT,DET ADJ NOUN AUX VERB ADP DET NOUN NOUN PUNCT
contradiction,"A smiling, young woman in a green long-sleeved shirt and jeans is leaning on a slightly taller young woman wearing a blue pullover and jeans.",A woman leans on her husband.,"a smile , young woman in a green long - sleeve shirt and jean be lean on a slightly tall young woman wear a blue pullover and jean .",a woman lean on her husband .,DET VERB PUNCT ADJ NOUN ADP DET ADJ ADV PUNCT VERB NOUN CCONJ NOUN AUX VERB ADP DET ADV ADJ ADJ NOUN VERB DET ADJ NOUN CCONJ NOUN PUNCT,DET NOUN VERB ADP PRON NOUN PUNCT
contradiction,A sweaty guy yelling into a microphone standing in front of a guy in a purple shirt.,The sweaty guy is whispering to the guy in the purple shirt.,a sweaty guy yell into a microphone standing in front of a guy in a purple shirt .,the sweaty guy be whisper to the guy in the purple shirt .,DET NOUN NOUN VERB ADP DET NOUN NOUN ADP NOUN ADP DET NOUN ADP DET ADJ NOUN PUNCT,DET NOUN NOUN AUX VERB ADP DET NOUN ADP DET ADJ NOUN PUNCT
contradiction,Female painting her big toe.,A woman paints her fingernails.,female paint her big toe .,a woman paint her fingernail .,ADJ VERB PRON ADJ NOUN PUNCT,DET NOUN VERB PRON NOUN PUNCT
contradiction,A blond woman in a red t-shirt and a blur wristband sings into a microphone against a green background.,A woman plays a mute in a movie.,a blond woman in a red t - shirt and a blur wristband sing into a microphone against a green background .,a woman play a mute in a movie .,DET ADJ NOUN ADP DET ADJ NOUN PUNCT NOUN CCONJ DET NOUN NOUN NOUN ADP DET NOUN ADP DET ADJ NOUN PUNCT,DET NOUN VERB DET NOUN ADP DET NOUN PUNCT
contradiction,A girl in a pink dress is standing on her head.,A girl is wearing a red dress,a girl in a pink dress be stand on her head .,a girl be wear a red dress,DET NOUN ADP DET ADJ NOUN AUX VERB ADP PRON NOUN PUNCT,DET NOUN AUX VERB DET ADJ NOUN
contradiction,A man with a red shirt and black hat suspends himself in the air by sitting on a pole and clinging to two wires with his hands.,A man sits at the bar and orders a drink.,a man with a red shirt and black hat suspend himself in the air by sit on a pole and cling to two wire with his hand .,a man sit at the bar and order a drink .,DET NOUN ADP DET ADJ NOUN CCONJ ADJ NOUN VERB PRON ADP DET NOUN ADP VERB ADP DET NOUN CCONJ VERB ADP NUM NOUN ADP PRON NOUN PUNCT,DET NOUN VERB ADP DET NOUN CCONJ VERB DET NOUN PUNCT
contradiction,People wear uniforms during a rally or protest.,People are having a tea party in dresses.,people wear uniform during a rally or protest .,people be have a tea party in dress .,NOUN VERB NOUN ADP DET NOUN CCONJ NOUN PUNCT,NOUN AUX VERB DET NOUN NOUN ADP NOUN PUNCT
contradiction,"One guy wearing a green wig thinks hes cool while another guy looks in horror at a bottle that apparently landed on the green wig guy in a game, all while a girl in a skirt is smiling at the camera.",All of the people are frowning.,"one guy wear a green wig think he s cool while another guy look in horror at a bottle that apparently land on the green wig guy in a game , all while a girl in a skirt be smile at the camera .",all of the people be frown .,NUM NOUN VERB DET ADJ NOUN VERB PRON VERB ADJ SCONJ DET NOUN VERB ADP NOUN ADP DET NOUN PRON ADV VERB ADP DET ADJ PROPN NOUN ADP DET NOUN PUNCT DET SCONJ DET NOUN ADP DET NOUN AUX VERB ADP DET NOUN PUNCT,DET ADP DET NOUN AUX VERB PUNCT
contradiction,A tan and black dog runs over a green field with its mouth open.,The dog is sleeping in the grass.,a tan and black dog run over a green field with its mouth open .,the dog be sleep in the grass .,DET ADJ CCONJ ADJ NOUN VERB ADP DET ADJ NOUN ADP PRON NOUN ADJ PUNCT,DET NOUN AUX VERB ADP DET NOUN PUNCT
contradiction,"A woman in a pink sweater and an apron, cleaning a table with a sponge.",A woman in a yellow tank top and apron is cleaning the chair with a cloth.,"a woman in a pink sweater and an apron , clean a table with a sponge .",a woman in a yellow tank top and apron be clean the chair with a cloth .,DET NOUN ADP DET ADJ NOUN CCONJ DET NOUN PUNCT VERB DET NOUN ADP DET NOUN PUNCT,DET NOUN ADP DET ADJ NOUN NOUN CCONJ PROPN AUX VERB DET NOUN ADP DET NOUN PUNCT
contradiction,A woman in blue jeans and a creme shirt walking down the road with a rake and hoe in her right hand and gloves in her left hand.,A person is running with a stolen TV.,a woman in blue jean and a creme shirt walk down the road with a rake and hoe in her right hand and glove in her left hand .,a person be run with a steal tv .,DET NOUN ADP ADJ NOUN CCONJ DET NOUN NOUN VERB ADP DET NOUN ADP DET NOUN CCONJ VERB ADP PRON ADJ NOUN CCONJ NOUN ADP PRON ADJ NOUN PUNCT,DET NOUN AUX VERB ADP DET VERB NOUN PUNCT
contradiction,Men at a rodeo try to tame a bull.,The men are riding a bull.,man at a rodeo try to tame a bull .,the man be rid a bull .,NOUN ADP DET NOUN VERB PART VERB DET NOUN PUNCT,DET NOUN AUX VERB DET NOUN PUNCT
contradiction,A group of people on a bridge beside a boat.,People are looking up at an airliner.,a group of people on a bridge beside a boat .,people be look up at an airliner .,DET NOUN ADP NOUN ADP DET NOUN ADP DET NOUN PUNCT,NOUN AUX VERB ADP ADP DET NOUN PUNCT
contradiction,Many people are gathered in a crowded building.,People are waiting outside for a concert.,many people be gather in a crowded building .,people be wait outside for a concert .,ADJ NOUN AUX VERB ADP DET ADJ NOUN PUNCT,NOUN AUX VERB ADV ADP DET NOUN PUNCT
contradiction,Two men wearing blue are eating and drinking outside.,The men are jogging outside.,two man wear blue be eat and drink outside .,the man be jog outside .,NUM NOUN VERB NOUN AUX VERB CCONJ VERB ADV PUNCT,DET NOUN AUX VERB ADV PUNCT
contradiction,A young field hockey player wearing a blue jersey takes possession of the ball.,The hockey player is sitting in the penalty box.,a young field hockey player wear a blue jersey take possession of the ball .,the hockey player be sit in the penalty box .,DET ADJ NOUN NOUN NOUN VERB DET PROPN PROPN VERB NOUN ADP DET NOUN PUNCT,DET NOUN NOUN AUX VERB ADP DET NOUN NOUN PUNCT
contradiction,"Two women both wearing white shirts and black pants, one smoking sitting on a fixture on the sidewalk.",Two women dance at a nightclub.,"two woman both wear white shirt and black pant , one smoking sit on a fixture on the sidewalk .",two woman dance at a nightclub .,NUM NOUN DET VERB ADJ NOUN CCONJ ADJ NOUN PUNCT NUM NOUN VERB ADP DET NOUN ADP DET NOUN PUNCT,NUM NOUN VERB ADP DET NOUN PUNCT
contradiction,A man is wearing yellow protective headphones while using a circular saw to carve pieces away from a tan stone sculpture.,A woman is painting.,a man be wear yellow protective headphone while use a circular saw to carve piece away from a tan stone sculpture .,a woman be paint .,DET NOUN AUX VERB ADJ ADJ NOUN SCONJ VERB DET ADJ NOUN PART VERB NOUN ADV ADP DET PROPN NOUN NOUN PUNCT,DET NOUN AUX VERB PUNCT
contradiction,a man in a ventilation mask is carving a knight onto a brick wall.,A man in a swim suit paints on the beach.,a man in a ventilation mask be carve a knight onto a brick wall .,a man in a swim suit paint on the beach .,DET NOUN ADP DET NOUN NOUN AUX VERB DET NOUN ADP DET NOUN NOUN PUNCT,DET NOUN ADP DET NOUN NOUN VERB ADP DET NOUN PUNCT
contradiction,a young girl stands on one leg.,A young girl running on the street,a young girl stand on one leg .,a young girl run on the street,DET ADJ NOUN VERB ADP NUM NOUN PUNCT,DET ADJ NOUN VERB ADP DET NOUN
contradiction,A few people in a public park.,A few people in a public library.,a few people in a public park .,a few people in a public library .,DET ADJ NOUN ADP DET ADJ NOUN PUNCT,DET ADJ NOUN ADP DET ADJ NOUN PUNCT
contradiction,"Two men, wearing hard hats and blue and yellow coats stand in front of a large machine and smile.",The men are practicing interpretive dance.,"two man , wear hard hat and blue and yellow coat stand in front of a large machine and smile .",the man be practice interpretive dance .,NUM NOUN PUNCT VERB ADJ NOUN CCONJ ADJ CCONJ ADJ NOUN VERB ADP NOUN ADP DET ADJ NOUN CCONJ NOUN PUNCT,DET NOUN AUX VERB ADJ NOUN PUNCT
contradiction,A family coming back from shopping and a gentlemen is reading his newspaper to the side of the street.,Family is laughing at the man who is painting a gentleman,a family come back from shopping and a gentleman be read his newspaper to the side of the street .,family be laugh at the man who be paint a gentleman,DET NOUN VERB ADV ADP NOUN CCONJ DET NOUN AUX VERB PRON NOUN ADP DET NOUN ADP DET NOUN PUNCT,NOUN AUX VERB ADP DET NOUN PRON AUX VERB DET NOUN
contradiction,A crowd is watching runners during a marathon.,A crowd is watching a wheel of fortune.,a crowd be watch runner during a marathon .,a crowd be watch a wheel of fortune .,DET NOUN AUX VERB NOUN ADP DET NOUN PUNCT,DET NOUN AUX VERB DET NOUN ADP NOUN PUNCT
contradiction,A group of women working in a fabric factory.,A group of woman talking about the store.,a group of woman work in a fabric factory .,a group of woman talk about the store .,DET NOUN ADP NOUN VERB ADP DET NOUN NOUN PUNCT,DET NOUN ADP NOUN VERB ADP DET NOUN PUNCT
contradiction,Two teams of boys playing football in the sand.,boys are sleeping in the shade under a tree,two team of boy play football in the sand .,boy be sleep in the shade under a tree,NUM NOUN ADP NOUN VERB NOUN ADP DET NOUN PUNCT,NOUN AUX VERB ADP DET NOUN ADP DET NOUN
contradiction,"A food vendor stands behind a display of bins of several types of nuts, candy, or other small snacks, with signage in Hebrew.",The vendor is sitting,"a food vendor stand behind a display of bin of several type of nut , candy , or other small snack , with signage in hebrew .",the vendor be sit,DET NOUN NOUN VERB ADP DET NOUN ADP NOUN ADP ADJ NOUN ADP NOUN PUNCT NOUN PUNCT CCONJ ADJ ADJ NOUN PUNCT ADP NOUN ADP PROPN PUNCT,DET NOUN AUX VERB
contradiction,A young man with a red uniform on practicing his soccer kick.,A young woman is practicing her basketball skills,a young man with a red uniform on practice his soccer kick .,a young woman be practice her basketball skill,DET ADJ NOUN ADP DET ADJ NOUN ADP VERB PRON NOUN NOUN PUNCT,DET ADJ NOUN AUX VERB PRON NOUN NOUN
contradiction,one man and a woman sitting on a table in a restaurant eating dinner,the man and woman are in the sewer having a siezure,one man and a woman sit on a table in a restaurant eat dinner,the man and woman be in the sewer have a siezure,NUM NOUN CCONJ DET NOUN VERB ADP DET NOUN ADP DET NOUN VERB NOUN,DET NOUN CCONJ NOUN AUX ADP DET NOUN VERB DET NOUN
contradiction,Two boys kick around a ball in a meadow.,Two boys are swimming.,two boy kick around a ball in a meadow .,two boy be swim .,NUM NOUN VERB ADP DET NOUN ADP DET NOUN PUNCT,NUM NOUN AUX VERB PUNCT
contradiction,Children smiling and making faces to the camera.,The children are deceased.,child smile and make face to the camera .,the child be deceased .,NOUN VERB CCONJ VERB NOUN ADP DET NOUN PUNCT,DET NOUN AUX ADJ PUNCT
contradiction,Two males are running in an uncrowded area.,There are men sitting outdoors,two male be run in an uncrowded area .,there be man sit outdoors,NUM NOUN AUX VERB ADP DET ADJ NOUN PUNCT,PRON AUX NOUN VERB ADV
contradiction,A brunette couple smiles at the camera while sitting on a couch.,The couple are on the bed.,a brunette couple smile at the camera while sit on a couch .,the couple be on the bed .,DET NOUN NOUN VERB ADP DET NOUN SCONJ VERB ADP DET NOUN PUNCT,DET NOUN AUX ADP DET NOUN PUNCT
contradiction,Two boy scouts are standing on what appears to be a stage surrounded by a camping scene.,Two girls on a stage.,two boy scout be stand on what appear to be a stage surround by a camping scene .,two girl on a stage .,NUM NOUN NOUN AUX VERB ADP PRON VERB PART AUX DET NOUN VERB ADP DET NOUN NOUN PUNCT,NUM NOUN ADP DET NOUN PUNCT
contradiction,A group of Asian men and women take a picture in front of a building.,A group of people are sitting down for dinner.,a group of asian man and woman take a picture in front of a building .,a group of people be sit down for dinner .,DET NOUN ADP ADJ NOUN CCONJ NOUN VERB DET NOUN ADP NOUN ADP DET NOUN PUNCT,DET NOUN ADP NOUN AUX VERB ADP ADP NOUN PUNCT
contradiction,Girl reading book walking down street.,"A girl is sitting down, looking at the ceiling.",girl reading book walk down street .,"a girl be sit down , look at the ceiling .",NOUN NOUN NOUN VERB ADP NOUN PUNCT,DET NOUN AUX VERB ADV PUNCT VERB ADP DET NOUN PUNCT
contradiction,Two men looking at each other with computer monitors in the foreground.,There are two women staring at each other,two man look at each other with computer monitor in the foreground .,there be two woman star at each other,NUM NOUN VERB ADP DET ADJ ADP NOUN NOUN ADP DET NOUN PUNCT,PRON AUX NUM NOUN VERB ADP DET ADJ
contradiction,Two people are dancing by a red couch.,The people are driving.,two people be dance by a red couch .,the people be drive .,NUM NOUN AUX VERB ADP DET ADJ NOUN PUNCT,DET NOUN AUX VERB PUNCT
contradiction,Three boys are sitting by several laptops.,The girls sat near the laptops.,three boy be sit by several laptop .,the girl sit near the laptop .,NUM NOUN AUX VERB ADP ADJ NOUN PUNCT,DET NOUN VERB ADP DET NOUN PUNCT
contradiction,Two people play soccer while three people watch.,Three people are watching a volleyball match.,two people play soccer while three people watch .,three people be watch a volleyball match .,NUM NOUN VERB NOUN SCONJ NUM NOUN VERB PUNCT,NUM NOUN AUX VERB DET NOUN NOUN PUNCT
contradiction,"Three people sit on a sofa, one of which is holding a baby.",A man walks by himself after dark.,"three people sit on a sofa , one of which be hold a baby .",a man walk by himself after dark .,NUM NOUN VERB ADP DET NOUN PUNCT NUM ADP DET AUX VERB DET NOUN PUNCT,DET NOUN VERB ADP PRON ADP ADJ PUNCT
contradiction,A lady with sunglasses on her head is wearing a blue top with a black top on top of it and is walking behind a man wearing a pink shirt.,A lady in a green dress walks in front of a man in a suit.,a lady with sunglass on her head be wear a blue top with a black top on top of it and be walk behind a man wear a pink shirt .,a lady in a green dress walk in front of a man in a suit .,DET NOUN ADP NOUN ADP PRON NOUN AUX VERB DET ADJ NOUN ADP DET ADJ NOUN ADP NOUN ADP PRON CCONJ AUX VERB ADP DET NOUN VERB DET ADJ NOUN PUNCT,DET NOUN ADP DET ADJ NOUN NOUN ADP NOUN ADP DET NOUN ADP DET NOUN PUNCT
contradiction,A dog is jumping up at a man wearing a search and rescue jacket.,The crowd of people are at a music festival.,a dog be jump up at a man wear a search and rescue jacket .,the crowd of people be at a music festival .,DET NOUN AUX VERB ADP ADP DET NOUN VERB DET NOUN CCONJ NOUN NOUN PUNCT,DET NOUN ADP NOUN AUX ADP DET NOUN NOUN PUNCT
contradiction,A child is turning the handle on an egg-beater.,the child is sleep,a child be turn the handle on an egg - beater .,the child be sleep,DET NOUN AUX VERB DET NOUN ADP DET NOUN PUNCT NOUN PUNCT,DET NOUN AUX ADJ
contradiction,A woman on a sidewalk with luggage.,A woman has luggage above her head.,a woman on a sidewalk with luggage .,a woman have luggage above her head .,DET NOUN ADP DET NOUN ADP NOUN PUNCT,DET NOUN AUX NOUN ADP PRON NOUN PUNCT
contradiction,The two dogs are running through the water side by side.,Two dogs are sitting on a couch.,the two dog be run through the water side by side .,two dog be sit on a couch .,DET NUM NOUN AUX VERB ADP DET NOUN NOUN ADP NOUN PUNCT,NUM NOUN AUX VERB ADP DET NOUN PUNCT
contradiction,A child sleeping in peace.,A child is eating bacon.,a child sleep in peace .,a child be eat bacon .,DET NOUN VERB ADP NOUN PUNCT,DET NOUN AUX VERB NOUN PUNCT
contradiction,Two people are carrying rows of white and teal seats.,There are people purchasing seats,two people be carry row of white and teal seat .,there be people purchase seat,NUM NOUN AUX VERB NOUN ADP ADJ CCONJ ADJ NOUN PUNCT,PRON AUX NOUN VERB NOUN
contradiction,A man on a scaffold paints a wall with a paint roller.,A man is eating a burger.,a man on a scaffold paint a wall with a paint roller .,a man be eat a burger .,DET NOUN ADP DET NOUN NOUN DET NOUN ADP DET NOUN NOUN PUNCT,DET NOUN AUX VERB DET NOUN PUNCT
contradiction,A man in a white shirt playing a black and white guitar.,A man plays the trombone,a man in a white shirt play a black and white guitar .,a man play the trombone,DET NOUN ADP DET ADJ NOUN VERB DET ADJ CCONJ ADJ NOUN PUNCT,DET NOUN VERB DET NOUN
contradiction,this is a motorcycle race.,this is a car race.,this be a motorcycle race .,this be a car race .,DET AUX DET NOUN NOUN PUNCT,DET AUX DET NOUN NOUN PUNCT
contradiction,Grandfather fishes while grandson waits with net.,The man is playing basketball.,grandfather fish while grandson wait with net .,the man be play basketball .,PROPN NOUN SCONJ NOUN VERB ADP NOUN PUNCT,DET NOUN AUX VERB NOUN PUNCT
contradiction,"A man in a suit dozes on a park bench, with a sign for the subway in the background.",The man is fully awake.,"a man in a suit doze on a park bench , with a sign for the subway in the background .",the man be fully awake .,DET NOUN ADP DET NOUN VERB ADP DET NOUN NOUN PUNCT ADP DET NOUN ADP DET NOUN ADP DET NOUN PUNCT,DET NOUN AUX ADV ADJ PUNCT
contradiction,an asian girl wearing a red hat along side several others with red hats as well,The woman's hat is green.,an asian girl wear a red hat along side several other with red hat as well,the woman 's hat be green .,DET ADJ NOUN VERB DET ADJ NOUN ADP NOUN ADJ NOUN ADP ADJ NOUN ADV ADV,DET NOUN PART NOUN AUX ADJ PUNCT
contradiction,An older workman is standing in wet cement with a trowel.,A man is laying down on wet cement.,an old workman be stand in wet cement with a trowel .,a man be lay down on wet cement .,DET ADJ NOUN AUX VERB ADP ADJ NOUN ADP DET NOUN PUNCT,DET NOUN AUX VERB ADP ADP ADJ NOUN PUNCT
contradiction,A football player in green tackles a football player in white.,Two players playing volleyball,a football player in green tackle a football player in white .,two player play volleyball,DET NOUN NOUN ADP ADJ NOUN DET NOUN NOUN ADP PROPN PUNCT,NUM NOUN VERB NOUN
contradiction,"A woman in black stands by a grill, with a bright green, blue, and yellow umbrella shading her.",The woman is not in black,"a woman in black stand by a grill , with a bright green , blue , and yellow umbrella shade she .",the woman be not in black,DET NOUN ADP ADJ NOUN ADP DET NOUN PUNCT ADP DET ADJ ADJ PUNCT ADJ PUNCT CCONJ VERB NOUN VERB PRON PUNCT,DET NOUN AUX PART ADP ADJ
contradiction,A group of children are waving a large cloth up and down.,There is only one child.,a group of child be wave a large cloth up and down .,there be only one child .,DET NOUN ADP NOUN AUX VERB DET ADJ NOUN ADV CCONJ ADV PUNCT,PRON AUX ADV NUM NOUN PUNCT
contradiction,The man in the striped shirt has the attention of a gathering crowd.,A man in a striped shirt walks down the street alone.,the man in the striped shirt have the attention of a gathering crowd .,a man in a striped shirt walk down the street alone .,DET NOUN ADP DET ADJ NOUN AUX DET NOUN ADP DET NOUN NOUN PUNCT,DET NOUN ADP DET ADJ NOUN VERB ADP DET NOUN ADV PUNCT
contradiction,The skateboard is falling away from the skateboarder as he attempt a jump.,Someone is riding a bicycle.,the skateboard be fall away from the skateboarder as he attempt a jump .,someone be rid a bicycle .,DET NOUN AUX VERB ADV ADP DET NOUN ADP PRON VERB DET NOUN PUNCT,PRON AUX VERB DET NOUN PUNCT
contradiction,Couple kisses while sitting on a bench next to a river while others are seated adjacent.,Two kids playing soccer.,couple kiss while sit on a bench next to a river while other be seat adjacent .,two kid play soccer .,NOUN VERB SCONJ VERB ADP DET NOUN ADV ADP DET NOUN SCONJ NOUN AUX VERB ADJ PUNCT,NUM NOUN VERB NOUN PUNCT
contradiction,Workers on a platform work together to carry an item with skyscrapers in the background.,Workers on a platform work to clean windows by the ocean.,worker on a platform work together to carry an item with skyscraper in the background .,worker on a platform work to clean window by the ocean .,NOUN ADP DET NOUN NOUN ADV PART VERB DET NOUN ADP NOUN ADP DET NOUN PUNCT,NOUN ADP DET NOUN NOUN PART VERB NOUN ADP DET NOUN PUNCT
contradiction,A large group of people are enjoying one another's company over coffee at Dunkin' Donuts.,The group are enjoying the fresh air.,a large group of people be enjoy one another 's company over coffee at dunkin ' donut .,the group be enjoy the fresh air .,DET ADJ NOUN ADP NOUN AUX VERB NUM DET PART NOUN ADP NOUN ADP PROPN PART NOUN PUNCT,DET NOUN AUX VERB DET ADJ NOUN PUNCT
contradiction,A person playing the accordion on a bridge.,The person is jumping off the bridge,a person play the accordion on a bridge .,the person be jump off the bridge,DET NOUN VERB DET NOUN ADP DET NOUN PUNCT,DET NOUN AUX VERB ADP DET NOUN
contradiction,He is at work overlooking the busy streets below.,The man comtemplates jumping.,he be at work overlook the busy street below .,the man comtemplate jump .,PRON AUX ADP NOUN VERB DET ADJ NOUN ADV PUNCT,DET NOUN VERB VERB PUNCT
contradiction,A man in a bright yellow and orange safety vest is showing a white architectural model to four people sitting at a table in a room.,The man is wearing a green vest,a man in a bright yellow and orange safety vest be show a white architectural model to four people sit at a table in a room .,the man be wear a green vest,DET NOUN ADP DET ADJ NOUN CCONJ ADJ NOUN NOUN AUX VERB DET ADJ ADJ NOUN ADP NUM NOUN VERB ADP DET NOUN ADP DET NOUN PUNCT,DET NOUN AUX VERB DET ADJ NOUN
contradiction,A man in a white outfit is outside.,A man in all black is indoors.,a man in a white outfit be outside .,a man in all black be indoor .,DET NOUN ADP DET ADJ NOUN AUX ADV PUNCT,DET NOUN ADP DET ADJ AUX NOUN PUNCT
contradiction,A dark dog jumps across the snow near the woods.,A dog sleeps on his bed inside by a fire.,a dark dog jump across the snow near the wood .,a dog sleep on his bed inside by a fire .,DET ADJ NOUN VERB ADP DET NOUN ADP DET NOUN PUNCT,DET NOUN VERB ADP PRON NOUN ADV ADP DET NOUN PUNCT
contradiction,A man with a visor and blue top has thrown a Frisbee off into the distance.,A man is playing Dance Dance Revolution.,a man with a visor and blue top have throw a frisbee off into the distance .,a man be play dance dance revolution .,DET NOUN ADP DET NOUN CCONJ ADJ NOUN AUX VERB DET PROPN ADP ADP DET NOUN PUNCT,DET NOUN AUX VERB PROPN PROPN PROPN PUNCT
contradiction,A little girl flipping her pancake over.,A little girl drinking her juice.,a little girl flip her pancake over .,a little girl drink her juice .,DET ADJ NOUN VERB PRON NOUN ADP PUNCT,DET ADJ NOUN VERB PRON NOUN PUNCT
contradiction,A man in a blue t-shirt is holding a little girl upside down.,The man made the little girl cry.,a man in a blue t - shirt be hold a little girl upside down .,the man make the little girl cry .,DET NOUN ADP DET ADJ NOUN PUNCT NOUN AUX VERB DET ADJ NOUN ADV ADV PUNCT,DET NOUN VERB DET ADJ NOUN NOUN PUNCT
contradiction,A construction worker is working on a support beam on a building.,A dog is running,a construction worker be work on a support beam on a building .,a dog be run,DET NOUN NOUN AUX VERB ADP DET NOUN NOUN ADP DET NOUN PUNCT,DET NOUN AUX VERB
contradiction,A man in a black vest tries to open the window of a white and yellow van.,The man is wearing a pink Hello Kitty vest.,a man in a black vest try to open the window of a white and yellow van .,the man be wear a pink hello kitty vest .,DET NOUN ADP DET ADJ NOUN VERB PART VERB DET NOUN ADP DET ADJ CCONJ ADJ NOUN PUNCT,DET NOUN AUX VERB DET ADJ INTJ PROPN NOUN PUNCT
contradiction,A guy near the water working with wood.,Guy swimming in the lake,a guy near the water work with wood .,guy swimming in the lake,DET NOUN ADP DET NOUN VERB ADP NOUN PUNCT,NOUN NOUN ADP DET NOUN
contradiction,A person in a wetsuit is surfing on the water.,The person is swimming.,a person in a wetsuit be surf on the water .,the person be swim .,DET NOUN ADP DET NOUN AUX VERB ADP DET NOUN PUNCT,DET NOUN AUX VERB PUNCT
contradiction,Woman sitting on chair with belongings in metal cart in front of spray painted graffiti.,A man runs down the street with a shopping cart.,woman sit on chair with belonging in metal cart in front of spray paint graffiti .,a man run down the street with a shopping cart .,NOUN VERB ADP NOUN ADP NOUN ADP NOUN NOUN ADP NOUN ADP NOUN VERB PROPN PUNCT,DET NOUN VERB ADP DET NOUN ADP DET NOUN NOUN PUNCT
contradiction,A girl with a red scarf wrapped around her neck is walking down the road carrying a white bag.,The girl skips along wearing her blue scarf,a girl with a red scarf wrap around her neck be walk down the road carry a white bag .,the girl skip along wear her blue scarf,DET NOUN ADP DET ADJ NOUN VERB ADP PRON NOUN AUX VERB ADP DET NOUN VERB DET ADJ NOUN PUNCT,DET NOUN VERB ADP VERB PRON ADJ NOUN
contradiction,A horse jockey is jumping a horse over an obstacle on a coarse.,a horse jocket is sleeping at home,a horse jockey be jump a horse over an obstacle on a coarse .,a horse jocket be sleep at home,DET NOUN NOUN AUX VERB DET NOUN ADP DET NOUN ADP DET NOUN PUNCT,DET NOUN NOUN AUX VERB ADP NOUN
contradiction,People attending an outdoor concert.,Some people watch an outdoor play.,people attend an outdoor concert .,some people watch an outdoor play .,NOUN VERB DET ADJ NOUN PUNCT,DET NOUN VERB DET ADJ NOUN PUNCT
contradiction,A male biker is doing a trick on a dirt path.,a man hiking on a path.,a male biker be do a trick on a dirt path .,a man hike on a path .,DET ADJ NOUN AUX VERB DET NOUN ADP DET NOUN NOUN PUNCT,DET NOUN VERB ADP DET NOUN PUNCT
contradiction,Man posing by a natural pool.,The man is posing by a billboard.,man pose by a natural pool .,the man be pose by a billboard .,NOUN VERB ADP DET ADJ NOUN PUNCT,DET NOUN AUX VERB ADP DET NOUN PUNCT
contradiction,Two men and a woman sit on a brown bench with a brown dog.,The bench has no brown on it.,two man and a woman sit on a brown bench with a brown dog .,the bench have no brown on it .,NUM NOUN CCONJ DET NOUN VERB ADP DET ADJ NOUN ADP DET ADJ NOUN PUNCT,DET NOUN AUX DET NOUN ADP PRON PUNCT
contradiction,A white woman looking outside her window in broad daylight.,a woman is asleep at home at midnight,a white woman look outside her window in broad daylight .,a woman be asleep at home at midnight,DET ADJ NOUN VERB ADP PRON NOUN ADP ADJ NOUN PUNCT,DET NOUN AUX ADJ ADP NOUN ADP NOUN
contradiction,A blond girl eating an ice cream.,A girl is cooking a steak.,a blond girl eat an ice cream .,a girl be cook a steak .,DET ADJ NOUN VERB DET NOUN NOUN PUNCT,DET NOUN AUX VERB DET NOUN PUNCT
contradiction,"An individual wearing a beanie and a blue coat stands hunched over suitcases of various items, including cameras and scissors, on the sidewalk.",The man is inside in front of the fireplace.,"an individual wear a beanie and a blue coat stand hunch over suitcase of various item , include camera and scissor , on the sidewalk .",the man be inside in front of the fireplace .,DET NOUN VERB DET NOUN CCONJ DET ADJ NOUN VERB VERB ADP NOUN ADP ADJ NOUN PUNCT VERB NOUN CCONJ NOUN PUNCT ADP DET NOUN PUNCT,DET NOUN AUX ADV ADP NOUN ADP DET NOUN PUNCT
contradiction,A man is walking down the street carrying a huge bundle of baskets.,The man is running on the beach.,a man be walk down the street carry a huge bundle of basket .,the man be run on the beach .,DET NOUN AUX VERB ADP DET NOUN VERB DET ADJ NOUN ADP NOUN PUNCT,DET NOUN AUX VERB ADP DET NOUN PUNCT
contradiction,Two men stand on a sidewalk in front of a tropical hotel.,Some men are standing inside an elegant hotel.,two man stand on a sidewalk in front of a tropical hotel .,some man be stand inside an elegant hotel .,NUM NOUN VERB ADP DET NOUN ADP NOUN ADP DET ADJ NOUN PUNCT,DET NOUN AUX VERB ADP DET ADJ NOUN PUNCT
contradiction,A woman in a white dress holding flowers standing in front of 4 cows.,A bride is riding a horse.,a woman in a white dress hold flower stand in front of 4 cow .,a bride be rid a horse .,DET NOUN ADP DET ADJ NOUN VERB NOUN VERB ADP NOUN ADP NUM NOUN PUNCT,DET NOUN AUX VERB DET NOUN PUNCT
contradiction,A middle-aged man with dark hair and glasses is looking through a telescope while holding a young boy who is looking at the camera.,The man is looking through binoculars.,a middle - aged man with dark hair and glass be look through a telescope while hold a young boy who be look at the camera .,the man be look through binocular .,DET ADJ PUNCT ADJ NOUN ADP ADJ NOUN CCONJ NOUN AUX VERB ADP DET NOUN SCONJ VERB DET ADJ NOUN PRON AUX VERB ADP DET NOUN PUNCT,DET NOUN AUX VERB ADP NOUN PUNCT
contradiction,Middle-aged man with long blond-hair and wearing glasses sits with a crowd.,The zombie is wearing glasses.,middle - aged man with long blond - hair and wear glass sit with a crowd .,the zombie be wear glass .,ADJ PUNCT ADJ NOUN ADP ADJ ADJ PUNCT NOUN CCONJ VERB NOUN VERB ADP DET NOUN PUNCT,DET NOUN AUX VERB NOUN PUNCT
contradiction,A man at a food cart is serving corn.,A woman at a food cart.,a man at a food cart be serve corn .,a woman at a food cart .,DET NOUN ADP DET NOUN NOUN AUX VERB NOUN PUNCT,DET NOUN ADP DET NOUN NOUN PUNCT
contradiction,"Two men standing in a work place, one man taking pictures.",The men are riding horses.,"two man stand in a work place , one man take picture .",the man be rid horse .,NUM NOUN VERB ADP DET NOUN NOUN PUNCT NUM NOUN VERB NOUN PUNCT,DET NOUN AUX VERB NOUN PUNCT
contradiction,A man stands in behind a tray of small toys.,A man is standing near large toys,a man stand in behind a tray of small toy .,a man be stand near large toy,DET NOUN VERB ADV ADP DET NOUN ADP ADJ NOUN PUNCT,DET NOUN AUX VERB ADP ADJ NOUN
contradiction,A well dressed asian businessman walking ahead of a poorly dressed asian man in front of a white tile wall.,Three women dressed in suits stand near a wall.,a well dress asian businessman walk ahead of a poorly dress asian man in front of a white tile wall .,three woman dress in suit stand near a wall .,DET ADV VERB ADJ NOUN VERB ADV ADP DET ADV VERB ADJ NOUN ADP NOUN ADP DET ADJ NOUN NOUN PUNCT,NUM NOUN VERB ADP NOUN VERB ADP DET NOUN PUNCT
contradiction,One of the members of KISS playing a white electric guitar in front of a black background.,The guitar is black,one of the member of kiss play a white electric guitar in front of a black background .,the guitar be black,NUM ADP DET NOUN ADP PROPN VERB DET PROPN ADJ NOUN ADP NOUN ADP DET ADJ NOUN PUNCT,DET NOUN AUX ADJ
contradiction,Children in swimming clothes in a field.,Children are wearing coats.,child in swimming clothe in a field .,child be wear coat .,NOUN ADP NOUN NOUN ADP DET NOUN PUNCT,NOUN AUX VERB NOUN PUNCT
contradiction,A little girl is walking along a line of logs on a sandy beach.,The girl is skating down the beach boardwalk.,a little girl be walk along a line of log on a sandy beach .,the girl be skate down the beach boardwalk .,DET ADJ NOUN AUX VERB ADP DET NOUN ADP NOUN ADP DET ADJ NOUN PUNCT,DET NOUN AUX VERB ADP DET NOUN NOUN PUNCT
contradiction,"A group of women in long, white skirts tie handkerchiefs to their heads.",The group of women are wearing black dresses.,"a group of woman in long , white skirt tie handkerchief to their head .",the group of woman be wear black dress .,DET NOUN ADP NOUN ADP ADJ PUNCT ADJ NOUN VERB NOUN ADP PRON NOUN PUNCT,DET NOUN ADP NOUN AUX VERB ADJ NOUN PUNCT
contradiction,Two man finish wrapping a billboard sign on a building that advertises Lombardi sports.,Two men are using sewing machines.,two man finish wrap a billboard sign on a building that advertise lombardi sport .,two man be use sewing machine .,NUM NOUN VERB VERB DET NOUN NOUN ADP DET NOUN PRON VERB PROPN NOUN PUNCT,NUM NOUN AUX VERB NOUN NOUN PUNCT
contradiction,Two girls sitting outside by a body of water.,Neil Armstrong is sitting with the girls.,two girl sit outside by a body of water .,neil armstrong be sit with the girl .,NUM NOUN VERB ADV ADP DET NOUN ADP NOUN PUNCT,PROPN PROPN AUX VERB ADP DET NOUN PUNCT
contradiction,A dog wading in the water with a ball in his mouth,The dog is dry.,a dog wad in the water with a ball in his mouth,the dog be dry .,DET NOUN VERB ADP DET NOUN ADP DET NOUN ADP PRON NOUN,DET NOUN AUX ADJ PUNCT
contradiction,A man in long plaid shorts and a Easter hat carrying a black bookbag walks with a heavyset woman with pink hair and wearing a hippie style dress walk away from the camera following many other similarly dressed people.,The group of people are all dressed in bikinis.,a man in long plaid short and a easter hat carry a black bookbag walk with a heavyset woman with pink hair and wear a hippie style dress walk away from the camera follow many other similarly dress people .,the group of people be all dress in bikini .,DET NOUN ADP ADJ NOUN NOUN CCONJ DET PROPN NOUN VERB DET ADJ NOUN VERB ADP DET ADJ NOUN ADP ADJ NOUN CCONJ VERB DET ADJ NOUN NOUN VERB ADV ADP DET NOUN VERB ADJ ADJ ADV VERB NOUN PUNCT,DET NOUN ADP NOUN AUX DET VERB ADP NOUN PUNCT
contradiction,Two children an adult wearing a bicycle helmet playing in a pile of fall leaves.,A lion roars into the wild.,two child an adult wear a bicycle helmet playing in a pile of fall leaf .,a lion roar into the wild .,NUM NOUN DET NOUN VERB DET NOUN NOUN NOUN ADP DET NOUN ADP NOUN NOUN PUNCT,DET NOUN VERB ADP DET NOUN PUNCT
contradiction,A man is putting up a poster in front of a shop.,The man is indoors.,a man be put up a poster in front of a shop .,the man be indoor .,DET NOUN AUX VERB ADP DET NOUN ADP NOUN ADP DET NOUN PUNCT,DET NOUN AUX NOUN PUNCT
contradiction,Two Asian women are holding a YMCA sign and posing for the picture.,the women are crying at the doctors office,two asian woman be hold a ymca sign and pose for the picture .,the woman be cry at the doctor office,NUM ADJ NOUN AUX VERB DET NOUN NOUN CCONJ VERB ADP DET NOUN PUNCT,DET NOUN AUX VERB ADP DET NOUN NOUN
contradiction,The man fishing while sitting on the cliff.,A woman is fishing on the cliff.,the man fish while sit on the cliff .,a woman be fish on the cliff .,DET NOUN VERB SCONJ VERB ADP DET NOUN PUNCT,DET NOUN AUX VERB ADP DET NOUN PUNCT
contradiction,Man with bowl cut and gray shirt photographed from behind on a subway.,A man draws a portrait of another man.,man with bowl cut and gray shirt photograph from behind on a subway .,a man draw a portrait of another man .,NOUN ADP NOUN NOUN CCONJ ADJ NOUN VERB ADP ADV ADP DET NOUN PUNCT,DET NOUN VERB DET NOUN ADP DET NOUN PUNCT
contradiction,A crowd of people sit an walk across dirty streets,People are running in a marathon.,a crowd of people sit an walk across dirty street,people be run in a marathon .,DET NOUN ADP NOUN VERB DET NOUN ADP ADJ NOUN,NOUN AUX VERB ADP DET NOUN PUNCT
contradiction,A young football player is setting up for a field goal.,A capital ship for an ocean trip was the Walloping Windowblind.,a young football player be set up for a field goal .,a capital ship for an ocean trip be the walloping windowblind .,DET ADJ NOUN NOUN AUX VERB ADP ADP DET NOUN NOUN PUNCT,DET NOUN NOUN ADP DET NOUN NOUN AUX DET PROPN PROPN PUNCT
contradiction,A group of young African American kids sitting on a white wall in front of a white building.,Some adults are walking near a white building.,a group of young african american kid sit on a white wall in front of a white building .,some adult be walk near a white building .,DET NOUN ADP ADJ ADJ ADJ NOUN VERB ADP DET ADJ NOUN ADP NOUN ADP DET ADJ NOUN PUNCT,DET NOUN AUX VERB ADP DET ADJ NOUN PUNCT
contradiction,Kenyan female running in a marathon.,The female is asleep at home.,kenyan female running in a marathon .,the female be asleep at home .,ADJ NOUN NOUN ADP DET NOUN PUNCT,DET NOUN AUX ADJ ADP NOUN PUNCT
contradiction,A woman in leopard print leggings pushes a stroller while a man in a blue dress shirt walks by her on the street.,The woman is wearing shorts.,a woman in leopard print legging push a stroller while a man in a blue dress shirt walk by she on the street .,the woman be wear short .,DET NOUN ADP NOUN NOUN NOUN VERB DET NOUN SCONJ DET NOUN ADP DET ADJ NOUN NOUN VERB ADP PRON ADP DET NOUN PUNCT,DET NOUN AUX VERB NOUN PUNCT
contradiction,Two guys are sitting in a room together.,A woman is holding a turtle.,two guy be sit in a room together .,a woman be hold a turtle .,NUM NOUN AUX VERB ADP DET NOUN ADV PUNCT,DET NOUN AUX VERB DET NOUN PUNCT
contradiction,A man standing on a bridge under a crane.,A man not standing on a bridge,a man stand on a bridge under a crane .,a man not stand on a bridge,DET NOUN VERB ADP DET NOUN ADP DET NOUN PUNCT,DET NOUN PART VERB ADP DET NOUN
contradiction,"Two soccer players, one in white, the other in maroon, are playing and the player in white is going for a header.",Three football players are sidelined.,"two soccer player , one in white , the other in maroon , be play and the player in white be go for a header .",three football player be sideline .,NUM NOUN NOUN PUNCT NUM ADP ADJ PUNCT DET ADJ ADP NOUN PUNCT AUX VERB CCONJ DET NOUN ADP PROPN AUX VERB ADP DET NOUN PUNCT,NUM NOUN NOUN AUX VERB PUNCT
contradiction,A young girl with pink hoodie and faded jeans is putting her face in front of a talking tube.,An individual stands infront of a pool.,a young girl with pink hoodie and fade jean be put her face in front of a talk tube .,an individual stand infront of a pool .,DET ADJ NOUN ADP ADJ NOUN CCONJ VERB NOUN AUX VERB PRON NOUN ADP NOUN ADP DET VERB NOUN PUNCT,DET NOUN VERB ADV ADP DET NOUN PUNCT
contradiction,A soccer player is getting ready to kick the ball.,The soccer player is asleep on the field.,a soccer player be get ready to kick the ball .,the soccer player be asleep on the field .,DET NOUN NOUN AUX VERB ADJ PART VERB DET NOUN PUNCT,DET NOUN NOUN AUX ADJ ADP DET NOUN PUNCT
contradiction,A woman in a green shirt walking.,A woman in a green shirt is standing still.,a woman in a green shirt walk .,a woman in a green shirt be stand still .,DET NOUN ADP DET ADJ NOUN VERB PUNCT,DET NOUN ADP DET ADJ NOUN AUX VERB ADV PUNCT
contradiction,A young girl is looking through an old fashioned video camera.,A girl is drawing a picture.,a young girl be look through an old fashioned video camera .,a girl be draw a picture .,DET ADJ NOUN AUX VERB ADP DET ADJ ADJ NOUN NOUN PUNCT,DET NOUN AUX VERB DET NOUN PUNCT
contradiction,"A girl, a boy, and a woman looking in the same direction.",Two people share a milkshake.,"a girl , a boy , and a woman look in the same direction .",two people share a milkshake .,DET NOUN PUNCT DET NOUN PUNCT CCONJ DET NOUN VERB ADP DET ADJ NOUN PUNCT,NUM NOUN VERB DET NOUN PUNCT
contradiction,The young man sleeps while he walks.,The guy doesn't sleep walk,the young man sleep while he walk .,the guy do not sleep walk,DET ADJ NOUN VERB SCONJ PRON VERB PUNCT,DET NOUN AUX PART VERB VERB
contradiction,A couple of men sitting under a tent.,The men are doing laps in a pool.,a couple of man sit under a tent .,the man be do lap in a pool .,DET NOUN ADP NOUN VERB ADP DET NOUN PUNCT,DET NOUN AUX VERB NOUN ADP DET NOUN PUNCT
contradiction,Four men are walking up a trail.,the men are riding a boat,four man be walk up a trail .,the man be rid a boat,NUM NOUN AUX VERB ADP DET NOUN PUNCT,DET NOUN AUX VERB DET NOUN
contradiction,A man is riding the bike without wearing his helmet.,The man has been bowling for hours.,a man be rid the bike without wear his helmet .,the man have be bowl for hour .,DET NOUN AUX VERB DET NOUN ADP VERB PRON NOUN PUNCT,DET NOUN AUX AUX VERB ADP NOUN PUNCT
contradiction,Boy wearing helmet stands by tree while man wearing helmet checks bicycle wheel.,the man took his son fishing,boy wear helmet stand by tree while man wear helmet check bicycle wheel .,the man take his son fish,INTJ VERB NOUN VERB ADP NOUN SCONJ NOUN VERB NOUN NOUN NOUN NOUN PUNCT,DET NOUN VERB PRON NOUN VERB
contradiction,A person jogs down a gravel road after a small dog.,The person is walking.,a person jog down a gravel road after a small dog .,the person be walk .,DET NOUN VERB ADP DET ADJ NOUN ADP DET ADJ NOUN PUNCT,DET NOUN AUX VERB PUNCT
contradiction,A man standing in front of a blue wall in a brown shirt and white pants.,The shirt is yellow,a man stand in front of a blue wall in a brown shirt and white pant .,the shirt be yellow,DET NOUN VERB ADP NOUN ADP DET ADJ NOUN ADP DET ADJ NOUN CCONJ ADJ NOUN PUNCT,DET NOUN AUX ADJ
contradiction,A woman in a green dress looking at another woman's ring on a street.,A woman with another woman walking besides her.,a woman in a green dress look at another woman 's ring on a street .,a woman with another woman walk besides she .,DET NOUN ADP DET ADJ NOUN VERB ADP DET NOUN PART NOUN ADP DET NOUN PUNCT,DET NOUN ADP DET NOUN VERB SCONJ PRON PUNCT
contradiction,A young man prepares some hamburgers on a grill in the backyard.,The man is sitting on his sofa.,a young man prepare some hamburger on a grill in the backyard .,the man be sit on his sofa .,DET ADJ NOUN VERB DET NOUN ADP DET NOUN ADP DET NOUN PUNCT,DET NOUN AUX VERB ADP PRON NOUN PUNCT
contradiction,A man in an orange shirt and hat looks on while a young child walks in the grass.,The child is running away from the man.,a man in an orange shirt and hat look on while a young child walk in the grass .,the child be run away from the man .,DET NOUN ADP DET ADJ NOUN CCONJ NOUN VERB ADP SCONJ DET ADJ NOUN VERB ADP DET NOUN PUNCT,DET NOUN AUX VERB ADV ADP DET NOUN PUNCT
contradiction,Men in a kitchen preparing food.,Several men play football.,man in a kitchen prepare food .,several man play football .,NOUN ADP DET NOUN VERB NOUN PUNCT,ADJ NOUN VERB NOUN PUNCT
contradiction,"Basketball team, with one of the players about to go for a shoot.",There is a hockey team.,"basketball team , with one of the player about to go for a shoot .",there be a hockey team .,NOUN NOUN PUNCT ADP NUM ADP DET NOUN ADP PART VERB ADP DET NOUN PUNCT,PRON AUX DET NOUN NOUN PUNCT
contradiction,A man throwing an object at a dog who is running away.,A man is petting a dog laying at his feet.,a man throw an object at a dog who be run away .,a man be pet a dog lay at his foot .,DET NOUN VERB DET NOUN ADP DET NOUN PRON AUX VERB ADV PUNCT,DET NOUN AUX VERB DET NOUN VERB ADP PRON NOUN PUNCT
contradiction,"A young Asian girl, with a black, Carnegie Mellon sweatshirt, is walking and listening to music through white earbuds.",A boy is doing his homework in class.,"a young asian girl , with a black , carnegie mellon sweatshirt , be walk and listen to music through white earbuds .",a boy be do his homework in class .,DET ADJ ADJ NOUN PUNCT ADP DET ADJ PUNCT PROPN PROPN NOUN PUNCT AUX VERB CCONJ VERB ADP NOUN ADP ADJ PROPN PUNCT,DET NOUN AUX VERB PRON NOUN ADP NOUN PUNCT
contradiction,A little boy wearing a white shirt and gray pants appears to be dancing.,A backpacker strolls through his school,a little boy wear a white shirt and gray pant appear to be dance .,a backpacker stroll through his school,DET ADJ NOUN VERB DET ADJ NOUN CCONJ ADJ NOUN VERB PART AUX VERB PUNCT,DET NOUN VERB ADP PRON NOUN
contradiction,A woman is eating something in public.,a woman eats in her home,a woman be eat something in public .,a woman eat in her home,DET NOUN AUX VERB PRON ADP NOUN PUNCT,DET NOUN VERB ADP PRON NOUN
contradiction,A woman with a purple number 10 shirt and blue shorts stands in front of a brick wall full of sitting children.,Children are running in a field.,a woman with a purple number 10 shirt and blue short stand in front of a brick wall full of sit child .,child be run in a field .,DET NOUN ADP DET ADJ NOUN NUM NOUN CCONJ ADJ NOUN VERB ADP NOUN ADP DET NOUN NOUN ADJ ADP VERB NOUN PUNCT,NOUN AUX VERB ADP DET NOUN PUNCT
contradiction,"A woman, wearing a burqa, is holding a disturbing picture of a young girl lying outside in an area with rocks.",A woman is taking pictures of puppies,"a woman , wear a burqa , be hold a disturbing picture of a young girl lie outside in an area with rock .",a woman be take picture of puppy,DET NOUN PUNCT VERB DET NOUN PUNCT AUX VERB DET ADJ NOUN ADP DET ADJ NOUN VERB ADV ADP DET NOUN ADP NOUN PUNCT,DET NOUN AUX VERB NOUN ADP NOUN
contradiction,A person in a blue shirt and hat working on a roof of a structure that is behind a fence.,The person in the blue shirt was eating lunch,a person in a blue shirt and hat work on a roof of a structure that be behind a fence .,the person in the blue shirt be eat lunch,DET NOUN ADP DET ADJ NOUN CCONJ NOUN VERB ADP DET NOUN ADP DET NOUN PRON AUX ADP DET NOUN PUNCT,DET NOUN ADP DET ADJ NOUN AUX VERB NOUN
contradiction,A little girl in blue is watching a little boy in black swing at a disney princess pinata.,kids at school take a test,a little girl in blue be watch a little boy in black swing at a disney princess pinata .,kid at school take a test,DET ADJ NOUN ADP PROPN AUX VERB DET ADJ NOUN ADP ADJ NOUN ADP DET ADJ NOUN NOUN PUNCT,NOUN ADP NOUN VERB DET NOUN
contradiction,a group of people being pulled in a horse buggy by 4 horses on a grassy field.,A group of men are dancing.,a group of people be pull in a horse buggy by 4 horse on a grassy field .,a group of man be dance .,DET NOUN ADP NOUN AUX VERB ADP DET NOUN NOUN ADP NUM NOUN ADP DET ADJ NOUN PUNCT,DET NOUN ADP NOUN AUX VERB PUNCT
contradiction,Bicyclists stay in a line as each wear different color suits.,The bicyclists are wearing the same color.,bicyclist stay in a line as each wear different color suit .,the bicyclist be wear the same color .,NOUN VERB ADP DET NOUN ADP DET VERB ADJ NOUN NOUN PUNCT,DET NOUN AUX VERB DET ADJ NOUN PUNCT
contradiction,Two baseball players in striped uniforms are hugging.,Two baseball players are not hugging,two baseball player in striped uniform be hug .,two baseball player be not hug,NUM NOUN NOUN ADP ADJ NOUN AUX VERB PUNCT,NUM NOUN NOUN AUX PART VERB
contradiction,"Kids doing a soccer drill in the soccer field, they are all dress in soccer uniforms except for one boy which is wearing casual clothing.",A woman bakes bread.,"kid do a soccer drill in the soccer field , they be all dress in soccer uniform except for one boy which be wear casual clothing .",a woman bake bread .,NOUN VERB DET NOUN NOUN ADP DET NOUN NOUN PUNCT PRON AUX ADV NOUN ADP NOUN NOUN SCONJ ADP NUM NOUN DET AUX VERB ADJ NOUN PUNCT,DET NOUN VERB NOUN PUNCT
contradiction,A young boy standing between a wall and several large boulders.,Peter Pan was 87.,a young boy stand between a wall and several large boulder .,peter pan be 87 .,DET ADJ NOUN VERB ADP DET NOUN CCONJ ADJ ADJ NOUN PUNCT,PROPN PROPN AUX NUM PUNCT
contradiction,Two young boys appear to be throwing rocks into a lake from the bank.,The boys are in a grassy field.,two young boy appear to be throw rock into a lake from the bank .,the boy be in a grassy field .,NUM ADJ NOUN VERB PART AUX VERB NOUN ADP DET NOUN ADP DET NOUN PUNCT,DET NOUN AUX ADP DET ADJ NOUN PUNCT
contradiction,A chef wearing white and black (and a white chef hat) lifting a spoon full of his newly concocted soup from a large stainless steel pot.,A man wearing jeans is spitting into the soup.,a chef wear white and black ( and a white chef hat ) lift a spoon full of his newly concoct soup from a large stainless steel pot .,a man wear jean be spit into the soup .,DET NOUN VERB ADJ CCONJ ADJ PUNCT CCONJ DET ADJ NOUN PROPN PUNCT VERB DET NOUN ADJ ADP PRON ADV VERB NOUN ADP DET ADJ ADJ NOUN NOUN PUNCT,DET NOUN VERB NOUN AUX VERB ADP DET NOUN PUNCT
contradiction,People walk by a display of underwear hanging in a stall.,The people are swimming in the ocean.,people walk by a display of underwear hang in a stall .,the people be swim in the ocean .,NOUN VERB ADP DET NOUN ADP NOUN VERB ADP DET NOUN PUNCT,DET NOUN AUX VERB ADP DET NOUN PUNCT
contradiction,Three greyhounds racing around the corner of a track.,Three grayhounds are loafing around the corner of a track,three greyhound race around the corner of a track .,three grayhound be loaf around the corner of a track,NUM NOUN VERB ADP DET NOUN ADP DET NOUN PUNCT,NUM VERB AUX VERB ADP DET NOUN ADP DET NOUN
contradiction,A lady waiting to walk across the street.,The lady is inside reading a book.,a lady wait to walk across the street .,the lady be inside read a book .,DET NOUN VERB PART VERB ADP DET NOUN PUNCT,DET NOUN AUX ADV VERB DET NOUN PUNCT
contradiction,A boy in a green t-shirt and orange pants is using chalk to draw on the sidewalk as a younger boy in a yellow t-shirt looks on.,A kid draws on a wall while no one watches.,a boy in a green t - shirt and orange pant be use chalk to draw on the sidewalk as a young boy in a yellow t - shirt look on .,a kid draw on a wall while no one watch .,DET NOUN ADP DET ADJ NOUN PUNCT NOUN CCONJ NOUN NOUN AUX VERB NOUN PART VERB ADP DET NOUN ADP DET ADJ NOUN ADP DET ADJ NOUN PUNCT NOUN VERB ADP PUNCT,DET NOUN VERB ADP DET NOUN SCONJ DET NOUN VERB PUNCT
contradiction,A man wearing black pants is sitting on a bench holding a stick.,A man is picking up sticks that have fallen in his yard.,a man wear black pant be sit on a bench hold a stick .,a man be pick up stick that have fall in his yard .,DET NOUN VERB ADJ NOUN AUX VERB ADP DET NOUN VERB DET NOUN PUNCT,DET NOUN AUX VERB ADP NOUN PRON AUX VERB ADP PRON NOUN PUNCT
contradiction,"An old woman gazes up with thought, with two smiling women and a large man in the back and foreground.",The woman is asleep in the grassy meadow.,"an old woman gaze up with thought , with two smile woman and a large man in the back and foreground .",the woman be asleep in the grassy meadow .,DET ADJ NOUN VERB ADP ADP NOUN PUNCT ADP NUM VERB NOUN CCONJ DET ADJ NOUN ADP DET NOUN CCONJ NOUN PUNCT,DET NOUN AUX ADJ ADP DET ADJ NOUN PUNCT
contradiction,People are standing around with one person hanging a tarp.,There are people sitting.,people be stand around with one person hang a tarp .,there be people sit .,NOUN AUX VERB ADV ADP NUM NOUN VERB DET NOUN PUNCT,PRON AUX NOUN VERB PUNCT
contradiction,A man sitting on a ball hides his face from a small kid.,They are inside playing games.,a man sit on a ball hide his face from a small kid .,they be inside playing game .,DET NOUN VERB ADP DET NOUN VERB PRON NOUN ADP DET ADJ NOUN PUNCT,PRON AUX ADP NOUN NOUN PUNCT
contradiction,A man in a yellow jumpsuit is standing outside next to brown bags on the ground.,A man is sleeping.,a man in a yellow jumpsuit be stand outside next to brown bag on the ground .,a man be sleep .,DET NOUN ADP DET ADJ NOUN AUX VERB ADV ADV ADP ADJ NOUN ADP DET NOUN PUNCT,DET NOUN AUX VERB PUNCT
contradiction,A young girl wearing a dress is running in a field.,The young girl is learning her alphabet in her preschool classroom right now.,a young girl wear a dress be run in a field .,the young girl be learn her alphabet in her preschool classroom right now .,DET ADJ NOUN VERB DET NOUN AUX VERB ADP DET NOUN PUNCT,DET ADJ NOUN AUX VERB PRON NOUN ADP PRON ADJ NOUN ADV ADV PUNCT
contradiction,Three teenage boys standing in front of a white car,Three boys on a boat,three teenage boy stand in front of a white car,three boy on a boat,NUM ADJ NOUN VERB ADP NOUN ADP DET ADJ NOUN,NUM NOUN ADP DET NOUN
contradiction,A man close to a red car is taking pictures.,a man is driving a tank next to a black car,a man close to a red car be take picture .,a man be drive a tank next to a black car,DET NOUN ADJ ADP DET ADJ NOUN AUX VERB NOUN PUNCT,DET NOUN AUX VERB DET NOUN ADV ADP DET ADJ NOUN
contradiction,A woman with a camera stands next to a stone wall.,The woman is having dinner in the theater,a woman with a camera stand next to a stone wall .,the woman be have dinner in the theater,DET NOUN ADP DET NOUN VERB ADV ADP DET NOUN NOUN PUNCT,DET NOUN AUX VERB NOUN ADP DET NOUN
contradiction,A woman sitting on a wall on a bright summer day.,A woman is standing near a fence.,a woman sit on a wall on a bright summer day .,a woman be stand near a fence .,DET NOUN VERB ADP DET NOUN ADP DET ADJ NOUN NOUN PUNCT,DET NOUN AUX VERB ADP DET NOUN PUNCT
contradiction,Race cars driving through rain on a racetrack at night.,A man drives a tank.,race car drive through rain on a racetrack at night .,a man drive a tank .,NOUN NOUN VERB ADP NOUN ADP DET NOUN ADP NOUN PUNCT,DET NOUN VERB DET NOUN PUNCT
contradiction,A Yankees fan sits at a computer with headphones on.,A booger sitting at a computer with headphones on.,a yankees fan sit at a computer with headphone on .,a booger sit at a computer with headphone on .,DET PROPN NOUN VERB ADP DET NOUN ADP NOUN ADP PUNCT,DET NOUN VERB ADP DET NOUN ADP NOUN ADP PUNCT
contradiction,A man in a black shirt jumping with a coffee cup full of a beverage.,The man in red danced with a mug.,a man in a black shirt jump with a coffee cup full of a beverage .,the man in red dance with a mug .,DET NOUN ADP DET ADJ NOUN VERB ADP DET NOUN NOUN ADJ ADP DET NOUN PUNCT,DET NOUN ADP ADJ VERB ADP DET NOUN PUNCT
contradiction,Their are three women at a desk and the women with the long braid looks in the microscope.,The women are giving puppies a bath.,their be three woman at a desk and the woman with the long braid look in the microscope .,the woman be give puppy a bath .,PRON AUX NUM NOUN ADP DET NOUN CCONJ DET NOUN ADP DET ADJ ADJ NOUN ADP DET NOUN PUNCT,DET NOUN AUX VERB NOUN DET NOUN PUNCT
contradiction,A woman sits on a mat surrounded by red fruits.,The woman is driving a car.,a woman sit on a mat surround by red fruit .,the woman be drive a car .,DET NOUN VERB ADP DET NOUN VERB ADP ADJ NOUN PUNCT,DET NOUN AUX VERB DET NOUN PUNCT
contradiction,Many people crowded on some sort of public transportation.,a group of giraffes in a zoo pen,many people crowd on some sort of public transportation .,a group of giraffe in a zoo pen,ADJ NOUN VERB ADP DET NOUN ADP ADJ NOUN PUNCT,DET NOUN ADP NOUN ADP DET NOUN NOUN
contradiction,"Two women on the beach, looking at a tattoo on one of their backs.",Two women swim and flirt with guys at the beach.,"two woman on the beach , look at a tattoo on one of their back .",two woman swim and flirt with guy at the beach .,NUM NOUN ADP DET NOUN PUNCT VERB ADP DET ADV ADP NUM ADP PRON NOUN PUNCT,NUM NOUN VERB CCONJ VERB ADP NOUN ADP DET NOUN PUNCT
contradiction,Little toddler riding his bike for the first time.,A girl learns to dance.,little toddler rid his bike for the first time .,a girl learn to dance .,ADJ NOUN VERB PRON NOUN ADP DET ADJ NOUN PUNCT,DET NOUN VERB PART VERB PUNCT
contradiction,A woman with a blue jacket and black pants is under a black and yellow tent,A woman in a green dress is in line to buy popcorn at a movie theater.,a woman with a blue jacket and black pant be under a black and yellow tent,a woman in a green dress be in line to buy popcorn at a movie theater .,DET NOUN ADP DET ADJ NOUN CCONJ ADJ NOUN AUX ADP DET ADJ CCONJ ADJ NOUN,DET NOUN ADP DET ADJ NOUN AUX ADP NOUN PART VERB NOUN ADP DET NOUN NOUN PUNCT
contradiction,A football quarterback dropping back and planting his feet to throw a pass.,man fell down on the ground,a football quarterback drop back and plant his foot to throw a pass .,man fall down on the ground,DET NOUN NOUN VERB ADV CCONJ VERB PRON NOUN PART VERB DET NOUN PUNCT,NOUN VERB ADP ADP DET NOUN
contradiction,A man in a red t-shirt rides his bicycle past Eddie's Sweet Shop.,A man fell off his bicycle.,a man in a red t - shirt rid his bicycle past eddie 's sweet shop .,a man fall off his bicycle .,DET NOUN ADP DET ADJ NOUN PUNCT NOUN VERB PRON NOUN ADP PROPN PART PROPN PROPN PUNCT,DET NOUN VERB ADP PRON NOUN PUNCT
contradiction,Woman in nice clothes does not have an umbrella.,the woman is asleep at home,woman in nice clothe do not have an umbrella .,the woman be asleep at home,NOUN ADP ADJ NOUN AUX PART AUX DET NOUN PUNCT,DET NOUN AUX ADJ ADP NOUN
contradiction,"Several construction workers next to a rail, with a child dressed as a worker.",There are several cashiers next to a rail.,"several construction worker next to a rail , with a child dress as a worker .",there be several cashier next to a rail .,ADJ NOUN NOUN ADV ADP DET NOUN PUNCT ADP DET NOUN VERB ADP DET NOUN PUNCT,PRON AUX ADJ NOUN ADV ADP DET NOUN PUNCT
contradiction,A martial arts competition between a blue and red belt.,The band is playing at the marching band competition.,a martial art competition between a blue and red belt .,the band be play at the march band competition .,DET ADJ NOUN NOUN ADP DET ADJ CCONJ ADJ NOUN PUNCT,DET NOUN AUX VERB ADP DET VERB NOUN NOUN PUNCT
contradiction,There are buildings in the background.,A desert rests in the background,there be building in the background .,a desert rest in the background,PRON AUX NOUN ADP DET NOUN PUNCT,DET NOUN VERB ADP DET NOUN
contradiction,A young artist paints a picture of several people kayaking in the lake.,The photographer takes a picture of the beach.,a young artist paint a picture of several people kayak in the lake .,the photographer take a picture of the beach .,DET ADJ NOUN VERB DET NOUN ADP ADJ NOUN VERB ADP DET NOUN PUNCT,DET NOUN VERB DET NOUN ADP DET NOUN PUNCT
contradiction,A girl with long hair is riding a teeter totter.,A girl climbing the monkey bars.,a girl with long hair be rid a teeter totter .,a girl climb the monkey bar .,DET NOUN ADP ADJ NOUN AUX VERB DET NOUN NOUN PUNCT,DET NOUN VERB DET NOUN NOUN PUNCT
contradiction,"A classroom in India, with many decorations hanging from the ceilings, and a white circle on the floor.",A classroom in India is bare.,"a classroom in india , with many decoration hang from the ceiling , and a white circle on the floor .",a classroom in india be bare .,DET NOUN ADP PROPN PUNCT ADP ADJ NOUN VERB ADP DET NOUN PUNCT CCONJ DET ADJ NOUN ADP DET NOUN PUNCT,DET NOUN ADP PROPN AUX ADJ PUNCT
contradiction,Two girls holding cups of water while walking next to a barbed wire fence.,People are dancing on a table in the park.,two girl hold cup of water while walk next to a barbed wire fence .,people be dance on a table in the park .,NUM NOUN VERB NOUN ADP NOUN SCONJ VERB ADV ADP DET ADJ NOUN NOUN PUNCT,NOUN AUX VERB ADP DET NOUN ADP DET NOUN PUNCT
contradiction,Bicyclists waiting at an intersection.,A bicyclist is sitting down having lunch at the mall.,bicyclist wait at an intersection .,a bicyclist be sit down have lunch at the mall .,NOUN VERB ADP DET NOUN PUNCT,DET NOUN AUX VERB ADP VERB NOUN ADP DET NOUN PUNCT
contradiction,Three men in a fishing boat on a river in Africa.,three men swimming in river,three man in a fishing boat on a river in africa .,three man swim in river,NUM NOUN ADP DET NOUN NOUN ADP DET NOUN ADP PROPN PUNCT,NUM NOUN VERB ADP NOUN
contradiction,People eating at an Asian restaurant.,People are eating at a Pizza Hut.,people eat at an asian restaurant .,people be eat at a pizza hut .,NOUN VERB ADP DET ADJ NOUN PUNCT,NOUN AUX VERB ADP DET PROPN PROPN PUNCT
contradiction,A woman in a string bathing suit with a man on a boardwalk on a foggy day.,A woman is in a one piece suit,a woman in a string bathing suit with a man on a boardwalk on a foggy day .,a woman be in a one piece suit,DET NOUN ADP DET NOUN NOUN NOUN ADP DET NOUN ADP DET NOUN ADP DET ADJ NOUN PUNCT,DET NOUN AUX ADP DET NUM NOUN NOUN
entailment,A little girl in a yellow dress lays on a wooden floor surrounded by flowers.,A girl is laying on the floor next to flowers.,a little girl in a yellow dress lay on a wooden floor surround by flower .,a girl be lay on the floor next to flower .,DET ADJ NOUN ADP DET ADJ NOUN NOUN ADP DET ADJ NOUN VERB ADP NOUN PUNCT,DET NOUN AUX VERB ADP DET NOUN ADV ADP NOUN PUNCT
entailment,"A man with a yellow jacket, bright red tie, and red clown nose with a large sign on his back standing on a walkway.",A man is on the walkway.,"a man with a yellow jacket , bright red tie , and red clown nose with a large sign on his back standing on a walkway .",a man be on the walkway .,DET NOUN ADP DET ADJ NOUN PUNCT ADJ ADJ NOUN PUNCT CCONJ ADJ PROPN NOUN ADP DET ADJ NOUN ADP PRON NOUN NOUN ADP DET NOUN PUNCT,DET NOUN AUX ADP DET NOUN PUNCT
entailment,Man on a moped looking back as he crosses the street.,The man is on a moped.,man on a moped look back as he cross the street .,the man be on a moped .,NOUN ADP DET ADJ VERB ADV ADP PRON VERB DET NOUN PUNCT,DET NOUN AUX ADP DET NOUN PUNCT
entailment,A small brown dog playing with bubbles in grass.,The brown dog is engaged in a pysical activity.,a small brown dog play with bubble in grass .,the brown dog be engage in a pysical activity .,DET ADJ ADJ NOUN VERB ADP NOUN ADP NOUN PUNCT,DET ADJ NOUN AUX VERB ADP DET ADJ NOUN PUNCT
entailment,A dog stands on the edge of an icy body of water.,A dog is standing outside.,a dog stand on the edge of an icy body of water .,a dog be stand outside .,DET NOUN VERB ADP DET NOUN ADP DET ADJ NOUN ADP NOUN PUNCT,DET NOUN AUX VERB ADV PUNCT
entailment,A man in black surfs on a wave.,The guy is surfing.,a man in black surfs on a wave .,the guy be surf .,DET NOUN ADP ADJ NOUN ADP DET NOUN PUNCT,DET NOUN AUX VERB PUNCT
entailment,"A young Asian woman wearing a mask drives a scooter in a crowded street, with a young man sitting behind her.",A young lady is driving a scooter.,"a young asian woman wear a mask drive a scooter in a crowded street , with a young man sit behind she .",a young lady be drive a scooter .,DET ADJ ADJ NOUN VERB DET NOUN VERB DET NOUN ADP DET ADJ NOUN PUNCT ADP DET ADJ NOUN VERB ADP PRON PUNCT,DET ADJ NOUN AUX VERB DET NOUN PUNCT
entailment,A little girl in a brown top and pink pants is balancing a bowl with plants in it on her head.,A girl has a bowl of plants on her head.,a little girl in a brown top and pink pant be balance a bowl with plant in it on her head .,a girl have a bowl of plant on her head .,DET ADJ NOUN ADP DET ADJ NOUN CCONJ ADJ NOUN AUX VERB DET NOUN ADP NOUN ADP PRON ADP PRON NOUN PUNCT,DET NOUN AUX DET NOUN ADP NOUN ADP PRON NOUN PUNCT
entailment,two girls are laying down together on a couch,Two people are laying together on a couch.,two girl be lay down together on a couch,two people be lay together on a couch .,NUM NOUN AUX VERB ADP ADV ADP DET NOUN,NUM NOUN AUX VERB ADV ADP DET NOUN PUNCT
entailment,A man is playing an organ.,a man is pressing keys,a man be play an organ .,a man be press key,DET NOUN AUX VERB DET NOUN PUNCT,DET NOUN AUX VERB NOUN
entailment,A girl in a white dress walks toward the water and away from white boots on a beach.,A girl walks toward the water.,a girl in a white dress walk toward the water and away from white boot on a beach .,a girl walk toward the water .,DET NOUN ADP DET ADJ NOUN VERB ADP DET NOUN CCONJ ADV ADP ADJ NOUN ADP DET NOUN PUNCT,DET NOUN VERB ADP DET NOUN PUNCT
entailment,"On a narrow street lined with houses, some with red awnings, a man talks on his cellphone.",A man talks.,"on a narrow street line with house , some with red awning , a man talk on his cellphone .",a man talk .,ADP DET ADJ NOUN VERB ADP NOUN PUNCT DET ADP ADJ NOUN PUNCT DET NOUN VERB ADP PRON NOUN PUNCT,DET NOUN VERB PUNCT
entailment,three little girls run on a soccer field.,Children playing sports.,three little girl run on a soccer field .,child play sport .,NUM ADJ NOUN VERB ADP DET NOUN NOUN PUNCT,NOUN VERB NOUN PUNCT
entailment,A couple covered in paint caught the attention of those in front of them at the fruit stand.,Paint-covered people attract interest.,a couple cover in paint catch the attention of those in front of they at the fruit stand .,paint - cover people attract interest .,DET NOUN VERB ADP NOUN VERB DET NOUN ADP DET ADP NOUN ADP PRON ADP DET NOUN NOUN PUNCT,NOUN PUNCT VERB NOUN VERB NOUN PUNCT
entailment,The happy couple enjoys the scenic winter stream.,The couple is enjoying the winter weather.,the happy couple enjoy the scenic winter stream .,the couple be enjoy the winter weather .,DET ADJ NOUN VERB DET ADJ NOUN NOUN PUNCT,DET NOUN AUX VERB DET NOUN NOUN PUNCT
entailment,A squad of military personnel are driving a jeep in an urban setting.,The military are in an urban area.,a squad of military personnel be drive a jeep in an urban setting .,the military be in an urban area .,DET NOUN ADP ADJ NOUN AUX VERB DET NOUN ADP DET ADJ NOUN PUNCT,DET NOUN AUX ADP DET ADJ NOUN PUNCT
entailment,A kid standing up on a swing in a park.,A kid standing tall on a swing outdoors.,a kid stand up on a swing in a park .,a kid stand tall on a swing outdoors .,DET NOUN VERB ADP ADP DET NOUN ADP DET NOUN PUNCT,DET NOUN VERB ADJ ADP DET NOUN ADV PUNCT
entailment,A foreign politician answering questions from the media.,A politician is speaking.,a foreign politician answer question from the medium .,a politician be speak .,DET ADJ NOUN VERB NOUN ADP DET NOUN PUNCT,DET NOUN AUX VERB PUNCT
entailment,A couple of older people are sitting on a chair in an area surrounded by railing.,A couple of older people are sitting on a chair,a couple of old people be sit on a chair in an area surround by rail .,a couple of old people be sit on a chair,DET NOUN ADP ADJ NOUN AUX VERB ADP DET NOUN ADP DET NOUN VERB ADP VERB PUNCT,DET NOUN ADP ADJ NOUN AUX VERB ADP DET NOUN
entailment,An African with an old magnesium flash camera.,The person is using a camera.,an african with an old magnesium flash camera .,the person be use a camera .,DET PROPN ADP DET ADJ NOUN NOUN NOUN PUNCT,DET NOUN AUX VERB DET NOUN PUNCT
entailment,A man dressed in blue stands against a wall.,There is a person dressed in a cool color who is standing.,a man dress in blue stand against a wall .,there be a person dress in a cool color who be stand .,DET NOUN VERB ADP ADJ VERB ADP DET NOUN PUNCT,PRON AUX DET NOUN VERB ADP DET ADJ NOUN PRON AUX VERB PUNCT
entailment,"A man pushes a miniature train engine which a little boy, possibly his son, is riding down a track at a park of some sort.",A boy and his father are enjoying their time at a park.,"a man push a miniature train engine which a little boy , possibly his son , be rid down a track at a park of some sort .",a boy and his father be enjoy their time at a park .,DET NOUN VERB DET ADJ NOUN NOUN DET DET ADJ NOUN PUNCT ADV PRON NOUN PUNCT AUX VERB ADP DET NOUN ADP DET NOUN ADP DET NOUN PUNCT,DET NOUN CCONJ PRON NOUN AUX VERB PRON NOUN ADP DET NOUN PUNCT
entailment,A hiker is climbing up a snowy mountain.,The mountain is snowy.,a hiker be climb up a snowy mountain .,the mountain be snowy .,DET NOUN AUX VERB ADP DET ADJ NOUN PUNCT,DET NOUN AUX ADJ PUNCT
entailment,People are eating food in a busy restaurant.,People are eating.,people be eat food in a busy restaurant .,people be eat .,NOUN AUX VERB NOUN ADP DET ADJ NOUN PUNCT,NOUN AUX VERB PUNCT
entailment,A white dog sits on a rocky lawn.,A white dog sits on a nonsmooth lawn.,a white dog sit on a rocky lawn .,a white dog sit on a nonsmooth lawn .,DET ADJ NOUN VERB ADP DET ADJ NOUN PUNCT,DET ADJ NOUN VERB ADP DET ADJ NOUN PUNCT
entailment,A toddler with medium length black hair is carrying a patterned bundle of cloth.,A black haired toddler is carrying a cloth.,a toddler with medium length black hair be carry a patterned bundle of cloth .,a black haired toddler be carry a cloth .,DET NOUN ADP ADJ NOUN ADJ NOUN AUX VERB DET ADJ NOUN ADP NOUN PUNCT,DET ADJ ADJ NOUN AUX VERB DET NOUN PUNCT
entailment,Three people are riding horses at a show.,Three people riding horses.,three people be rid horse at a show .,three people rid horse .,NUM NOUN AUX VERB NOUN ADP DET NOUN PUNCT,NUM NOUN VERB NOUN PUNCT
entailment,A man and a woman stand together hold and young boy and a baby.,The couples are holding their kids.,a man and a woman stand together hold and young boy and a baby .,the couple be hold their kid .,DET NOUN CCONJ DET NOUN VERB ADV NOUN CCONJ ADJ NOUN CCONJ DET NOUN PUNCT,DET NOUN AUX VERB PRON NOUN PUNCT
entailment,The ski instructor is teaching the little girl how to bend her knees and stand on her ski's.,A little girl is taking skiing lessons.,the ski instructor be teach the little girl how to bend her knee and stand on her ski 's .,a little girl be take skiing lesson .,DET NOUN NOUN AUX VERB DET ADJ NOUN SCONJ PART VERB PRON NOUN CCONJ VERB ADP PRON NOUN PART PUNCT,DET ADJ NOUN AUX VERB NOUN NOUN PUNCT
entailment,a young couple with child shops at a small sandwich and coffee shop.,Three individuals are shopping for food and drink.,a young couple with child shop at a small sandwich and coffee shop .,three individual be shop for food and drink .,DET ADJ NOUN ADP NOUN NOUN ADP DET ADJ NOUN CCONJ NOUN NOUN PUNCT,NUM NOUN AUX VERB ADP NOUN CCONJ NOUN PUNCT
entailment,A man sitting on a bench in a park reads the newspaper.,A man is outdoors.,a man sit on a bench in a park read the newspaper .,a man be outdoors .,DET NOUN VERB ADP DET NOUN ADP DET NOUN VERB DET NOUN PUNCT,DET NOUN AUX ADV PUNCT
entailment,A small dog wearing a purple and green cape,The dog is small.,a small dog wear a purple and green cape,the dog be small .,DET ADJ NOUN VERB DET ADJ CCONJ ADJ NOUN,DET NOUN AUX ADJ PUNCT
entailment,"A woman in blue with a striped purple scarf on her head, stands in front of a woman with a brown headband on her forehead who is speaking with a man wearing light blue and wearing a purple turban.",A woman has something on her head.,"a woman in blue with a striped purple scarf on her head , stand in front of a woman with a brown headband on her forehead who be speak with a man wear light blue and wear a purple turban .",a woman have something on her head .,DET NOUN ADP PROPN ADP DET ADJ ADJ NOUN ADP PRON NOUN PUNCT VERB ADP NOUN ADP DET NOUN ADP DET ADJ NOUN ADP PRON NOUN PRON AUX VERB ADP DET NOUN VERB ADJ NOUN CCONJ VERB DET ADJ NOUN PUNCT,DET NOUN AUX PRON ADP PRON NOUN PUNCT
entailment,"A male and female fire performer, work their craft in front of an audience.",Two people perform a trick.,"a male and female fire performer , work their craft in front of an audience .",two people perform a trick .,DET ADJ CCONJ ADJ NOUN NOUN PUNCT VERB PRON NOUN ADP NOUN ADP DET NOUN PUNCT,NUM NOUN VERB DET NOUN PUNCT
entailment,Skier skiing downhill,Someone is skiing downhill.,skier ski downhill,someone be ski downhill .,NOUN VERB ADV,PRON AUX VERB ADV PUNCT
entailment,People watching a man breakdance.,A man is breakdancing.,people watch a man breakdance .,a man be breakdance .,NOUN VERB DET NOUN NOUN PUNCT,DET NOUN AUX VERB PUNCT
entailment,A group of three young adults stopped to pose for a picture outside a clothing shop.,Three people pose in front of a clothing shop.,a group of three young adult stop to pose for a picture outside a clothing shop .,three people pose in front of a clothing shop .,DET NOUN ADP NUM ADJ NOUN VERB PART VERB ADP DET NOUN ADP DET NOUN NOUN PUNCT,NUM NOUN VERB ADP NOUN ADP DET NOUN NOUN PUNCT
entailment,Here is a picture of two people standing in the middle of the road at the dark of night.,Two friends are walking at night to eat dinner,here be a picture of two people stand in the middle of the road at the dark of night .,two friend be walk at night to eat dinner,ADV AUX DET NOUN ADP NUM NOUN VERB ADP DET NOUN ADP DET NOUN ADP DET NOUN ADP NOUN PUNCT,NUM NOUN AUX VERB ADP NOUN PART VERB NOUN
entailment,Child in blue trunks splashing in blue kiddie pool,child in pool,child in blue trunk splash in blue kiddie pool,child in pool,NOUN ADP ADJ NOUN VERB ADP ADJ ADJ NOUN,NOUN ADP NOUN
entailment,Brown-haired woman turning head fast making hair whip around.,Brown-haired woman whips her hair around.,brown - haired woman turn head fast make hair whip around .,brown - haired woman whip her hair around .,ADJ PUNCT ADJ NOUN VERB NOUN ADV VERB NOUN NOUN ADV PUNCT,ADJ PUNCT ADJ NOUN VERB PRON NOUN ADV PUNCT
entailment,A very happy boy signs a large piece of paper with plethora names on it.,The boy is writing a name.,a very happy boy sign a large piece of paper with plethora name on it .,the boy be write a name .,DET ADV ADJ NOUN VERB DET ADJ NOUN ADP NOUN ADP NOUN NOUN ADP PRON PUNCT,DET NOUN AUX VERB DET NOUN PUNCT
entailment,a young wrestler being thrown to the yellow mat.,A wrestler thrown to the mat.,a young wrestler be throw to the yellow mat .,a wrestler throw to the mat .,DET ADJ NOUN AUX VERB ADP DET ADJ NOUN PUNCT,DET NOUN VERB ADP DET NOUN PUNCT
entailment,Three men sitting laughing and clapping.,The laughter and applause came from the three guys sitting down.,three man sit laugh and clapping .,the laughter and applause come from the three guy sit down .,NUM NOUN VERB VERB CCONJ NOUN PUNCT,DET NOUN CCONJ NOUN VERB ADP DET NUM NOUN VERB ADP PUNCT
entailment,A man and his canine on the beach.,A dog is near the man.,a man and his canine on the beach .,a dog be near the man .,DET NOUN CCONJ PRON NOUN ADP DET NOUN PUNCT,DET NOUN AUX ADP DET NOUN PUNCT
entailment,A man and a woman on stage performing a dance.,Two people dancing on stage.,a man and a woman on stage perform a dance .,two people dance on stage .,DET NOUN CCONJ DET NOUN ADP NOUN VERB DET NOUN PUNCT,NUM NOUN VERB ADP NOUN PUNCT
entailment,closeup of bartender (women) grabbing a glass inside the bar.,A woman inside a bar.,closeup of bartender ( woman ) grab a glass inside the bar .,a woman inside a bar .,PROPN ADP PROPN PUNCT NOUN PUNCT VERB DET NOUN ADP DET NOUN PUNCT,DET NOUN ADP DET NOUN PUNCT
entailment,"A person wearing a red, white, and blue helmet sitting on a motorcycle.","A human being wearing red, white, and blue is sitting on a vehicle.","a person wear a red , white , and blue helmet sit on a motorcycle .","a human being wear red , white , and blue be sit on a vehicle .",DET NOUN VERB DET ADJ PUNCT ADJ PUNCT CCONJ ADJ NOUN VERB ADP DET NOUN PUNCT,DET ADJ NOUN VERB ADJ PUNCT ADJ PUNCT CCONJ PROPN AUX VERB ADP DET NOUN PUNCT
entailment,A band recording in the stdio with drums.,A band is record in a studio.,a band recording in the stdio with drum .,a band be record in a studio .,DET NOUN NOUN ADP DET NOUN ADP NOUN PUNCT,DET NOUN AUX ADJ ADP DET NOUN PUNCT
entailment,A woman in a 3rd world country using a saw to cut through a steel bar.,A woman is cutting a bar,a woman in a 3rd world country use a saw to cut through a steel bar .,a woman be cut a bar,DET NOUN ADP DET ADJ NOUN NOUN VERB DET NOUN PART VERB ADP DET NOUN NOUN PUNCT,DET NOUN AUX VERB DET NOUN
entailment,A man has transformed into an abstract piece of art on the street corner near a park.,A man is a piece of art outside.,a man have transform into an abstract piece of art on the street corner near a park .,a man be a piece of art outside .,DET NOUN AUX VERB ADP DET ADJ NOUN ADP NOUN ADP DET NOUN NOUN ADP DET NOUN PUNCT,DET NOUN AUX DET NOUN ADP NOUN ADV PUNCT
entailment,"Women's Soccer, Blue and white team versus Red and white team, Seems intense.",The soccer game is exciting for the players and fans.,"woman 's soccer , blue and white team versus red and white team , seem intense .",the soccer game be exciting for the player and fan .,NOUN PART PROPN PUNCT ADJ CCONJ ADJ NOUN ADP ADJ CCONJ ADJ NOUN PUNCT VERB ADJ PUNCT,DET NOUN NOUN AUX ADJ ADP DET NOUN CCONJ NOUN PUNCT
entailment,A girl in a tree smiles.,A smiling girl is sitting in a tree.,a girl in a tree smile .,a smile girl be sit in a tree .,DET NOUN ADP DET NOUN VERB PUNCT,DET VERB NOUN AUX VERB ADP DET NOUN PUNCT
entailment,A man turning around and smiling as he walks down a busy street at night.,there is a drunk man who is happy,a man turn around and smile as he walk down a busy street at night .,there be a drunk man who be happy,DET NOUN VERB ADV CCONJ VERB ADP PRON VERB ADP DET ADJ NOUN ADP NOUN PUNCT,PRON AUX DET ADJ NOUN PRON AUX ADJ
entailment,"Several boys in bright orange clothing standing in front of a lake with boats in it, holding up an object that is dripping.",People standing outside.,"several boy in bright orange clothing standing in front of a lake with boat in it , hold up an object that be dripping .",people stand outside .,ADJ NOUN ADP ADJ ADJ NOUN NOUN ADP NOUN ADP DET NOUN ADP NOUN ADP PRON PUNCT VERB ADP DET NOUN PRON AUX ADJ PUNCT,NOUN VERB ADV PUNCT
entailment,Soccer players wearing black shirts standing along the goal line.,There are players at the goal line.,soccer player wear black shirt stand along the goal line .,there be player at the goal line .,NOUN NOUN VERB ADJ NOUN VERB ADP DET NOUN NOUN PUNCT,PRON AUX NOUN ADP DET NOUN NOUN PUNCT
entailment,A girl holds a teddy bear while wearing a floral outfit and pink shoes.,There is one child in this picture.,a girl hold a teddy bear while wear a floral outfit and pink shoe .,there be one child in this picture .,DET NOUN VERB DET PROPN NOUN SCONJ VERB DET ADJ NOUN CCONJ ADJ NOUN PUNCT,PRON AUX NUM NOUN ADP DET NOUN PUNCT
entailment,A man and a boy pose for a picture in a stairway overlooking a waterfall.,A man and a child have their picture taken together.,a man and a boy pose for a picture in a stairway overlook a waterfall .,a man and a child have their picture take together .,DET NOUN CCONJ DET NOUN VERB ADP DET NOUN ADP DET NOUN VERB DET NOUN PUNCT,DET NOUN CCONJ DET NOUN AUX PRON NOUN VERB ADV PUNCT
entailment,"A man holding his foot out to the camera, while sitting on a red couch next to a sleeping woman.",The woman is asleep.,"a man hold his foot out to the camera , while sit on a red couch next to a sleep woman .",the woman be asleep .,DET NOUN VERB PRON NOUN ADP ADP DET NOUN PUNCT SCONJ VERB ADP DET ADJ NOUN ADV ADP DET VERB NOUN PUNCT,DET NOUN AUX ADJ PUNCT
entailment,"A person in a gold shirt is holding a guitar, by the neck, that has many religious stickers on it.",A person is holding a guitar.,"a person in a gold shirt be hold a guitar , by the neck , that have many religious sticker on it .",a person be hold a guitar .,DET NOUN ADP DET NOUN NOUN AUX VERB DET NOUN PUNCT ADP DET NOUN PUNCT PRON AUX ADJ ADJ NOUN ADP PRON PUNCT,DET NOUN AUX VERB DET NOUN PUNCT
entailment,Slender dog running in the sand on a sunny day.,The dog is running in the sand.,slender dog run in the sand on a sunny day .,the dog be run in the sand .,ADJ NOUN VERB ADP DET NOUN ADP DET ADJ NOUN PUNCT,DET NOUN AUX VERB ADP DET NOUN PUNCT
entailment,A female gymnasium in a blue leotard getting hugged by someone else in a blue jacket and black pants.,The people are hugging.,a female gymnasium in a blue leotard get hug by someone else in a blue jacket and black pant .,the people be hug .,DET ADJ NOUN ADP DET ADJ NOUN VERB VERB ADP PRON ADV ADP DET ADJ NOUN CCONJ ADJ NOUN PUNCT,DET NOUN AUX VERB PUNCT
entailment,A baby with its eyes closed is holding a wooden toy and biting it.,The child is chewing its toys.,a baby with its eye close be hold a wooden toy and bite it .,the child be chew its toy .,DET NOUN ADP PRON NOUN VERB AUX VERB DET ADJ NOUN CCONJ VERB PRON PUNCT,DET NOUN AUX VERB PRON NOUN PUNCT
entailment,A man wearing a tan coat shovels snow out of his driveway.,A man is wearing a tan coat,a man wear a tan coat shovels snow out of his driveway .,a man be wear a tan coat,DET NOUN VERB DET PROPN PROPN PROPN NOUN ADP ADP PRON NOUN PUNCT,DET NOUN AUX VERB DET PROPN NOUN
entailment,Little boy rides around playground on a motorized bike.,Boy rides a motor bike.,little boy rid around playground on a motorized bike .,boy rid a motor bike .,ADJ NOUN VERB ADP NOUN ADP DET ADJ NOUN PUNCT,INTJ VERB DET NOUN NOUN PUNCT
entailment,A man with work gloves and tool belt climbs the scaffolding next to an old yellow and white building.,A worker climbs scaffolding up the side of an old building.,a man with work glove and tool belt climb the scaffolding next to an old yellow and white building .,a worker climb scaffold up the side of an old building .,DET NOUN ADP NOUN NOUN CCONJ NOUN NOUN VERB DET NOUN ADV ADP DET ADJ ADJ CCONJ ADJ NOUN PUNCT,DET NOUN NOUN VERB ADP DET NOUN ADP DET ADJ NOUN PUNCT
entailment,Two women walking down the sidewalk by a pond.,The women are using their legs.,two woman walk down the sidewalk by a pond .,the woman be use their leg .,NUM NOUN VERB ADP DET NOUN ADP DET NOUN PUNCT,DET NOUN AUX VERB PRON NOUN PUNCT
entailment,A man in a blue shirt and green shorts about to cook a marshmallow over a fire.,People are by a fire.,a man in a blue shirt and green short about to cook a marshmallow over a fire .,people be by a fire .,DET NOUN ADP DET ADJ NOUN CCONJ ADJ NOUN ADP PART VERB DET NOUN ADP DET NOUN PUNCT,NOUN AUX ADP DET NOUN PUNCT
entailment,A young man looking at a camera.,A person looks at a camera.,a young man look at a camera .,a person look at a camera .,DET ADJ NOUN VERB ADP DET NOUN PUNCT,DET NOUN VERB ADP DET NOUN PUNCT
entailment,A man doing a trick on a bike while in the air.,a man is doing a trick on his bike,a man do a trick on a bike while in the air .,a man be do a trick on his bike,DET NOUN VERB DET NOUN ADP DET NOUN SCONJ ADP DET NOUN PUNCT,DET NOUN AUX VERB DET NOUN ADP PRON NOUN
entailment,A person is walking up a snowy hill,person walks up hill,a person be walk up a snowy hill,person walk up hill,DET NOUN AUX VERB ADP DET X NOUN,NOUN VERB ADP NOUN
entailment,Girl wearing blue jeans doing tricks on a bike.,There is a girl wearing clothes.,girl wear blue jean do trick on a bike .,there be a girl wear clothe .,NOUN VERB ADJ NOUN VERB NOUN ADP DET NOUN PUNCT,PRON AUX DET NOUN VERB NOUN PUNCT
entailment,"Several dogs in the snow, all harnessed in a line.",Several dogs are in the snow,"several dog in the snow , all harness in a line .",several dog be in the snow,ADJ NOUN ADP DET NOUN PUNCT DET VERB ADP DET NOUN PUNCT,ADJ NOUN AUX ADP DET NOUN
entailment,A boy is making the victory sign with both hands,The boy made the victory sign.,a boy be make the victory sign with both hand,the boy make the victory sign .,DET NOUN AUX VERB DET NOUN NOUN ADP DET NOUN,DET NOUN VERB DET NOUN NOUN PUNCT
entailment,There is a woman with a purple wrap on who is making quits the old fashion way with a loom.,A woman is using a loom.,there be a woman with a purple wrap on who be make quit the old fashion way with a loom .,a woman be use a loom .,PRON AUX DET NOUN ADP DET ADJ NOUN ADP PRON AUX VERB VERB DET ADJ NOUN NOUN ADP DET NOUN PUNCT,DET NOUN AUX VERB DET NOUN PUNCT
entailment,A man standing next to a wall with a company logo.,The man is a company employee.,a man stand next to a wall with a company logo .,the man be a company employee .,DET NOUN VERB ADV ADP DET NOUN ADP DET NOUN NOUN PUNCT,DET NOUN AUX DET NOUN NOUN PUNCT
entailment,Two Indian people are dancing at a wedding with flower petals all over the floor.,Two Indian people people dancing at a wedding.,two indian people be dance at a wedding with flower petal all over the floor .,two indian people people dance at a wedding .,NUM ADJ NOUN AUX VERB ADP DET NOUN ADP NOUN NOUN ADV ADP DET NOUN PUNCT,NUM ADJ NOUN NOUN VERB ADP DET NOUN PUNCT
entailment,A woman with fair skin and light brown hair playing the violin.,A woman plays the violin.,a woman with fair skin and light brown hair play the violin .,a woman play the violin .,DET NOUN ADP ADJ NOUN CCONJ ADJ ADJ NOUN VERB DET NOUN PUNCT,DET NOUN VERB DET NOUN PUNCT
entailment,A guitar band is playing on stage.,A guitar band is playing.,a guitar band be play on stage .,a guitar band be play .,DET NOUN NOUN AUX VERB ADP NOUN PUNCT,DET NOUN NOUN AUX VERB PUNCT
entailment,A man on a Segway speaks to a couple of ladies.,The guy in the picture is not on horseback.,a man on a segway speak to a couple of lady .,the guy in the picture be not on horseback .,DET NOUN ADP DET PROPN VERB ADP DET NOUN ADP NOUN PUNCT,DET NOUN ADP DET NOUN AUX PART ADP NOUN PUNCT
entailment,A young teen performing a skateboard trick at a construction site caught in midair flipping his board.,A young person is doing a trick on his skateboard.,a young teen perform a skateboard trick at a construction site catch in midair flip his board .,a young person be do a trick on his skateboard .,DET ADJ NOUN VERB DET ADJ NOUN ADP DET NOUN NOUN VERB ADP NOUN VERB PRON NOUN PUNCT,DET ADJ NOUN AUX VERB DET NOUN ADP PRON NOUN PUNCT
entailment,baseball players playing with kids and adults on a field.,Baseball players playing outside.,baseball player play with kid and adult on a field .,baseball player play outside .,NOUN NOUN VERB ADP NOUN CCONJ NOUN ADP DET NOUN PUNCT,NOUN NOUN VERB ADV PUNCT
entailment,A man stands on a scaffold his back facing away looking at a city.,A man is on scaffolding not looking at the ciy.,a man stand on a scaffold his back face away look at a city .,a man be on scaffold not look at the ciy .,DET NOUN VERB ADP DET NOUN PRON NOUN VERB ADV VERB ADP DET NOUN PUNCT,DET NOUN AUX ADP VERB PART VERB ADP DET NOUN PUNCT
entailment,Three women stand in a kitchen cooking.,The women are indoors,three woman stand in a kitchen cooking .,the woman be indoor,NUM NOUN VERB ADP DET NOUN NOUN PUNCT,DET NOUN AUX NOUN
entailment,Several people gather outside a street market at night.,People gather outside a market.,several people gather outside a street market at night .,people gather outside a market .,ADJ NOUN VERB ADP DET NOUN NOUN ADP NOUN PUNCT,NOUN VERB ADP DET NOUN PUNCT
entailment,"Someone is snowboarding down a hill, shredding snow.",There is snow on the hill.,"someone be snowboard down a hill , shred snow .",there be snow on the hill .,PRON AUX VERB ADP DET NOUN PUNCT VERB NOUN PUNCT,PRON AUX NOUN ADP DET NOUN PUNCT
entailment,"Three people dressed in blue, white and black leotards are being held up by the hands of a set of two people each on the ground dressed in the same outfit as people look on.",People are watching as two people hold up three people in matching leotard outfits.,"three people dress in blue , white and black leotard be be hold up by the hand of a set of two people each on the ground dress in the same outfit as people look on .",people be watch as two people hold up three people in match leotard outfit .,NUM NOUN VERB ADP ADJ PUNCT ADJ CCONJ ADJ NOUN AUX AUX VERB ADP ADP DET NOUN ADP DET NOUN ADP NUM NOUN DET ADP DET NOUN VERB ADP DET ADJ NOUN ADP NOUN VERB ADP PUNCT,NOUN AUX VERB ADP NUM NOUN VERB ADP NUM NOUN ADP VERB PROPN NOUN PUNCT
entailment,A woman wearing a maroon hoodie is holding a black object as she wades through shallow water under a bridge.,There is a woman in the water holding a some sort of object.,a woman wear a maroon hoodie be hold a black object as she wad through shallow water under a bridge .,there be a woman in the water hold a some sort of object .,DET NOUN VERB DET NOUN NOUN AUX VERB DET ADJ NOUN ADP PRON VERB ADP ADJ NOUN ADP DET NOUN PUNCT,PRON AUX DET NOUN ADP DET NOUN VERB DET DET NOUN ADP NOUN PUNCT
entailment,A man in a yellow shirt and light colored pants sits next to a woman wearing a light colored hat in front of a camper while a young boy in a yellow shirt and jeans tosses rocks.,A man sits next to a woman while a boy tosses rocks near a camper,a man in a yellow shirt and light colored pant sit next to a woman wear a light colored hat in front of a camper while a young boy in a yellow shirt and jean toss rock .,a man sit next to a woman while a boy toss rock near a camper,DET NOUN ADP DET ADJ NOUN CCONJ ADJ ADJ NOUN VERB ADV ADP DET NOUN VERB DET ADJ ADJ NOUN ADP NOUN ADP DET NOUN SCONJ DET ADJ NOUN ADP DET ADJ NOUN CCONJ NOUN VERB NOUN PUNCT,DET NOUN VERB ADV ADP DET NOUN SCONJ DET NOUN VERB NOUN ADP DET NOUN
entailment,A person is sitting on a chair while listening to music.,A person is sitting.,a person be sit on a chair while listen to music .,a person be sit .,DET NOUN AUX VERB ADP DET NOUN SCONJ VERB ADP NOUN PUNCT,DET NOUN AUX VERB PUNCT
entailment,"Two babies asleep in a highchair, one baby wearing blue and the other wearing red.",One baby is wearing red.,"two baby asleep in a highchair , one baby wear blue and the other wear red .",one baby be wear red .,NUM NOUN ADJ ADP DET NOUN PUNCT NUM NOUN VERB NOUN CCONJ DET ADJ VERB NOUN PUNCT,NUM NOUN AUX VERB NOUN PUNCT
entailment,A man in a suit waits for the subway,the man is waiting,a man in a suit wait for the subway,the man be wait,DET NOUN ADP DET NOUN VERB ADP DET NOUN,DET NOUN AUX VERB
entailment,A man in a high-visibility vest cleans up trash at an intersection.,The person is helping remove litter.,a man in a high - visibility vest clean up trash at an intersection .,the person be help remove litter .,DET NOUN ADP DET ADJ PUNCT NOUN ADJ NOUN ADP NOUN ADP DET NOUN PUNCT,DET NOUN AUX VERB VERB NOUN PUNCT
entailment,A young boy wearing orange is running with the football as the boy in blue tries to wrestle him to the ground.,Two boys are playing football.,a young boy wear orange be run with the football as the boy in blue try to wrestle he to the ground .,two boy be play football .,DET ADJ NOUN VERB NOUN AUX VERB ADP DET NOUN ADP DET NOUN ADP ADJ NOUN PART VERB PRON ADP DET NOUN PUNCT,NUM NOUN AUX VERB NOUN PUNCT
entailment,A caucasian boy looking through a microscope outdoors.,The boy is looking at something.,a caucasian boy look through a microscope outdoors .,the boy be look at something .,DET ADJ NOUN VERB ADP DET NOUN ADV PUNCT,DET NOUN AUX VERB ADP PRON PUNCT
entailment,Two people riding bikes next to a railroad.,The people are outside.,two people rid bike next to a railroad .,the people be outside .,NUM NOUN VERB NOUN ADV ADP DET NOUN PUNCT,DET NOUN AUX ADV PUNCT
entailment,A girl with extended arms goes down a slide.,A girl plays at a playground.,a girl with extended arm go down a slide .,a girl play at a playground .,DET NOUN ADP ADJ NOUN VERB ADP DET NOUN PUNCT,DET NOUN VERB ADP DET NOUN PUNCT
entailment,two men wearing boots are playing guitar,Two men are playing instruments.,two man wear boot be play guitar,two man be play instrument .,NUM NOUN VERB NOUN AUX VERB NOUN,NUM NOUN AUX VERB NOUN PUNCT
entailment,Young Girls wearing skirts run hand in hand in some grass.,There are people outside.,young girl wear skirt run hand in hand in some grass .,there be people outside .,ADJ NOUN VERB NOUN VERB NOUN ADP NOUN ADP DET NOUN PUNCT,PRON AUX NOUN ADV PUNCT
entailment,A person in a black wetsuit is surfing a small wave on a beige surfboard.,A person surfing a wave.,a person in a black wetsuit be surf a small wave on a beige surfboard .,a person surf a wave .,DET NOUN ADP DET ADJ NOUN AUX VERB DET ADJ NOUN ADP DET ADJ NOUN PUNCT,DET NOUN VERB DET NOUN PUNCT
entailment,Five construction workers dig a hole to plant a tree.,Workers dig a hole.,five construction worker dig a hole to plant a tree .,worker dig a hole .,NUM NOUN NOUN VERB DET NOUN PART VERB DET NOUN PUNCT,NOUN VERB DET NOUN PUNCT
entailment,A woman is holding a drink high in the air.,The woman has her arm extended.,a woman be hold a drink high in the air .,the woman have her arm extend .,DET NOUN AUX VERB DET NOUN ADV ADP DET NOUN PUNCT,DET NOUN AUX PRON NOUN VERB PUNCT
entailment,The brown dog stands in the water and shakes off.,The dog is shaking off water.,the brown dog stand in the water and shake off .,the dog be shake off water .,DET ADJ NOUN VERB ADP DET NOUN CCONJ VERB ADP PUNCT,DET NOUN AUX VERB ADP NOUN PUNCT
entailment,A motorcycle parked on the side of the road.,A motorcycle is parked.,a motorcycle park on the side of the road .,a motorcycle be park .,DET NOUN VERB ADP DET NOUN ADP DET NOUN PUNCT,DET NOUN AUX VERB PUNCT
entailment,A guy with short brown hair is playing a wooden stringed guitar-like instrument while wearing a green Hawaiian skirt with white flowers on it and has a pink flower behind his ear.,A guy playing a string instument.,a guy with short brown hair be play a wooden string guitar - like instrument while wear a green hawaiian skirt with white flower on it and have a pink flower behind his ear .,a guy play a string instument .,DET NOUN ADP ADJ ADJ NOUN AUX VERB DET ADJ VERB NOUN PUNCT ADJ NOUN SCONJ VERB DET ADJ ADJ NOUN ADP ADJ NOUN ADP PRON CCONJ AUX DET ADJ NOUN ADP PRON NOUN PUNCT,DET NOUN VERB DET NOUN NOUN PUNCT
entailment,A man with a goatee in a black shirt and white latex gloves is using a tattoo gun to place a tattoo on someone's back.,the man is a tattoo artist,a man with a goatee in a black shirt and white latex glove be use a tattoo gun to place a tattoo on someone be back .,the man be a tattoo artist,DET NOUN ADP DET NOUN ADP DET ADJ NOUN CCONJ ADJ PROPN NOUN AUX VERB DET ADJ NOUN PART VERB DET ADV ADP PRON AUX ADV PUNCT,DET NOUN AUX DET ADV NOUN
entailment,"Two young brunette girls, one dressed in a dark blue dress, the other in white, are facing each other and holding out some triangular objects towards each other in front of a stone wall.",two girls in dresses are posing,"two young brunette girl , one dress in a dark blue dress , the other in white , be face each other and hold out some triangular object towards each other in front of a stone wall .",two girl in dress be pose,NUM ADJ NOUN NOUN PUNCT NUM VERB ADP DET ADJ ADJ NOUN PUNCT DET ADJ ADP ADJ PUNCT AUX VERB DET ADJ CCONJ VERB ADP DET NOUN NOUN ADP DET ADJ ADP NOUN ADP DET NOUN NOUN PUNCT,NUM NOUN ADP NOUN AUX VERB
entailment,A man smoking a cigarette is walking his dog next to a lady wearing a blue striped jacket.,Two people and an animal are outdoors.,a man smoke a cigarette be walk his dog next to a lady wear a blue striped jacket .,two people and an animal be outdoors .,DET NOUN VERB DET NOUN AUX VERB PRON NOUN ADV ADP DET NOUN VERB DET ADJ ADJ NOUN PUNCT,NUM NOUN CCONJ DET NOUN AUX ADV PUNCT
entailment,"A rodeo rider in a black cowboy hat, sits atop a bucking bull exiting the gate in front of onlookers.",The rodeo participant begins his stint at bull riding while the crowd looks on.,"a rodeo rider in a black cowboy hat , sit atop a buck bull exit the gate in front of onlooker .",the rodeo participant begin his stint at bull riding while the crowd look on .,DET NOUN NOUN ADP DET ADJ NOUN NOUN PUNCT VERB ADP DET VERB NOUN VERB DET NOUN ADP NOUN ADP NOUN PUNCT,DET NOUN NOUN VERB PRON NOUN ADP NOUN NOUN SCONJ DET NOUN VERB ADP PUNCT
entailment,"A man is preparing to tee off in golf, and there is a big crowd watching him.",The man is outdoors.,"a man be prepare to tee off in golf , and there be a big crowd watch he .",the man be outdoors .,DET NOUN AUX VERB PART VERB ADP ADP NOUN PUNCT CCONJ PRON AUX DET ADJ NOUN VERB PRON PUNCT,DET NOUN AUX ADV PUNCT
entailment,A person riding a four wheel ATV over a jump.,a person riding an atv,a person rid a four wheel atv over a jump .,a person rid an atv,DET NOUN VERB DET NUM NOUN PROPN ADP DET NOUN PUNCT,DET NOUN VERB DET NOUN
entailment,The woman gets a gift out of a christmas stocking.,A woman is getting a present,the woman get a gift out of a christmas stocking .,a woman be get a present,DET NOUN VERB DET NOUN ADP ADP DET PROPN NOUN PUNCT,DET NOUN AUX VERB DET ADJ
entailment,A man holding out a pot of food.,A man with his food.,a man hold out a pot of food .,a man with his food .,DET NOUN VERB ADP DET NOUN ADP NOUN PUNCT,DET NOUN ADP PRON NOUN PUNCT
entailment,A boy wearing red swim trunks is playing in the water at the beach.,a bay wears red,a boy wear red swim trunk be play in the water at the beach .,a bay wear red,DET NOUN VERB ADJ NOUN NOUN AUX VERB ADP DET NOUN ADP DET NOUN PUNCT,DET NOUN VERB ADJ
entailment,"A worker in a blue shirt is high up on the outside of a tall office building, cleaning the windows.",There is a window cleaner.,"a worker in a blue shirt be high up on the outside of a tall office building , clean the window .",there be a window cleaner .,DET NOUN ADP DET ADJ NOUN AUX ADJ ADP ADP DET NOUN ADP DET ADJ NOUN NOUN PUNCT VERB DET NOUN PUNCT,PRON AUX DET NOUN NOUN PUNCT
entailment,Two men pass on the street.,There are two men,two man pass on the street .,there be two man,NUM NOUN VERB ADP DET NOUN PUNCT,PRON AUX NUM NOUN
entailment,The badgers' pom team pose for a photo.,The badgers' pom team are getting their picture taken.,the badger ' pom team pose for a photo .,the badger ' pom team be get their picture take .,DET NOUN PART NOUN NOUN VERB ADP DET NOUN PUNCT,DET NOUN PART NOUN NOUN AUX VERB PRON NOUN VERB PUNCT
entailment,Man with a white hat and white shirt playing many instruments on stage next to a sign that says Appeared on Jimmy Kimmel.,A man is playing music on a stage.,man with a white hat and white shirt play many instrument on stage next to a sign that say appeared on jimmy kimmel .,a man be play music on a stage .,NOUN ADP DET ADJ NOUN CCONJ ADJ NOUN VERB ADJ NOUN ADP NOUN ADV ADP DET NOUN PRON VERB PROPN ADP PROPN PROPN PUNCT,DET NOUN AUX VERB NOUN ADP DET NOUN PUNCT
entailment,A woman in a plaid coat is standing in front of washing machines inside a laundromat.,Woman in a laundromat.,a woman in a plaid coat be stand in front of washing machine inside a laundromat .,woman in a laundromat .,DET NOUN ADP DET ADJ NOUN AUX VERB ADP NOUN ADP NOUN NOUN ADP DET NOUN PUNCT,NOUN ADP DET NOUN PUNCT
entailment,A street performer's drum beats gain many onlookers.,The street performer is playing for a crowd.,a street performer 's drum beat gain many onlooker .,the street performer be play for a crowd .,DET NOUN NOUN PART NOUN NOUN VERB ADJ NOUN PUNCT,DET NOUN NOUN AUX VERB ADP DET NOUN PUNCT
entailment,"3 men in a band surround by equipment with all 3 holding guitars and the man in front looking down with a shoulder strap, brown pants and a white shirt.",3 men are musicians.,"3 man in a band surround by equipment with all 3 hold guitar and the man in front look down with a shoulder strap , brown pant and a white shirt .",3 man be musician .,NUM NOUN ADP DET NOUN NOUN ADP NOUN ADP DET NUM VERB NOUN CCONJ DET NOUN ADP NOUN VERB ADP ADP DET NOUN NOUN PUNCT ADJ NOUN CCONJ DET ADJ NOUN PUNCT,NUM NOUN AUX NOUN PUNCT
entailment,"Man with black hat, holding microphone next to girl with red-hair looking at a book.",A man is holding a microphone.,"man with black hat , hold microphone next to girl with red - hair look at a book .",a man be hold a microphone .,NOUN ADP ADJ NOUN PUNCT VERB NOUN ADV ADP NOUN ADP ADJ PUNCT NOUN VERB ADP DET NOUN PUNCT,DET NOUN AUX VERB DET NOUN PUNCT
entailment,A student is cutting paper with delight.,The student is cutting paper.,a student be cut paper with delight .,the student be cut paper .,DET NOUN AUX VERB NOUN ADP NOUN PUNCT,DET NOUN AUX VERB NOUN PUNCT
entailment,A man with a yellow jacket on a motorcycle has stopped to talk to two men.,the men are talking,a man with a yellow jacket on a motorcycle have stop to talk to two man .,the man be talk,DET NOUN ADP DET ADJ NOUN ADP DET NOUN AUX VERB PART VERB ADP NUM NOUN PUNCT,DET NOUN AUX VERB
entailment,Young children are dressed in brightly colored clothed playing together in a bounce house.,The children are under the age of 47 years old.,young child be dress in brightly colored clothe play together in a bounce house .,the child be under the age of 47 year old .,ADJ NOUN AUX VERB ADP ADV ADJ VERB VERB ADV ADP DET NOUN NOUN PUNCT,DET NOUN AUX ADP DET NOUN ADP NUM NOUN ADJ PUNCT
entailment,"A young woman in an ""I Heart Bill Clinton"" T-Shirt cooks meat on a grill in a public picnic area, while two young men converse behind her and a bicyclist and motorcyclist ride by on a nearby road in the background.",A young woman grills meat outside,"a young woman in an "" i heart bill clinton "" t - shirt cook meat on a grill in a public picnic area , while two young man converse behind she and a bicyclist and motorcyclist ride by on a nearby road in the background .",a young woman grill meat outside,DET ADJ NOUN ADP DET PUNCT PRON PROPN PROPN PROPN PUNCT PROPN PUNCT PROPN NOUN VERB ADP DET NOUN ADP DET ADJ NOUN NOUN PUNCT SCONJ NUM ADJ NOUN VERB ADP PRON CCONJ DET NOUN CCONJ NOUN NOUN ADP ADP DET ADJ NOUN ADP DET NOUN PUNCT,DET ADJ NOUN VERB VERB ADV
entailment,2 elders flower shopping for their husbands grave.,the elders are shopping,2 elder flower shop for their husband grave .,the elder be shop,NUM NOUN NOUN VERB ADP PRON NOUN ADJ PUNCT,DET NOUN AUX VERB
entailment,A military man is aiming his gun.,A man is aiming his gun.,a military man be aim his gun .,a man be aim his gun .,DET ADJ NOUN AUX VERB PRON NOUN PUNCT,DET NOUN AUX VERB PRON NOUN PUNCT
entailment,"A band performs live for the ""Good Morning America"" Summer Concert Series in front of an audience.",A group of musicians plays a live show for a TV audience.,"a band perform live for the "" good morning america "" summer concert series in front of an audience .",a group of musician play a live show for a tv audience .,DET NOUN VERB VERB ADP DET PUNCT PROPN PROPN PROPN PUNCT PROPN PROPN PROPN ADP NOUN ADP DET NOUN PUNCT,DET NOUN ADP NOUN VERB DET ADJ NOUN ADP DET NOUN NOUN PUNCT
entailment,four young people have stopped to listen to a man play a saxophone.,A man is playing the saxophone.,four young people have stop to listen to a man play a saxophone .,a man be play the saxophone .,NUM ADJ NOUN AUX VERB PART VERB ADP DET NOUN VERB DET NOUN PUNCT,DET NOUN AUX VERB DET NOUN PUNCT
entailment,A woman walking towards us on a street with a seated man looking on.,A woman walks down the street.,a woman walk towards we on a street with a seated man look on .,a woman walk down the street .,DET NOUN VERB ADP PRON ADP DET NOUN ADP DET ADJ NOUN VERB ADP PUNCT,DET NOUN VERB ADP DET NOUN PUNCT
entailment,Group of american camel riders on a dirt road smiling and having fun.,A group of people smiling.,group of american camel rider on a dirt road smile and have fun .,a group of people smile .,PROPN ADP ADJ NOUN NOUN ADP DET NOUN NOUN VERB CCONJ VERB NOUN PUNCT,DET NOUN ADP NOUN VERB PUNCT
entailment,"A blond woman in a beige hat and black shirt, looks behind her, smiling at the camera, with a group of other people talking in the background on a street.","A blonde lady in a brown hat and black shirt is looking over her shoulder, smiling at a camera, while a group of people chatter behind her.","a blond woman in a beige hat and black shirt , look behind she , smile at the camera , with a group of other people talk in the background on a street .","a blonde lady in a brown hat and black shirt be look over her shoulder , smile at a camera , while a group of people chatter behind she .",DET ADJ NOUN ADP DET ADJ NOUN CCONJ ADJ NOUN PUNCT VERB ADP PRON PUNCT VERB ADP DET NOUN PUNCT ADP DET NOUN ADP ADJ NOUN VERB ADP DET NOUN ADP DET NOUN PUNCT,DET ADJ NOUN ADP DET ADJ NOUN CCONJ ADJ NOUN AUX VERB ADP PRON NOUN PUNCT VERB ADP DET NOUN PUNCT SCONJ DET NOUN ADP NOUN VERB ADP PRON PUNCT
entailment,"A football team of young boys wearing yellow and black striped shirts are happy, with one child hugging an adult.",The football team has on yellow and black jerseys.,"a football team of young boy wear yellow and black striped shirt be happy , with one child hug an adult .",the football team have on yellow and black jersey .,DET NOUN NOUN ADP ADJ NOUN VERB ADJ CCONJ ADJ ADJ NOUN AUX ADJ PUNCT ADP NUM NOUN VERB DET NOUN PUNCT,DET NOUN NOUN AUX ADP ADJ CCONJ ADJ NOUN PUNCT
entailment,A man dressed in red is riding a beautiful white horse in some sort of exhibition or competition.,A man is riding his horse in a competition,a man dress in red be rid a beautiful white horse in some sort of exhibition or competition .,a man be rid his horse in a competition,DET NOUN VERB ADP PROPN AUX VERB DET ADJ ADJ NOUN ADP DET NOUN ADP NOUN CCONJ NOUN PUNCT,DET NOUN AUX VERB PRON NOUN ADP DET NOUN
entailment,"A male soldier in green military fatigues, inspecting an old, metal weapon, placed on a bed of grass.",man inspects weapon,"a male soldier in green military fatigue , inspect an old , metal weapon , place on a bed of grass .",man inspect weapon,DET ADJ NOUN ADP ADJ ADJ NOUN PUNCT VERB DET ADJ PUNCT NOUN NOUN PUNCT VERB ADP DET NOUN ADP NOUN PUNCT,NOUN VERB NOUN
entailment,two little girls making some kind of art.,Two little girls were being artistic.,two little girl make some kind of art .,two little girl be be artistic .,NUM ADJ NOUN VERB DET NOUN ADP NOUN PUNCT,NUM ADJ NOUN AUX AUX ADJ PUNCT
entailment,A man stands next to three video game machines and a beer sign.,A man is in a bar,a man stand next to three video game machine and a beer sign .,a man be in a bar,DET NOUN VERB ADV ADP NUM NOUN NOUN NOUN CCONJ DET NOUN NOUN PUNCT,DET NOUN AUX ADP DET NOUN
entailment,A man wearing glasses sits in the backseat of a car and plays a guitar while looking out the window.,A man sat down in the back of a car and played guitar.,a man wear glass sit in the backseat of a car and play a guitar while look out the window .,a man sit down in the back of a car and play guitar .,DET NOUN VERB NOUN VERB ADP DET NOUN ADP DET NOUN CCONJ VERB DET NOUN SCONJ VERB ADP DET NOUN PUNCT,DET NOUN VERB ADP ADP DET NOUN ADP DET NOUN CCONJ VERB NOUN PUNCT
entailment,several people look on as gymnasts try to stick their routines.,Several people Watch gymnasts.,several people look on as gymnast try to stick their routine .,several people watch gymnast .,ADJ NOUN VERB ADP ADP NOUN VERB PART VERB PRON NOUN PUNCT,ADJ NOUN VERB NOUN PUNCT
entailment,"a man wearing blue shorts, striped shirt, and brown sandals stands at a street vendor selling vegetables engaging with a person working there in a sleeveless shirt.",a man buying vegetables at street,"a man wear blue short , striped shirt , and brown sandal stand at a street vendor sell vegetable engage with a person work there in a sleeveless shirt .",a man buy vegetable at street,DET NOUN VERB ADJ NOUN PUNCT ADJ NOUN PUNCT CCONJ ADJ NOUN VERB ADP DET NOUN NOUN VERB NOUN VERB ADP DET NOUN VERB ADV ADP DET ADJ NOUN PUNCT,DET NOUN VERB NOUN ADP NOUN
entailment,A football player blocks someone from the other team so his teammate can pass the ball down the field.,A player blocks another player from the opposing side in a game of football.,a football player block someone from the other team so his teammate can pass the ball down the field .,a player block another player from the oppose side in a game of football .,DET NOUN NOUN VERB PRON ADP DET ADJ NOUN SCONJ PRON NOUN AUX VERB DET NOUN ADP DET NOUN PUNCT,DET NOUN VERB DET NOUN ADP DET VERB NOUN ADP DET NOUN ADP NOUN PUNCT
entailment,A football player wearing a number ten jersey is catching a football with both hands.,A person,a football player wear a number ten jersey be catch a football with both hand .,a person,DET NOUN NOUN VERB DET NOUN NUM NOUN AUX VERB DET NOUN ADP DET NOUN PUNCT,DET NOUN
entailment,A man operating a crane concentrates while inside of a protective booth.,A man operates a crane.,a man operate a crane concentrate while inside of a protective booth .,a man operate a crane .,DET NOUN VERB DET NOUN VERB SCONJ ADV ADP DET ADJ NOUN PUNCT,DET NOUN VERB DET NOUN PUNCT
entailment,Women are surrounding a table full of handbags.,The handbags are different colors and styles.,woman be surround a table full of handbag .,the handbag be different color and style .,NOUN AUX VERB DET NOUN ADJ ADP NOUN PUNCT,DET NOUN AUX ADJ NOUN CCONJ NOUN PUNCT
entailment,Several men are playing ice hockey in an arena.,Men are playing ice hockey.,several man be play ice hockey in an arena .,man be play ice hockey .,ADJ NOUN AUX VERB NOUN NOUN ADP DET NOUN PUNCT,NOUN AUX VERB NOUN NOUN PUNCT
entailment,A man is being suspended in the air next to the window of a building which he is cleaning.,The man is in the air.,a man be be suspend in the air next to the window of a building which he be clean .,the man be in the air .,DET NOUN AUX AUX VERB ADP DET NOUN ADV ADP DET NOUN ADP DET NOUN DET PRON AUX VERB PUNCT,DET NOUN AUX ADP DET NOUN PUNCT
entailment,A male driving a bulldozer to plow green grass and rocks,A man is using a bulldozer.,a male drive a bulldozer to plow green grass and rock,a man be use a bulldozer .,DET NOUN VERB DET NOUN PART VERB ADJ NOUN CCONJ NOUN,DET NOUN AUX VERB DET NOUN PUNCT
entailment,"A young boy, wearing a red sports uniform, stands in the middle of an empty sports field under a dark blue sky.",A boy stands in a sports field at night.,"a young boy , wear a red sport uniform , stand in the middle of an empty sport field under a dark blue sky .",a boy stand in a sport field at night .,DET ADJ NOUN PUNCT VERB DET ADJ NOUN NOUN PUNCT VERB ADP DET NOUN ADP DET ADJ NOUN NOUN ADP DET ADJ ADJ NOUN PUNCT,DET NOUN VERB ADP DET NOUN NOUN ADP NOUN PUNCT
entailment,A lady in a red cap serving food to the community.,There is food for people in the community to eat.,a lady in a red cap serve food to the community .,there be food for people in the community to eat .,DET NOUN ADP DET ADJ NOUN VERB NOUN ADP DET NOUN PUNCT,PRON AUX NOUN ADP NOUN ADP DET NOUN PART VERB PUNCT
entailment,an Asian girl carrying a pink bag is walking away down a busy city street.,The street is occupied by at least a girl.,an asian girl carry a pink bag be walk away down a busy city street .,the street be occupy by at least a girl .,DET ADJ NOUN VERB DET ADJ NOUN AUX VERB ADV ADP DET ADJ NOUN NOUN PUNCT,DET NOUN AUX VERB ADP ADV ADJ DET NOUN PUNCT
entailment,A group of children in the park watch as a young girl in a purple shirt and blue jean skirt makes a large bubble.,A group of children are outside at a park.,a group of child in the park watch as a young girl in a purple shirt and blue jean skirt make a large bubble .,a group of child be outside at a park .,DET NOUN ADP NOUN ADP DET NOUN NOUN ADP DET ADJ NOUN ADP DET ADJ NOUN CCONJ ADJ PROPN NOUN VERB DET ADJ NOUN PUNCT,DET NOUN ADP NOUN AUX ADV ADP DET NOUN PUNCT
entailment,The little boy is holding his toy while two women look at him from the table.,A kid has a toy and people are looking at him.,the little boy be hold his toy while two woman look at he from the table .,a kid have a toy and people be look at he .,DET ADJ NOUN AUX VERB PRON NOUN SCONJ NUM NOUN VERB ADP PRON ADP DET NOUN PUNCT,DET NOUN AUX DET NOUN CCONJ NOUN AUX VERB ADP PRON PUNCT
entailment,One boxer in white shorts is punching the other boxer in blue and red shorts in the face.,Two boxers are fighting.,one boxer in white short be punch the other boxer in blue and red short in the face .,two boxer be fight .,NUM NOUN ADP ADJ NOUN AUX VERB DET ADJ NOUN ADP ADJ CCONJ ADJ NOUN ADP DET NOUN PUNCT,NUM NOUN AUX VERB PUNCT
entailment,The family has a fun day out pretending to be tightrope walkers.,A group of people are spending the day together.,the family have a fun day out pretend to be tightrope walker .,a group of people be spend the day together .,DET NOUN AUX DET ADJ NOUN ADP VERB PART AUX NOUN NOUN PUNCT,DET NOUN ADP NOUN AUX VERB DET NOUN ADV PUNCT
entailment,A man in protective gear is riding a go-cart down a road.,A man is riding a go-cart.,a man in protective gear be rid a go - cart down a road .,a man be rid a go - cart .,DET NOUN ADP ADJ NOUN AUX VERB DET ADJ PUNCT NOUN ADP DET NOUN PUNCT,DET NOUN AUX VERB DET NOUN PUNCT NOUN PUNCT
entailment,A wrestler crouches in pain while his opponent walks in the opposite direction.,A person in pain,a wrestler crouch in pain while his opponent walk in the opposite direction .,a person in pain,DET NOUN NOUN ADP NOUN SCONJ PRON NOUN VERB ADP DET ADJ NOUN PUNCT,DET NOUN ADP NOUN
entailment,"A van painted in bright blue, pink, and green is driving down the road.",There is a vehicle in this picture.,"a van paint in bright blue , pink , and green be drive down the road .",there be a vehicle in this picture .,DET PROPN VERB ADP ADJ ADJ PUNCT ADJ PUNCT CCONJ ADJ AUX VERB ADP DET NOUN PUNCT,PRON AUX DET NOUN ADP DET NOUN PUNCT
entailment,A girl with blond-hair is jumping off a tire swing,a girl is outdoors,a girl with blond - hair be jump off a tire swing,a girl be outdoors,DET NOUN ADP NOUN PUNCT NOUN AUX VERB ADP DET NOUN NOUN,DET NOUN AUX ADV
entailment,a family takes a ride on a yellow boat.,A family is together in a boat,a family take a ride on a yellow boat .,a family be together in a boat,DET NOUN VERB DET NOUN ADP DET ADJ NOUN PUNCT,DET NOUN AUX ADV ADP DET NOUN
entailment,A smiling young woman is shown from the shoulders up with her long hair blowing in the wind.,A women with long hair is enjoying the outside.,a smile young woman be show from the shoulder up with her long hair blow in the wind .,a woman with long hair be enjoy the outside .,DET VERB ADJ NOUN AUX VERB ADP DET NOUN ADP ADP PRON ADJ NOUN VERB ADP DET NOUN PUNCT,DET NOUN ADP ADJ NOUN AUX VERB DET NOUN PUNCT
entailment,"The kitchen worker at a restaurant observes the dining room, including a man in a red jacket.",The worker is employed.,"the kitchen worker at a restaurant observe the dining room , include a man in a red jacket .",the worker be employ .,DET NOUN NOUN ADP DET NOUN VERB DET NOUN NOUN PUNCT VERB DET NOUN ADP DET ADJ NOUN PUNCT,DET NOUN AUX VERB PUNCT
entailment,A group of people standing on a corner waiting for public transport.,People are outside on the street corner.,a group of people stand on a corner wait for public transport .,people be outside on the street corner .,DET NOUN ADP NOUN VERB ADP DET NOUN VERB ADP ADJ NOUN PUNCT,NOUN AUX ADV ADP DET NOUN NOUN PUNCT
entailment,Many of the dishes contain rice.,The food is cooked,many of the dish contain rice .,the food be cook,ADJ ADP DET NOUN VERB NOUN PUNCT,DET NOUN AUX VERB
entailment,"A woman in a white sweater looks at three types of lamps in an art display, while a man with a shaved head looks on in shadow.",There are people at an art display.,"a woman in a white sweater look at three type of lamp in an art display , while a man with a shave head look on in shadow .",there be people at an art display .,DET NOUN ADP DET ADJ NOUN VERB ADP NUM NOUN ADP NOUN ADP DET NOUN NOUN PUNCT SCONJ DET NOUN ADP DET VERB NOUN VERB ADP ADP NOUN PUNCT,PRON AUX NOUN ADP DET NOUN NOUN PUNCT
entailment,White bird walking across wet sand.,There is a bird on the beach.,white bird walk across wet sand .,there be a bird on the beach .,PROPN NOUN VERB ADP ADJ NOUN PUNCT,PRON AUX DET NOUN ADP DET NOUN PUNCT
entailment,A young boy practices his bat swing while in the stands with blue seats.,A young boy is practicing baseball.,a young boy practice his bat swing while in the stand with blue seat .,a young boy be practice baseball .,DET ADJ NOUN VERB PRON NOUN NOUN SCONJ ADP DET NOUN ADP ADJ NOUN PUNCT,DET ADJ NOUN AUX VERB NOUN PUNCT
entailment,A young man jumps over a hurdle on a track.,A man jumping.,a young man jump over a hurdle on a track .,a man jump .,DET ADJ NOUN VERB ADP DET NOUN ADP DET NOUN PUNCT,DET NOUN VERB PUNCT
entailment,A group of asian friends.,Asian friends are together.,a group of asian friend .,asian friend be together .,DET NOUN ADP ADJ NOUN PUNCT,ADJ NOUN AUX ADV PUNCT
entailment,A little boy starts to toss a mini basketball.,A boy tossing a basketball,a little boy start to toss a mini basketball .,a boy toss a basketball,DET ADJ NOUN VERB PART VERB DET ADJ NOUN PUNCT,DET NOUN VERB DET NOUN
entailment,A man picking up a big rock.,A man is lifting something,a man pick up a big rock .,a man be lift something,DET NOUN VERB ADP DET ADJ NOUN PUNCT,DET NOUN AUX VERB PRON
entailment,A boy wearing cowboy gear stands next to a cow and trailer.,There is a cow next to a boy.,a boy wear cowboy gear stand next to a cow and trailer .,there be a cow next to a boy .,DET NOUN VERB NOUN NOUN VERB ADV ADP DET NOUN CCONJ NOUN PUNCT,PRON AUX DET NOUN ADV ADP DET NOUN PUNCT
entailment,Woman wearing maroon sweater carrying guitar in the woods,Woman carries a thing outside.,woman wear maroon sweater carry guitar in the wood,woman carry a thing outside .,NOUN VERB NOUN NOUN VERB NOUN ADP DET NOUN,NOUN VERB DET NOUN ADV PUNCT
entailment,A girl with a black purse sitting on a wooden bench.,A girl is relaxing on a bench.,a girl with a black purse sit on a wooden bench .,a girl be relax on a bench .,DET NOUN ADP DET ADJ NOUN VERB ADP DET ADJ NOUN PUNCT,DET NOUN AUX VERB ADP DET NOUN PUNCT
entailment,Several people is hard hats are standing on a structure.,There are people wearing hard hats,several people be hard hat be stand on a structure .,there be people wear hard hat,ADJ NOUN AUX ADJ NOUN AUX VERB ADP DET NOUN PUNCT,PRON AUX NOUN VERB ADJ NOUN
entailment,A little boy chases chickens.,A boy running after chickens.,a little boy chase chicken .,a boy run after chicken .,DET ADJ NOUN NOUN NOUN PUNCT,DET NOUN VERB ADP NOUN PUNCT
entailment,Clown in red and black checkered pants on stilts acts as a puppet master as a female in blue hair acts as a marionette.,A human standing,clown in red and black checker pant on stilt act as a puppet master as a female in blue hair act as a marionette .,a human standing,PROPN ADP ADJ CCONJ ADJ VERB NOUN ADP NOUN VERB ADP DET NOUN NOUN ADP DET NOUN ADP ADJ NOUN VERB ADP DET NOUN PUNCT,DET ADJ NOUN
entailment,A male fire-dancer performs.,The male is near fire.,a male fire - dancer perform .,the male be near fire .,DET ADJ NOUN PUNCT NOUN NOUN PUNCT,DET NOUN AUX ADP NOUN PUNCT
entailment,A dog in the snow ripping an object with its teeth,The dog is outside in the snow.,a dog in the snow rip an object with its tooth,the dog be outside in the snow .,DET NOUN ADP DET NOUN VERB DET NOUN ADP PRON NOUN,DET NOUN AUX ADV ADP DET NOUN PUNCT
entailment,Three little boys take a bath in a rubber bin on the grass.,Three boys are cleaning themselves.,three little boy take a bath in a rubber bin on the grass .,three boy be clean themselves .,NUM ADJ NOUN VERB DET NOUN ADP DET NOUN NOUN ADP DET NOUN PUNCT,NUM NOUN AUX VERB PRON PUNCT
entailment,a couple walking along on a sidewalk,The couple are outside.,a couple walk along on a sidewalk,the couple be outside .,DET NOUN VERB ADV ADP DET NOUN,DET NOUN AUX ADV PUNCT
entailment,The white dog is lying on the grass and chewing a piece of wood.,"A dog chews wood, outside on the grass.",the white dog be lie on the grass and chew a piece of wood .,"a dog chew wood , outside on the grass .",DET ADJ NOUN AUX VERB ADP DET NOUN CCONJ VERB DET NOUN ADP NOUN PUNCT,DET NOUN VERB NOUN PUNCT ADV ADP DET NOUN PUNCT
entailment,A man in a light blue cap smiles.,A man is in a blue cap.,a man in a light blue cap smile .,a man be in a blue cap .,DET NOUN ADP DET ADJ ADJ NOUN NOUN PUNCT,DET NOUN AUX ADP DET ADJ NOUN PUNCT
entailment,A black dog runs on green grass with a toy in his mouth.,A black dog running outside.,a black dog run on green grass with a toy in his mouth .,a black dog run outside .,DET ADJ NOUN VERB ADP ADJ NOUN ADP DET NOUN ADP PRON NOUN PUNCT,DET ADJ NOUN VERB ADV PUNCT
entailment,Two women wearing white shirts are dancing.,The people are wearing shirts.,two woman wear white shirt be dance .,the people be wear shirt .,NUM NOUN VERB ADJ NOUN AUX VERB PUNCT,DET NOUN AUX VERB NOUN PUNCT
entailment,"A man wearing a blue shirt, a blue hat, and an apron is standing outside the Candy Cafe on a sunny day.",A man stands near a cafe.,"a man wear a blue shirt , a blue hat , and an apron be stand outside the candy cafe on a sunny day .",a man stand near a cafe .,DET NOUN VERB DET ADJ NOUN PUNCT DET ADJ NOUN PUNCT CCONJ DET NOUN AUX VERB ADP DET PROPN PROPN ADP DET ADJ NOUN PUNCT,DET NOUN VERB ADP DET NOUN PUNCT
entailment,The boy comes down the hill in the red wagon.,He is outside.,the boy come down the hill in the red wagon .,he be outside .,DET NOUN VERB ADP DET NOUN ADP DET ADJ PROPN PUNCT,PRON AUX ADV PUNCT
entailment,A person is skiing by themselves down a back country hill.,The person is skiing.,a person be ski by themselves down a back country hill .,the person be ski .,DET NOUN AUX VERB ADP PRON ADP DET NOUN NOUN NOUN PUNCT,DET NOUN AUX VERB PUNCT
entailment,A man in a green jacket and black leather boots sleeping with his mouth open on a wooden bench in the grass.,On a wood bench a man wearing a jacket and leather boots is asleep.,a man in a green jacket and black leather boot sleep with his mouth open on a wooden bench in the grass .,on a wood bench a man wear a jacket and leather boot be asleep .,DET NOUN ADP DET ADJ NOUN CCONJ ADJ NOUN NOUN VERB ADP PRON NOUN ADJ ADP DET ADJ NOUN ADP DET NOUN PUNCT,ADP DET NOUN NOUN DET NOUN VERB DET NOUN CCONJ NOUN NOUN AUX ADJ PUNCT
entailment,An ATV attempts to get out of a ditch.,An ATV is stuck.,an atv attempt to get out of a ditch .,an atv be stick .,DET PROPN VERB PART VERB ADP ADP DET NOUN PUNCT,DET PROPN AUX VERB PUNCT
entailment,A girl is balancing on a wooden beam.,the girls is balancing,a girl be balance on a wooden beam .,the girl be balance,DET NOUN AUX VERB ADP DET ADJ NOUN PUNCT,DET NOUN AUX VERB
entailment,Two men standing on some logs next to an open trailer.,Men standing on logs.,two man stand on some log next to an open trailer .,man stand on log .,NUM NOUN VERB ADP DET NOUN ADV ADP DET ADJ NOUN PUNCT,NOUN VERB ADP NOUN PUNCT
entailment,A man in jeans and sandals sits outside near trees and a goose and plays a string instrument.,The man is playing music.,a man in jean and sandal sit outside near tree and a goose and play a string instrument .,the man be play music .,DET NOUN ADP NOUN CCONJ NOUN VERB ADV ADP NOUN CCONJ DET NOUN CCONJ VERB DET NOUN NOUN PUNCT,DET NOUN AUX VERB NOUN PUNCT
entailment,A woman uses a newspaper to provide shade and get rid of glare while she uses her computer outside.,A woman is outside in the sun.,a woman use a newspaper to provide shade and get rid of glare while she use her computer outside .,a woman be outside in the sun .,DET NOUN VERB DET NOUN PART VERB NOUN CCONJ VERB VERB ADP NOUN SCONJ PRON VERB PRON NOUN ADV PUNCT,DET NOUN AUX ADV ADP DET NOUN PUNCT
entailment,A couple is sitting down together next to a sewer entrance.,People are outside of a sewer entrance.,a couple be sit down together next to a sewer entrance .,people be outside of a sewer entrance .,DET NOUN AUX VERB ADP ADV ADV ADP DET NOUN NOUN PUNCT,NOUN AUX ADV ADP DET NOUN NOUN PUNCT
entailment,Two guys are performing a show.,Two guys are putting on some entertainment,two guy be perform a show .,two guy be put on some entertainment,NUM NOUN AUX VERB DET NOUN PUNCT,NUM NOUN AUX VERB ADP DET NOUN
entailment,Little girl throwing food in the air for her white dog to catch.,A human throwing.,little girl throw food in the air for her white dog to catch .,a human throwing .,ADJ NOUN VERB NOUN ADP DET NOUN ADP PRON ADJ NOUN PART VERB PUNCT,DET ADJ NOUN PUNCT
entailment,A dog walks on a log across a small river.,the dog is outdoors,a dog walk on a log across a small river .,the dog be outdoors,DET NOUN VERB ADP DET NOUN ADP DET ADJ NOUN PUNCT,DET NOUN AUX ADV
entailment,A couple enjoy the scenery while a photographer captures it on film.,The couple are outdoors.,a couple enjoy the scenery while a photographer capture it on film .,the couple be outdoors .,DET NOUN VERB DET NOUN SCONJ DET NOUN VERB PRON ADP NOUN PUNCT,DET NOUN AUX ADV PUNCT
entailment,There are several people walking towards a house with a big tree next to it out in a field.,People out in the middle of a neighborhood.,there be several people walk towards a house with a big tree next to it out in a field .,people out in the middle of a neighborhood .,PRON AUX ADJ NOUN VERB ADP DET NOUN ADP DET ADJ NOUN ADV ADP PRON ADP ADP DET NOUN PUNCT,NOUN ADP ADP DET NOUN ADP DET NOUN PUNCT
entailment,There is a man with a young child in a red outfit looking at advertisements.,The guy with his kid in red are watching commericals.,there be a man with a young child in a red outfit look at advertisement .,the guy with his kid in red be watch commerical .,PRON AUX DET NOUN ADP DET ADJ NOUN ADP DET ADJ NOUN VERB ADP NOUN PUNCT,DET NOUN ADP PRON NOUN ADP NOUN AUX VERB NOUN PUNCT
entailment,A young woman leaps high into the air to spike a volleyball over a net while her teammate watches with anticipation.,A woman is playing volleyball,a young woman leap high into the air to spike a volleyball over a net while her teammate watch with anticipation .,a woman be play volleyball,DET ADJ NOUN VERB ADV ADP DET NOUN PART VERB DET NOUN ADP DET NOUN SCONJ PRON NOUN VERB ADP NOUN PUNCT,DET NOUN AUX VERB NOUN
entailment,"A little girl in a flower print bathing suit, jumping into the ocean.",a girl is wearing a suit,"a little girl in a flower print bathing suit , jump into the ocean .",a girl be wear a suit,DET ADJ NOUN ADP DET NOUN NOUN NOUN NOUN PUNCT VERB ADP DET NOUN PUNCT,DET NOUN AUX VERB DET NOUN
entailment,Young teens hanging out and enjoying themselves,Teens spending free time together.,young teen hang out and enjoy themselves,teen spend free time together .,ADJ NOUN VERB ADP CCONJ VERB PRON,NOUN VERB ADJ NOUN ADV PUNCT
entailment,Look at that beautiful animal running towards the bush.,Look at the beautiful animal running towards the bush.,look at that beautiful animal run towards the bush .,look at the beautiful animal run towards the bush .,VERB ADP DET ADJ NOUN VERB ADP DET PROPN PUNCT,VERB ADP DET ADJ NOUN VERB ADP DET PROPN PUNCT
entailment,People are watching as a blue car is hanging over a bridge that crosses a river.,People are watching a car.,people be watch as a blue car be hang over a bridge that cross a river .,people be watch a car .,NOUN AUX VERB ADP DET ADJ NOUN AUX VERB ADP DET NOUN PRON VERB DET NOUN PUNCT,NOUN AUX VERB DET NOUN PUNCT
entailment,The white dog has a blue shirt on and is behind a black dog with a rellow shirt on.,Two dogs are wearing shirts.,the white dog have a blue shirt on and be behind a black dog with a rellow shirt on .,two dog be wear shirt .,DET ADJ NOUN AUX DET ADJ NOUN ADP CCONJ AUX ADP DET ADJ NOUN ADP DET ADJ NOUN ADP PUNCT,NUM NOUN AUX VERB NOUN PUNCT
entailment,Two men and a woman are walking through a field.,Three people are outside,two man and a woman be walk through a field .,three people be outside,NUM NOUN CCONJ DET NOUN AUX VERB ADP DET NOUN PUNCT,NUM NOUN AUX ADV
entailment,two men on a sidewalk sitting and lying on luggage.,Men are on the sidewalk.,two man on a sidewalk sit and lie on luggage .,man be on the sidewalk .,NUM NOUN ADP DET NOUN VERB CCONJ VERB ADP NOUN PUNCT,NOUN AUX ADP DET NOUN PUNCT
entailment,"A Mac laptop, open, on top of a blue chair in a room with a group of people sitting in a semicircle around it.",A group watching the laptop.,"a mac laptop , open , on top of a blue chair in a room with a group of people sit in a semicircle around it .",a group watch the laptop .,DET PROPN NOUN PUNCT ADJ PUNCT ADP NOUN ADP DET ADJ NOUN ADP DET NOUN ADP DET NOUN ADP NOUN VERB ADP DET NOUN ADP PRON PUNCT,DET NOUN VERB DET NOUN PUNCT
entailment,"Man in boat wearing athletic shorts, a backwards baseball cap and sunglasses unhooks a fish he has caught while fishing.",The man's attempt to catch a fish has been successful.,"man in boat wear athletic short , a backwards baseball cap and sunglasse unhook a fish he have catch while fish .",the man 's attempt to catch a fish have be successful .,NOUN ADP NOUN VERB ADJ NOUN PUNCT DET ADJ NOUN NOUN CCONJ VERB NOUN DET NOUN PRON AUX VERB SCONJ VERB PUNCT,DET NOUN PART NOUN PART VERB DET NOUN AUX AUX ADJ PUNCT
entailment,A blond pony-tailed woman and a gray-haired man converse while seated at a restaurant's outdoor area.,the man and woman are talking,a blond pony - tail woman and a gray - haired man converse while seat at a restaurant 's outdoor area .,the man and woman be talk,DET ADJ NOUN PUNCT VERB NOUN CCONJ DET ADJ PUNCT ADJ NOUN NOUN SCONJ VERB ADP DET NOUN PART ADJ NOUN PUNCT,DET NOUN CCONJ NOUN AUX VERB
entailment,A girl wearing a white sweater over a gray shirt is holding her hand over her mouth as she laughs.,A girl is wearing a white sweater.,a girl wear a white sweater over a gray shirt be hold her hand over her mouth as she laugh .,a girl be wear a white sweater .,DET NOUN VERB DET ADJ NOUN ADP DET ADJ NOUN AUX VERB PRON NOUN ADP PRON NOUN ADP PRON VERB PUNCT,DET NOUN AUX VERB DET ADJ NOUN PUNCT
entailment,African American child listening to someone talking at a gymnastics tournament.,A kid listens to someone talk at a sporting event.,african american child listen to someone talk at a gymnastic tournament .,a kid listen to someone talk at a sporting event .,ADJ ADJ NOUN VERB ADP PRON VERB ADP DET NOUN NOUN PUNCT,DET NOUN VERB ADP PRON VERB ADP DET NOUN NOUN PUNCT
entailment,A man wearing sunglasses and a cap driving a Coast Gas truck past a rigging unit.,A man driving a gas truck.,a man wear sunglass and a cap drive a coast gas truck past a rigging unit .,a man drive a gas truck .,DET NOUN VERB NOUN CCONJ DET NOUN VERB DET PROPN PROPN NOUN ADP DET ADJ NOUN PUNCT,DET NOUN VERB DET NOUN NOUN PUNCT
entailment,The boy in the black jacket and checkered helmet does impressive jumps on his bike.,The boy is wearing a helmet.,the boy in the black jacket and checker helmet do impressive jump on his bike .,the boy be wear a helmet .,DET NOUN ADP DET ADJ NOUN CCONJ VERB NOUN AUX ADJ NOUN ADP PRON NOUN PUNCT,DET NOUN AUX VERB DET NOUN PUNCT
entailment,A man wearing shorts and a tank top jumping into the air.,The man is jumping.,a man wear short and a tank top jump into the air .,the man be jump .,DET NOUN VERB NOUN CCONJ DET NOUN NOUN VERB ADP DET NOUN PUNCT,DET NOUN AUX VERB PUNCT
entailment,"Three women are running through a puddle, and there are two women behind them.",Some people are running outside.,"three woman be run through a puddle , and there be two woman behind they .",some people be run outside .,NUM NOUN AUX VERB ADP DET NOUN PUNCT CCONJ PRON AUX NUM NOUN ADP PRON PUNCT,DET NOUN AUX VERB ADV PUNCT
entailment,An older man is sitting on a bench in front of a grassy area.,A man is outdoors.,an old man be sit on a bench in front of a grassy area .,a man be outdoors .,DET ADJ NOUN AUX VERB ADP DET NOUN ADP NOUN ADP DET ADJ NOUN PUNCT,DET NOUN AUX ADV PUNCT
entailment,Three women are walking down the street together near a very beautiful building.,three women are outdoors,three woman be walk down the street together near a very beautiful building .,three woman be outdoors,NUM NOUN AUX VERB ADP DET NOUN ADV ADP DET ADV ADJ NOUN PUNCT,NUM NOUN AUX ADV
entailment,Group sitting on a grassy hill resting.,They are resting on the hillside.,group sit on a grassy hill resting .,they be rest on the hillside .,PROPN VERB ADP DET ADJ NOUN NOUN PUNCT,PRON AUX VERB ADP DET NOUN PUNCT
entailment,Employee in pink shirt smiles for camera inside a restaurant kitchen.,The employee works for the restaurant.,employee in pink shirt smile for camera inside a restaurant kitchen .,the employee work for the restaurant .,NOUN ADP ADJ NOUN NOUN ADP NOUN ADP DET NOUN NOUN PUNCT,DET NOUN VERB ADP DET NOUN PUNCT
entailment,A shirtless man standing on the edge of a stream.,A man took off his shirt near a river.,a shirtless man stand on the edge of a stream .,a man take off his shirt near a river .,DET NOUN NOUN VERB ADP DET NOUN ADP DET NOUN PUNCT,DET NOUN VERB ADP PRON NOUN ADP DET NOUN PUNCT
entailment,A farmers market where people show their skills and goods.,There is a farmer's market with many goods.,a farmer market where people show their skill and good .,there be a farmer 's market with many good .,DET NOUN NOUN SCONJ NOUN VERB PRON NOUN CCONJ NOUN PUNCT,PRON AUX DET NOUN PART NOUN ADP ADJ NOUN PUNCT
entailment,Boy in green sweater with white stripe on sleeve standing on wood planked floor with body of water in the background.,The boy stands near the water,boy in green sweater with white stripe on sleeve stand on wood planked floor with body of water in the background .,the boy stand near the water,INTJ ADP ADJ NOUN ADP ADJ NOUN ADP NOUN VERB ADP NOUN ADJ NOUN ADP NOUN ADP NOUN ADP DET NOUN PUNCT,DET NOUN VERB ADP DET NOUN
entailment,A man wearing a blue sweatshirt pulling a rope.,A man pulling a rope.,a man wear a blue sweatshirt pull a rope .,a man pull a rope .,DET NOUN VERB DET ADJ NOUN VERB DET NOUN PUNCT,DET NOUN VERB DET NOUN PUNCT
entailment,A man dressed in red and white holds out a basket while a young girl wearing pink donates to it.,A man collects donations.,a man dress in red and white hold out a basket while a young girl wear pink donate to it .,a man collect donation .,DET NOUN VERB ADP ADJ CCONJ ADJ VERB ADP DET NOUN SCONJ DET ADJ NOUN VERB ADJ NOUN ADP PRON PUNCT,DET NOUN VERB NOUN PUNCT
entailment,A skateboarder grinding a lip.,A person has a skateboard.,a skateboarder grind a lip .,a person have a skateboard .,DET NOUN VERB DET NOUN PUNCT,DET NOUN AUX DET NOUN PUNCT
entailment,Two Indian women in saris are bending over a wet street.,Two women are outside.,two indian woman in saris be bend over a wet street .,two woman be outside .,NUM ADJ NOUN ADP PROPN AUX VERB ADP DET ADJ NOUN PUNCT,NUM NOUN AUX ADV PUNCT
entailment,Two men are jumping into the air to catch the football.,Two men jump in the air and compete to catch the football.,two man be jump into the air to catch the football .,two man jump in the air and compete to catch the football .,NUM NOUN AUX VERB ADP DET NOUN PART VERB DET NOUN PUNCT,NUM NOUN VERB ADP DET NOUN CCONJ VERB PART VERB DET NOUN PUNCT
entailment,Three asian people sitting down.,Some humans sitting.,three asian people sit down .,some human sit .,NUM ADJ NOUN VERB ADP PUNCT,DET NOUN VERB PUNCT
entailment,The man wearing white clothes and white leg padding is practicing a sport.,The man is in athletic gear.,the man wear white clothe and white leg padding be practice a sport .,the man be in athletic gear .,DET NOUN VERB ADJ NOUN CCONJ ADJ NOUN NOUN AUX VERB DET NOUN PUNCT,DET NOUN AUX ADP ADJ NOUN PUNCT
entailment,"The two bare feet of gymnast are seen balancing atop a large, red balance ball at a public event.",Feet siting atop a red ball.,"the two bare foot of gymnast be see balance atop a large , red balance ball at a public event .",foot sit atop a red ball .,DET NUM ADJ NOUN ADP NOUN AUX VERB VERB ADP DET ADJ PUNCT ADJ NOUN NOUN ADP DET ADJ NOUN PUNCT,NOUN VERB ADP DET ADJ NOUN PUNCT
entailment,"Group of older women wearing purple and red clothes, chili peppers jewelry, and large sombreros, sitting on a brick bench.",There are women sitting on a bench.,"group of old woman wear purple and red clothe , chili pepper jewelry , and large sombrero , sit on a brick bench .",there be woman sit on a bench .,PROPN ADP ADJ NOUN VERB ADJ CCONJ ADJ NOUN PUNCT NOUN NOUN NOUN PUNCT CCONJ ADJ NOUN PUNCT VERB ADP DET NOUN NOUN PUNCT,PRON AUX NOUN VERB ADP DET NOUN PUNCT
entailment,A man is barbecuing hotdogs and hamburger patties on a large grill.,The man knows how to cook food.,a man be barbecue hotdog and hamburger patty on a large grill .,the man know how to cook food .,DET NOUN AUX VERB NOUN CCONJ NOUN NOUN ADP DET ADJ NOUN PUNCT,DET NOUN VERB SCONJ PART VERB NOUN PUNCT
entailment,Three children sit in a field and play with a soccer ball.,Three kids are playing soccer.,three child sit in a field and play with a soccer ball .,three kid be play soccer .,NUM NOUN VERB ADP DET NOUN CCONJ VERB ADP DET NOUN NOUN PUNCT,NUM NOUN AUX VERB NOUN PUNCT
entailment,"A man wearing a long-sleeved white shirt and pink necktie, and a woman wearing a white blouse and black skirt walk next to a cinder block wall.",A man and a woman walk outside next to a block wall.,"a man wear a long - sleeve white shirt and pink necktie , and a woman wear a white blouse and black skirt walk next to a cinder block wall .",a man and a woman walk outside next to a block wall .,DET NOUN VERB DET ADV PUNCT VERB ADJ NOUN CCONJ ADJ NOUN PUNCT CCONJ DET NOUN VERB DET ADJ NOUN CCONJ ADJ NOUN VERB ADV ADP DET NOUN NOUN NOUN PUNCT,DET NOUN CCONJ DET NOUN VERB ADV ADV ADP DET NOUN NOUN PUNCT
entailment,Young woman enjoying herself playing pool.,A woman is having fun playing pool.,young woman enjoy herself play pool .,a woman be have fun play pool .,ADJ NOUN VERB PRON VERB NOUN PUNCT,DET NOUN AUX VERB ADJ VERB NOUN PUNCT
entailment,man washing the windows of a skyscraper,Man washing windows.,man wash the window of a skyscraper,man wash window .,NOUN VERB DET NOUN ADP DET NOUN,NOUN VERB NOUN PUNCT
entailment,A busy outdoor kiosk to sell items.,A busy outdoor kiosk.,a busy outdoor kiosk to sell item .,a busy outdoor kiosk .,DET ADJ ADJ NOUN PART VERB NOUN PUNCT,DET ADJ ADJ NOUN PUNCT
entailment,A group of people stand with their hands raised while standing on a wooden floor and in front of a blue backdrop.,A group of people with their hands in the air while standing on a floor made out of dead trees.,a group of people stand with their hand raise while stand on a wooden floor and in front of a blue backdrop .,a group of people with their hand in the air while stand on a floor make out of dead tree .,DET NOUN ADP NOUN VERB ADP PRON NOUN VERB SCONJ VERB ADP DET ADJ NOUN CCONJ ADP NOUN ADP DET ADJ NOUN PUNCT,DET NOUN ADP NOUN ADP PRON NOUN ADP DET NOUN SCONJ VERB ADP DET NOUN VERB ADP ADP ADJ NOUN PUNCT
entailment,A young child with a hat on playing with a bubble machine.,A kid is wearing a hat.,a young child with a hat on play with a bubble machine .,a kid be wear a hat .,DET ADJ NOUN ADP DET NOUN ADP VERB ADP DET NOUN NOUN PUNCT,DET NOUN AUX VERB DET NOUN PUNCT
entailment,Four children jumping on the shore.,There are four children.,four child jump on the shore .,there be four child .,NUM NOUN VERB ADP DET NOUN PUNCT,PRON AUX NUM NOUN PUNCT
entailment,A boy and an old man with a cane are talking.,The boy is talking to the man.,a boy and an old man with a cane be talk .,the boy be talk to the man .,DET NOUN CCONJ DET ADJ NOUN ADP DET NOUN AUX VERB PUNCT,DET NOUN AUX VERB ADP DET NOUN PUNCT
entailment,"A football team is seen making plays, blocking, catching and running.",A football team is playing.,"a football team be see make play , block , catch and run .",a football team be play .,DET NOUN NOUN AUX VERB VERB NOUN PUNCT VERB PUNCT VERB CCONJ VERB PUNCT,DET NOUN NOUN AUX VERB PUNCT
entailment,"Two people look toward the camera as they cross the street in front of a red building with a sign saying, ""Royal.""",A red building has a sign.,"two people look toward the camera as they cross the street in front of a red building with a sign say , "" royal . """,a red building have a sign .,NUM NOUN VERB ADP DET NOUN ADP PRON VERB DET NOUN ADP NOUN ADP DET ADJ NOUN ADP DET NOUN VERB PUNCT PUNCT PROPN PUNCT PUNCT,DET ADJ NOUN AUX DET NOUN PUNCT
entailment,A marching band wearing blue and black dances on the street.,There is a marching band on the street.,a march band wear blue and black dance on the street .,there be a march band on the street .,DET VERB NOUN VERB ADJ CCONJ ADJ NOUN ADP DET NOUN PUNCT,PRON AUX DET VERB NOUN ADP DET NOUN PUNCT
entailment,A group of musicians inside of a living room with white walls and brown rugs playing their music.,Some people play music.,a group of musician inside of a living room with white wall and brown rug play their music .,some people play music .,DET NOUN ADP NOUN ADV ADP DET NOUN NOUN ADP ADJ NOUN CCONJ ADJ NOUN VERB PRON NOUN PUNCT,DET NOUN VERB NOUN PUNCT
entailment,A man in a blue shirt is standing on a ladder cleaning a window.,A man in a blue shirt is cleaning a window from a ladder.,a man in a blue shirt be stand on a ladder clean a window .,a man in a blue shirt be clean a window from a ladder .,DET NOUN ADP DET ADJ NOUN AUX VERB ADP DET NOUN VERB DET NOUN PUNCT,DET NOUN ADP DET ADJ NOUN AUX VERB DET NOUN ADP DET NOUN PUNCT
entailment,"Two soccer players, one in red one in blue, running to kick the ball in soccer game.",Soccer players are running to kick the ball.,"two soccer player , one in red one in blue , run to kick the ball in soccer game .",soccer player be run to kick the ball .,NUM NOUN NOUN PUNCT NUM ADP ADJ NUM ADP ADJ PUNCT VERB PART VERB DET NOUN ADP NOUN NOUN PUNCT,NOUN NOUN AUX VERB PART VERB DET NOUN PUNCT
entailment,A young girl dressed in a Minnie mouse outfit and an older woman walking down the sidewalk.,A young girl and a woman are walking on the sidewalk.,a young girl dress in a minnie mouse outfit and an old woman walk down the sidewalk .,a young girl and a woman be walk on the sidewalk .,DET ADJ NOUN VERB ADP DET PROPN NOUN NOUN CCONJ DET ADJ NOUN VERB ADP DET NOUN PUNCT,DET ADJ NOUN CCONJ DET NOUN AUX VERB ADP DET NOUN PUNCT
entailment,"Two men, both in red shirts, one in midair while they are playing basketball.",Men are playing basketball.,"two man , both in red shirt , one in midair while they be play basketball .",man be play basketball .,NUM NOUN PUNCT DET ADP ADJ NOUN PUNCT NUM ADP NOUN SCONJ PRON AUX VERB NOUN PUNCT,NOUN AUX VERB NOUN PUNCT
entailment,"Guy with long brown, curly hair and eyeglasses, playing guitar, sitting on grass, wearing striped shirt and blue jeans.",a man is playing his guitar,"guy with long brown , curly hair and eyeglass , play guitar , sit on grass , wear striped shirt and blue jean .",a man be play his guitar,NOUN ADP ADJ ADJ PUNCT ADJ NOUN CCONJ NOUN PUNCT VERB NOUN PUNCT VERB ADP NOUN PUNCT VERB ADJ NOUN CCONJ ADJ NOUN PUNCT,DET NOUN AUX VERB PRON NOUN
entailment,A man jumps from one boulder to another and two men try to catch him as he barely makes it.,A man risks his life jumping from boulder to boulder as his friends make sure he doesn't fall.,a man jump from one boulder to another and two man try to catch he as he barely make it .,a man risk his life jump from boulder to boulder as his friend make sure he do not fall .,DET NOUN VERB ADP NUM NOUN ADP DET CCONJ NUM NOUN VERB PART VERB PRON ADP PRON ADV VERB PRON PUNCT,DET NOUN VERB PRON NOUN VERB ADP NOUN PART VERB ADP PRON NOUN VERB ADJ PRON AUX PART VERB PUNCT
entailment,A boy is being covered in sand at the beach.,The boy is at the beach.,a boy be be cover in sand at the beach .,the boy be at the beach .,DET NOUN AUX AUX VERB ADP NOUN ADP DET NOUN PUNCT,DET NOUN AUX ADP DET NOUN PUNCT
entailment,Two hockey players line up for a face-off during a game.,There are people playing a hockey game.,two hockey player line up for a face - off during a game .,there be people play a hockey game .,NUM NOUN NOUN VERB ADP ADP DET NOUN PUNCT NOUN ADP DET NOUN PUNCT,PRON AUX NOUN VERB DET NOUN NOUN PUNCT
entailment,A man in a black shirt crosses a street with a guitar on his back.,The man is wearing a black shirt.,a man in a black shirt cross a street with a guitar on his back .,the man be wear a black shirt .,DET NOUN ADP DET ADJ NOUN VERB DET NOUN ADP DET NOUN ADP PRON NOUN PUNCT,DET NOUN AUX VERB DET ADJ NOUN PUNCT
entailment,A group of people are enjoying their meal.,A group of people are eating a meal.,a group of people be enjoy their meal .,a group of people be eat a meal .,DET NOUN ADP NOUN AUX VERB PRON NOUN PUNCT,DET NOUN ADP NOUN AUX VERB DET NOUN PUNCT
entailment,A rugby player wearing white short and shirt being tackled by another player wearing blue shorts and trunks; a teammate of he player being tackled is coming up behind the tackled player.,A rugby player wearing white short and shirt being tackled by another player wearing blue shorts and trunks,a rugby player wear white short and shirt be tackle by another player wear blue short and trunk ; a teammate of he player be tackle be come up behind the tackled player .,a rugby player wear white short and shirt be tackle by another player wear blue short and trunk,DET ADJ NOUN VERB ADJ ADJ CCONJ NOUN AUX VERB ADP DET NOUN VERB ADJ NOUN CCONJ NOUN PUNCT DET NOUN ADP PRON NOUN AUX VERB AUX VERB ADP ADP DET ADJ NOUN PUNCT,DET ADJ NOUN VERB ADJ ADJ CCONJ NOUN AUX VERB ADP DET NOUN VERB ADJ NOUN CCONJ NOUN
entailment,Five people are painting outside on the sidewalk using spray cans.,There are people.,five people be paint outside on the sidewalk use spray can .,there be people .,NUM NOUN AUX VERB ADV ADP DET NOUN VERB NOUN NOUN PUNCT,PRON AUX NOUN PUNCT
entailment,An old man is wearing a black jacket.,The elderly gentlman is wearing a black jacket.,an old man be wear a black jacket .,the elderly gentlman be wear a black jacket .,DET ADJ NOUN AUX VERB DET ADJ NOUN PUNCT,DET ADJ NOUN AUX VERB DET ADJ NOUN PUNCT
entailment,A woman is outside a store taking a picture and making a face.,A woman takes a picture.,a woman be outside a store take a picture and make a face .,a woman take a picture .,DET NOUN AUX ADP DET NOUN VERB DET NOUN CCONJ VERB DET NOUN PUNCT,DET NOUN VERB DET NOUN PUNCT
entailment,A group of older men gather outside.,There is a group of people outdoors.,a group of old man gather outside .,there be a group of people outdoors .,DET NOUN ADP ADJ NOUN VERB ADV PUNCT,PRON AUX DET NOUN ADP NOUN ADV PUNCT
entailment,this man is breakdancing.,The man is moving his body very rapidly.,this man be breakdance .,the man be move his body very rapidly .,DET NOUN AUX VERB PUNCT,DET NOUN AUX VERB PRON NOUN ADV ADV PUNCT
entailment,A man with a black hat sitting down carving a wooden column.,A man carves an object.,a man with a black hat sit down carve a wooden column .,a man carve an object .,DET NOUN ADP DET ADJ NOUN VERB ADP VERB DET ADJ NOUN PUNCT,DET NOUN VERB DET NOUN PUNCT
entailment,Two men wearing blue and yellow suits and boots are working on the road.,Two men wearing a blue and a yellow dress are working together on the street.,two man wear blue and yellow suit and boot be work on the road .,two man wear a blue and a yellow dress be work together on the street .,NUM NOUN VERB ADJ CCONJ ADJ NOUN CCONJ NOUN AUX VERB ADP DET NOUN PUNCT,NUM NOUN VERB DET NOUN CCONJ DET ADJ NOUN AUX VERB ADV ADP DET NOUN PUNCT
entailment,O woman walks hurriedly past a department store with a red evening gown in the display window.,The woman sprint past the deparment store ignoring the red evening gown on display,o woman walk hurriedly past a department store with a red evening gown in the display window .,the woman sprint past the deparment store ignore the red evening gown on display,INTJ NOUN VERB ADV ADP DET NOUN NOUN ADP DET ADJ NOUN NOUN ADP DET NOUN NOUN PUNCT,DET NOUN VERB ADP DET NOUN NOUN VERB DET ADJ NOUN NOUN ADP NOUN
entailment,An older woman models a large grill installation at a home center.,The older woman is demonstrating a large grill instillation at the home center.,an old woman model a large grill installation at a home center .,the old woman be demonstrate a large grill instillation at the home center .,DET ADJ NOUN VERB DET ADJ ADJ NOUN ADP DET NOUN NOUN PUNCT,DET ADJ NOUN AUX VERB DET ADJ ADJ NOUN ADP DET NOUN NOUN PUNCT
entailment,"A man in a blue t-shirt is cutting the food, a woman is sitting and looking at something.",A person is preparing food.,"a man in a blue t - shirt be cut the food , a woman be sit and look at something .",a person be prepare food .,DET NOUN ADP DET ADJ NOUN PUNCT NOUN AUX VERB DET NOUN PUNCT DET NOUN AUX VERB CCONJ VERB ADP PRON PUNCT,DET NOUN AUX VERB NOUN PUNCT
entailment,Two people are scuba diving in blue water with lots of bubbles.,Two people are scuba diving.,two people be scuba diving in blue water with lot of bubble .,two people be scuba diving .,NUM NOUN AUX PROPN NOUN ADP ADJ NOUN ADP NOUN ADP NOUN PUNCT,NUM NOUN AUX PROPN NOUN PUNCT
entailment,"Several people are in a building looking at several bicycles, and the person near the front has a blue shirt.",Several people are in a building looking at bicycles.,"several people be in a building look at several bicycle , and the person near the front have a blue shirt .",several people be in a building look at bicycle .,ADJ NOUN AUX ADP DET NOUN VERB ADP ADJ NOUN PUNCT CCONJ DET NOUN ADP DET NOUN AUX DET ADJ NOUN PUNCT,ADJ NOUN AUX ADP DET NOUN VERB ADP NOUN PUNCT
entailment,A city street with cars parked by the meters and people walking and congregating under a pavilion type area.,A city street with cars and people on it.,a city street with car park by the meter and people walk and congregate under a pavilion type area .,a city street with car and people on it .,DET NOUN NOUN ADP NOUN VERB ADP DET NOUN CCONJ NOUN VERB CCONJ VERB ADP DET NOUN NOUN NOUN PUNCT,DET NOUN NOUN ADP NOUN CCONJ NOUN ADP PRON PUNCT
entailment,A riot squad making their way through a crowd.,There is a riotous crowd outside.,a riot squad make their way through a crowd .,there be a riotous crowd outside .,DET NOUN NOUN VERB PRON NOUN ADP DET NOUN PUNCT,PRON AUX DET ADJ NOUN ADV PUNCT
entailment,Two girls are astonished at the sight of planes.,The planes were a sight for sore eyes.,two girl be astonish at the sight of plane .,the plane be a sight for sore eye .,NUM NOUN AUX VERB ADP DET NOUN ADP NOUN PUNCT,DET NOUN AUX DET NOUN ADP ADJ NOUN PUNCT
entailment,A man poses in front of a run down house,A man takes a photo of a worn down building.,a man pose in front of a run down house,a man take a photo of a wear down building .,DET NOUN VERB ADP NOUN ADP DET NOUN ADV NOUN,DET NOUN VERB DET NOUN ADP DET VERB ADP NOUN PUNCT
entailment,A young child plays with a toy car and a displayed track set in a store.,a young child plays with toys in a store,a young child play with a toy car and a display track set in a store .,a young child play with toy in a store,DET ADJ NOUN VERB ADP DET NOUN NOUN CCONJ DET VERB NOUN VERB ADP DET NOUN PUNCT,DET ADJ NOUN VERB ADP NOUN ADP DET NOUN
entailment,"A woman wearing a pink shirt and a name tag which reads ""Amanda"" applies lipstick to her upper lip, her mouth moderately open.",A woman in pink puts lipstick on her upper lip.,"a woman wear a pink shirt and a name tag which read "" amanda "" apply lipstick to her upper lip , her mouth moderately open .",a woman in pink put lipstick on her upper lip .,DET NOUN VERB DET ADJ NOUN CCONJ DET NOUN NOUN DET VERB PUNCT PROPN PUNCT VERB NOUN ADP PRON ADJ NOUN PUNCT PRON NOUN ADV ADJ PUNCT,DET NOUN ADP ADJ VERB NOUN ADP PRON ADJ NOUN PUNCT
entailment,The Irish setter with the safety vest is running ahead of the Rottwieler and the Dalmation.,The dogs are running.,the irish setter with the safety vest be run ahead of the rottwieler and the dalmation .,the dog be run .,DET ADJ NOUN ADP DET NOUN NOUN AUX VERB ADV ADP DET PROPN CCONJ DET NOUN PUNCT,DET NOUN AUX VERB PUNCT
entailment,Two boys playing tug-of-war while one reaches out to chair on left,Boys are playing tug-of-war.,two boy play tug - of - war while one reach out to chair on left,boy be play tug - of - war .,NUM NOUN VERB NOUN PUNCT ADP PUNCT NOUN SCONJ NUM VERB ADP ADP NOUN ADP ADJ,NOUN AUX VERB NOUN PUNCT ADP PUNCT NOUN PUNCT
entailment,Two men talking to another guy in a green cap as another man sleeps on a bench in the back.,Two men talking to another guy in a green cap as another man sleeps on a bench in the back.,two man talk to another guy in a green cap as another man sleep on a bench in the back .,two man talk to another guy in a green cap as another man sleep on a bench in the back .,NUM NOUN VERB ADP DET NOUN ADP DET ADJ NOUN ADP DET NOUN VERB ADP DET NOUN ADP DET NOUN PUNCT,NUM NOUN VERB ADP DET NOUN ADP DET ADJ NOUN ADP DET NOUN VERB ADP DET NOUN ADP DET NOUN PUNCT
entailment,Basketball players are reaching for the basketball as it flies through the air.,A group of basketball players are trying to get a rebound,basketball player be reach for the basketball as it fly through the air .,a group of basketball player be try to get a rebound,NOUN NOUN AUX VERB ADP DET NOUN ADP PRON VERB ADP DET NOUN PUNCT,DET NOUN ADP NOUN NOUN AUX VERB PART VERB DET NOUN
entailment,A group of three boy scouts rest on a bluff overlooking the ocean.,There are boys looking at the ocean.,a group of three boy scout rest on a bluff overlook the ocean .,there be boy look at the ocean .,DET NOUN ADP NUM NOUN VERB NOUN ADP DET NOUN VERB DET NOUN PUNCT,PRON AUX NOUN VERB ADP DET NOUN PUNCT
entailment,Pink shirted woman sleeping in a car with blue and white blanket on her.,A woman is asleep.,pink shirt woman sleep in a car with blue and white blanket on she .,a woman be asleep .,ADJ VERB NOUN VERB ADP DET NOUN ADP ADJ CCONJ ADJ NOUN ADP PRON PUNCT,DET NOUN AUX ADJ PUNCT
entailment,A baby in a cart on a sidewalk.,A baby in a cart on a sidewalk.,a baby in a cart on a sidewalk .,a baby in a cart on a sidewalk .,DET NOUN ADP DET NOUN ADP DET NOUN PUNCT,DET NOUN ADP DET NOUN ADP DET NOUN PUNCT
entailment,A white dog runs through a field.,A white dog is running.,a white dog run through a field .,a white dog be run .,DET ADJ NOUN VERB ADP DET NOUN PUNCT,DET ADJ NOUN AUX VERB PUNCT
entailment,A small black and white dog and a larger tan one are checking each other out at the waters edge.,A dog are looking at each other,a small black and white dog and a large tan one be check each other out at the water edge .,a dog be look at each other,DET ADJ ADJ CCONJ ADJ NOUN CCONJ DET ADJ PROPN NUM AUX VERB DET ADJ ADP ADP DET NOUN NOUN PUNCT,DET NOUN AUX VERB ADP DET ADJ
entailment,Presenters speaking at conference.,people speaking,presenter speak at conference .,people speak,NOUN VERB ADP NOUN PUNCT,NOUN VERB
entailment,A man is rowing in a small boat called Neptuno,Man rowing small boat,a man be row in a small boat call neptuno,man row small boat,DET NOUN AUX VERB ADP DET ADJ NOUN VERB PROPN,NOUN VERB ADJ NOUN
entailment,A little girl pushes a merry-go-round in a park while two other kids hold on. ee,A little girl is at the merry-go-round,a little girl push a merry - go - round in a park while two other kid hold on . ee,a little girl be at the merry - go - round,DET ADJ NOUN VERB DET ADJ PUNCT VERB PUNCT NOUN ADP DET NOUN SCONJ NUM ADJ NOUN VERB ADP PUNCT PROPN,DET ADJ NOUN AUX ADP DET ADJ PUNCT VERB PUNCT NOUN
entailment,Two children are playing on the beach and the girl is jumping.,There are kids playing on the beach,two child be play on the beach and the girl be jump .,there be kid play on the beach,NUM NOUN AUX VERB ADP DET NOUN CCONJ DET NOUN AUX VERB PUNCT,PRON AUX NOUN VERB ADP DET NOUN
entailment,One man building something from an old piano.,A man is talking apart a piano.,one man build something from an old piano .,a man be talk apart a piano .,NUM NOUN VERB PRON ADP DET ADJ NOUN PUNCT,DET NOUN AUX VERB ADP DET NOUN PUNCT
entailment,Woman unpacking a bag with photography equipment inside.,A women is unpacking a bag,woman unpack a bag with photography equipment inside .,a woman be unpack a bag,NOUN VERB DET NOUN ADP NOUN NOUN ADV PUNCT,DET NOUN AUX VERB DET NOUN
entailment,A woman in a blue shirt in a crowd.,There is a person in the crowd.,a woman in a blue shirt in a crowd .,there be a person in the crowd .,DET NOUN ADP DET ADJ NOUN ADP DET NOUN PUNCT,PRON AUX DET NOUN ADP DET NOUN PUNCT
entailment,A young beagle playing in the grass.,A dog in some grass.,a young beagle play in the grass .,a dog in some grass .,DET ADJ NOUN VERB ADP DET NOUN PUNCT,DET NOUN ADP DET NOUN PUNCT
entailment,A man and a woman are at a restaurant cutting cake.,A cake is being cut.,a man and a woman be at a restaurant cutting cake .,a cake be be cut .,DET NOUN CCONJ DET NOUN AUX ADP DET NOUN NOUN NOUN PUNCT,DET NOUN AUX AUX VERB PUNCT
entailment,An elderly man sits on a stool outside his door and sleeps.,An elderly man sleeping while sitting on a stool.,an elderly man sit on a stool outside his door and sleep .,an elderly man sleep while sit on a stool .,DET ADJ NOUN VERB ADP DET NOUN ADP PRON NOUN CCONJ NOUN PUNCT,DET ADJ NOUN VERB SCONJ VERB ADP DET NOUN PUNCT
entailment,A truck-driver is working on his truck.,A truck driver works on his truck.,a truck - driver be work on his truck .,a truck driver work on his truck .,DET NOUN PUNCT NOUN AUX VERB ADP PRON NOUN PUNCT,DET NOUN NOUN VERB ADP PRON NOUN PUNCT
entailment,People are busy inside the hall.,There is a group of people in the hall.,people be busy inside the hall .,there be a group of people in the hall .,NOUN AUX ADJ ADP DET NOUN PUNCT,PRON AUX DET NOUN ADP NOUN ADP DET NOUN PUNCT
entailment,A girl is walking up a hill.,A person is walking up a hill.,a girl be walk up a hill .,a person be walk up a hill .,DET NOUN AUX VERB ADP DET NOUN PUNCT,DET NOUN AUX VERB ADP DET NOUN PUNCT
entailment,A bongo player wearing a red shirt playing in a band.,A musician is drumming.,a bongo player wear a red shirt playing in a band .,a musician be drum .,DET NOUN NOUN VERB DET ADJ NOUN NOUN ADP DET NOUN PUNCT,DET NOUN AUX VERB PUNCT
entailment,Two boys' football teams compete on the field.,Two boys' football teams compete.,two boy ' football team compete on the field .,two boy ' football team compete .,NUM NOUN PART NOUN NOUN VERB ADP DET NOUN PUNCT,NUM NOUN PART NOUN NOUN VERB PUNCT
entailment,A young child jumping on the bed as a man looks the other way.,A young child is playing inside.,a young child jump on the bed as a man look the other way .,a young child be play inside .,DET ADJ NOUN VERB ADP DET NOUN ADP DET NOUN VERB DET ADJ NOUN PUNCT,DET ADJ NOUN AUX VERB ADV PUNCT
entailment,Two workers working on yellow paper lanterns.,Some yellow paper lanterns are worked on by two workers.,two worker work on yellow paper lantern .,some yellow paper lantern be work on by two worker .,NUM NOUN VERB ADP ADJ NOUN NOUN PUNCT,DET ADJ NOUN NOUN AUX VERB ADP ADP NUM NOUN PUNCT
entailment,Two men on horses look on as another man is bucked off the back of his horse.,Two men on horses look on as another man is bucked off.,two man on horse look on as another man be buck off the back of his horse .,two man on horse look on as another man be buck off .,NUM NOUN ADP NOUN VERB ADP ADP DET NOUN AUX VERB ADP DET NOUN ADP PRON NOUN PUNCT,NUM NOUN ADP NOUN VERB ADP ADP DET NOUN AUX VERB ADP PUNCT
entailment,A hockey player in white tries to steal the puck from another player in red.,They are playing hockey.,a hockey player in white try to steal the puck from another player in red .,they be play hockey .,DET NOUN NOUN ADP ADJ NOUN PART VERB DET NOUN ADP DET NOUN ADP NOUN PUNCT,PRON AUX VERB NOUN PUNCT
entailment,A person jumps off of a ledge into a body of water.,a person jumps,a person jump off of a ledge into a body of water .,a person jump,DET NOUN VERB ADP ADP DET NOUN ADP DET NOUN ADP NOUN PUNCT,DET NOUN VERB
entailment,A man is playing tennis while people watch.,There are people watching a sport.,a man be play tennis while people watch .,there be people watch a sport .,DET NOUN AUX VERB NOUN SCONJ NOUN VERB PUNCT,PRON AUX NOUN VERB DET NOUN PUNCT
entailment,A white and brown dog is running over orange leaves.,The leaves make a rustling sound.,a white and brown dog be run over orange leaf .,the leaf make a rustle sound .,DET ADJ CCONJ ADJ NOUN AUX VERB ADP ADJ NOUN PUNCT,DET NOUN VERB DET VERB NOUN PUNCT
entailment,Two women are fighting in a martial arts tournament.,Two women are competing in martial arts.,two woman be fight in a martial art tournament .,two woman be compete in martial art .,NUM NOUN AUX VERB ADP DET ADJ NOUN NOUN PUNCT,NUM NOUN AUX VERB ADP ADJ NOUN PUNCT
entailment,Three dogs are playing.,A group of three dogs are playing.,three dog be play .,a group of three dog be play .,NUM NOUN AUX VERB PUNCT,DET NOUN ADP NUM NOUN AUX VERB PUNCT
entailment,"A man carrying a musical instrument and wearing a gray jacket, purple hat and purple scarf examines some money as he stands near a worn utility pole.",A man is looking at money.,"a man carry a musical instrument and wear a gray jacket , purple hat and purple scarf examine some money as he stand near a worn utility pole .",a man be look at money .,DET NOUN VERB DET ADJ NOUN CCONJ VERB DET ADJ NOUN PUNCT ADJ NOUN CCONJ ADJ NOUN NOUN DET NOUN ADP PRON VERB ADP DET ADJ NOUN NOUN PUNCT,DET NOUN AUX VERB ADP NOUN PUNCT
entailment,A short-haired woman speaks passionately to a group of younger women wearing traditional Indian dress.,A woman speaks to other women wearing traditional Indian clothing.,a short - haired woman speak passionately to a group of young woman wear traditional indian dress .,a woman speak to other woman wear traditional indian clothing .,DET ADJ PUNCT ADJ NOUN VERB ADV ADP DET NOUN ADP ADJ NOUN VERB ADJ ADJ NOUN PUNCT,DET NOUN VERB ADP ADJ NOUN VERB ADJ ADJ NOUN PUNCT
entailment,"A Golden Retriever, wearing a Tanuki styled hat, while laying on a couch, looks onward in the distance to the left of the photographer.",A dog is wearing a hat,"a golden retriever , wear a tanuki style hat , while lay on a couch , look onward in the distance to the left of the photographer .",a dog be wear a hat,DET PROPN PROPN PUNCT VERB DET PROPN VERB NOUN PUNCT SCONJ VERB ADP DET NOUN PUNCT VERB ADV ADP DET NOUN ADP DET NOUN ADP DET NOUN PUNCT,DET NOUN AUX VERB DET NOUN
entailment,People are running outside of a building at night.,There are people running outside of a building at night.,people be run outside of a building at night .,there be people run outside of a building at night .,NOUN AUX VERB ADP ADP DET NOUN ADP NOUN PUNCT,PRON AUX NOUN VERB ADV ADP DET NOUN ADP NOUN PUNCT
entailment,"Three gentleman, one sitting on a bench and two standing up against a wall.",There are three men sitting or standing next to each other.,"three gentleman , one sit on a bench and two stand up against a wall .",there be three man sit or stand next to each other .,NUM NOUN PUNCT NUM VERB ADP DET NOUN CCONJ NUM VERB ADP ADP DET NOUN PUNCT,PRON AUX NUM NOUN VERB CCONJ VERB ADV ADP DET ADJ PUNCT
entailment,Skiers are on the snow near to the resort buildings below the mountain range.,Skiers are on the snow,skier be on the snow near to the resort building below the mountain range .,skier be on the snow,NOUN AUX ADP DET NOUN ADP ADP DET NOUN NOUN ADP DET NOUN NOUN PUNCT,NOUN AUX ADP DET NOUN
entailment,A skateboarder jumps another skateboard.,A skateboarder is jumping over another skateboard.,a skateboarder jump another skateboard .,a skateboarder be jump over another skateboard .,DET NOUN VERB DET NOUN PUNCT,DET NOUN AUX VERB ADP DET NOUN PUNCT
entailment,A rugby match in progress is shown with the referee watching.,There are athletes playing a game.,a rugby match in progress be show with the referee watching .,there be athlete play a game .,DET NOUN NOUN ADP NOUN AUX VERB ADP DET NOUN NOUN PUNCT,PRON AUX NOUN VERB DET NOUN PUNCT
entailment,A girl wearing a yellow shirt and sunglasses smiles.,The girl is wearing clothes.,a girl wear a yellow shirt and sunglasse smile .,the girl be wear clothe .,DET NOUN VERB DET ADJ NOUN CCONJ VERB NOUN PUNCT,DET NOUN AUX VERB NOUN PUNCT
entailment,The boy is wearing a jacket.,The boy has on long sleeves.,the boy be wear a jacket .,the boy have on long sleeve .,DET NOUN AUX VERB DET NOUN PUNCT,DET NOUN AUX ADP ADJ NOUN PUNCT
entailment,A man in a gray t-shirt and jeans smiles at the camera while sitting in a crowd at an outdoor event.,a man is at an outdoor event,a man in a gray t - shirt and jean smile at the camera while sit in a crowd at an outdoor event .,a man be at an outdoor event,DET NOUN ADP DET ADJ NOUN PUNCT NOUN CCONJ NOUN NOUN ADP DET NOUN SCONJ VERB ADP DET NOUN ADP DET ADJ NOUN PUNCT,DET NOUN AUX ADP DET ADJ NOUN
entailment,A man in a red uniform jumps towards a soccer ball.,The man wearing the red uniform jumps towards the ball.,a man in a red uniform jump towards a soccer ball .,the man wear the red uniform jump towards the ball .,DET NOUN ADP DET ADJ NOUN VERB ADP DET NOUN NOUN PUNCT,DET NOUN VERB DET ADJ NOUN VERB ADP DET NOUN PUNCT
entailment,A woman in a pink shirt is grooming the mane of a horse.,A person is next to an animal.,a woman in a pink shirt be groom the mane of a horse .,a person be next to an animal .,DET NOUN ADP DET ADJ NOUN AUX VERB DET NOUN ADP DET NOUN PUNCT,DET NOUN AUX ADJ ADP DET NOUN PUNCT
entailment,A man is holding a utensil and is getting ready to dig into a plate filled with food.,A man is about to eat with a utensil,a man be hold a utensil and be get ready to dig into a plate fill with food .,a man be about to eat with a utensil,DET NOUN AUX VERB DET NOUN CCONJ AUX VERB ADJ PART VERB ADP DET NOUN VERB ADP NOUN PUNCT,DET NOUN AUX ADJ PART VERB ADP DET NOUN
entailment,One horse has wraps around its legs.,The horse has cold legs.,one horse have wrap around its leg .,the horse have cold leg .,NUM NOUN AUX NOUN ADP PRON NOUN PUNCT,DET NOUN AUX ADJ NOUN PUNCT
entailment,A man jumps from one boulder to another and two men try to catch him as he barely makes it.,Men jumping from boulder to boulder.,a man jump from one boulder to another and two man try to catch he as he barely make it .,man jump from boulder to boulder .,DET NOUN VERB ADP NUM NOUN ADP DET CCONJ NUM NOUN VERB PART VERB PRON ADP PRON ADV VERB PRON PUNCT,NOUN VERB ADP NOUN PART VERB PUNCT
entailment,Guy Kisses girl,Girl gets a kiss,guy kisses girl,girl get a kiss,NOUN PROPN NOUN,NOUN VERB DET NOUN
entailment,Four people sit and listen to a woman in a blue scoop neck talk with two bystanders in the background.,The woman in the blue scoop neck is speaking.,four people sit and listen to a woman in a blue scoop neck talk with two bystander in the background .,the woman in the blue scoop neck be speak .,NUM NOUN VERB CCONJ VERB ADP DET NOUN ADP DET ADJ NOUN NOUN NOUN ADP NUM NOUN ADP DET NOUN PUNCT,DET NOUN ADP DET ADJ NOUN NOUN AUX VERB PUNCT
entailment,Two women competing in a all women basketball game.,There is a basketball game.,two woman compete in a all woman basketball game .,there be a basketball game .,NUM NOUN VERB ADP DET DET NOUN NOUN NOUN PUNCT,PRON AUX DET NOUN NOUN PUNCT
entailment,Five young women are in a room interacting with one another.,The group is discussing a topic together.,five young woman be in a room interact with one another .,the group be discuss a topic together .,NUM ADJ NOUN AUX ADP DET NOUN VERB ADP NUM DET PUNCT,DET NOUN AUX VERB DET NOUN ADV PUNCT
entailment,Usain Bolt is racing against two other runners.,There are runners running.,usain bolt be race against two other runner .,there be runner run .,PROPN PROPN AUX VERB ADP NUM ADJ NOUN PUNCT,PRON AUX NOUN VERB PUNCT
entailment,A merchant sells various food items from his shop.,The merchant is selling items.,a merchant sell various food item from his shop .,the merchant be sell item .,DET NOUN VERB ADJ NOUN NOUN ADP PRON NOUN PUNCT,DET NOUN AUX VERB NOUN PUNCT
entailment,A person wearing a white shirt and red shorts is playing a tennis match.,someone is playing a sport outside.,a person wear a white shirt and red short be play a tennis match .,someone be play a sport outside .,DET NOUN VERB DET ADJ NOUN CCONJ ADJ NOUN AUX VERB DET NOUN NOUN PUNCT,PRON AUX VERB DET NOUN ADV PUNCT
entailment,Four men huddle around a blue race car.,Men are by a race car.,four man huddle around a blue race car .,man be by a race car .,NUM NOUN VERB ADP DET ADJ NOUN NOUN PUNCT,NOUN AUX ADP DET NOUN NOUN PUNCT
entailment,Small oriental girl trying to look through a telescope with eyes closed.,A little girl is using a telescope.,small oriental girl try to look through a telescope with eye close .,a little girl be use a telescope .,ADJ ADJ NOUN VERB PART VERB ADP DET NOUN ADP NOUN VERB PUNCT,DET ADJ NOUN AUX VERB DET NOUN PUNCT
entailment,"A vendor, selling such kid-friendly items as popular cartoon balloons, water guns and clear umbrellas, wheels his stand around in the streets where he is selling.",someone selling kids goods stands on a street,"a vendor , sell such kid - friendly item as popular cartoon balloon , water gun and clear umbrella , wheel his stand around in the street where he be sell .",someone sell kid good stand on a street,DET NOUN PUNCT VERB ADJ ADJ PUNCT ADJ NOUN ADP ADJ NOUN NOUN PUNCT NOUN NOUN CCONJ ADJ NOUN PUNCT VERB PRON NOUN ADP ADP DET NOUN SCONJ PRON AUX VERB PUNCT,PRON VERB NOUN NOUN VERB ADP DET NOUN
entailment,"Two men, one with purple hair, at crowded fountain near Seattle Space Needle.","There are two men in this picture, and they are both outside.","two man , one with purple hair , at crowded fountain near seattle space needle .","there be two man in this picture , and they be both outside .",NUM NOUN PUNCT NUM ADP ADJ NOUN PUNCT ADP ADJ NOUN ADP PROPN PROPN PROPN PUNCT,PRON AUX NUM NOUN ADP DET NOUN PUNCT CCONJ PRON AUX DET ADV PUNCT
entailment,Dad is adjusting daughter's bike.,The Dad is helping his daughter.,dad be adjust daughter 's bike .,the dad be help his daughter .,PROPN AUX VERB NOUN PART NOUN PUNCT,DET PROPN AUX VERB PRON NOUN PUNCT
entailment,A man in a jacket painting outside.,a man is painting,a man in a jacket paint outside .,a man be paint,DET NOUN ADP DET NOUN VERB ADV PUNCT,DET NOUN AUX VERB
entailment,A little girl dressed in pink and white is walking.,A girl is wearing pink and white.,a little girl dress in pink and white be walk .,a girl be wear pink and white .,DET ADJ NOUN VERB ADP ADJ CCONJ ADJ AUX VERB PUNCT,DET NOUN AUX VERB ADJ CCONJ ADJ PUNCT
entailment,Workers working at a bagel shop.,There are some people working at a bagel shop.,worker work at a bagel shop .,there be some people work at a bagel shop .,NOUN VERB ADP DET NOUN NOUN PUNCT,PRON AUX DET NOUN VERB ADP DET NOUN NOUN PUNCT
entailment,A group of people stare at a building.,People are looking at the same object,a group of people stare at a building .,people be look at the same object,DET NOUN ADP NOUN VERB ADP DET NOUN PUNCT,NOUN AUX VERB ADP DET ADJ NOUN
entailment,"A woman with curly, brown hair looks at her cellphone at a restaurant.",A woman looks at her cellphone,"a woman with curly , brown hair look at her cellphone at a restaurant .",a woman look at her cellphone,DET NOUN ADP NOUN PUNCT ADJ NOUN VERB ADP PRON NOUN ADP DET NOUN PUNCT,DET NOUN VERB ADP PRON NOUN
entailment,A woman with a designer handbag is admiring the view.,A woman is looking at the view.,a woman with a designer handbag be admire the view .,a woman be look at the view .,DET NOUN ADP DET NOUN NOUN AUX VERB DET NOUN PUNCT,DET NOUN AUX VERB ADP DET NOUN PUNCT
entailment,A baseball player standing on the field,A player is on the field.,a baseball player stand on the field,a player be on the field .,DET NOUN NOUN VERB ADP DET NOUN,DET NOUN AUX ADP DET NOUN PUNCT
entailment,Two small girls are jumping on an outdoor trampoline in a backyard.,Girls are outside playing,two small girl be jump on an outdoor trampoline in a backyard .,girl be outside play,NUM ADJ NOUN AUX VERB ADP DET ADJ NOUN ADP DET NOUN PUNCT,NOUN AUX ADJ VERB
entailment,A female tennis player is standing with her feet apart on a court.,A woman tennis player is in a certain stance on the court.,a female tennis player be stand with her foot apart on a court .,a woman tennis player be in a certain stance on the court .,DET ADJ NOUN NOUN AUX VERB ADP PRON NOUN ADV ADP DET NOUN PUNCT,DET NOUN NOUN NOUN AUX ADP DET ADJ NOUN ADP DET NOUN PUNCT
entailment,A dog is taking a dive into a body of water.,This dog is going to get wet,a dog be take a dive into a body of water .,this dog be go to get wet,DET NOUN AUX VERB DET NOUN ADP DET NOUN ADP NOUN PUNCT,DET NOUN AUX VERB PART VERB ADJ
entailment,A man in a red jacket rides a horse in mountainous terrain.,A man has a red jacket.,a man in a red jacket rid a horse in mountainous terrain .,a man have a red jacket .,DET NOUN ADP DET ADJ NOUN VERB DET NOUN ADP ADJ NOUN PUNCT,DET NOUN AUX DET ADJ NOUN PUNCT
entailment,A man is sitting on a shooting range equipped with a pistol while other men are similarly preparing to fire their guns.,The man is sitting on a shooting range with a gun.,a man be sit on a shooting range equip with a pistol while other man be similarly prepare to fire their gun .,the man be sit on a shooting range with a gun .,DET NOUN AUX VERB ADP DET NOUN NOUN VERB ADP DET NOUN SCONJ ADJ NOUN AUX ADV VERB PART VERB PRON NOUN PUNCT,DET NOUN AUX VERB ADP DET NOUN NOUN ADP DET NOUN PUNCT
entailment,A group of young males standing around a table.,Some people grouped together.,a group of young male stand around a table .,some people group together .,DET NOUN ADP ADJ NOUN VERB ADP DET NOUN PUNCT,DET NOUN VERB ADV PUNCT
entailment,This is a large group of young people at a party.,There is a large group of young people.,this be a large group of young people at a party .,there be a large group of young people .,DET AUX DET ADJ NOUN ADP ADJ NOUN ADP DET NOUN PUNCT,PRON AUX DET ADJ NOUN ADP ADJ NOUN PUNCT
entailment,"Four bicycles indoors: a red one being held by woman in black and a dog in the basket, a black one with saddlebags and a man in a gray shirt holding it, a blue one being ridden by a man in black shorts and a white shirt, and another that is blocked but is held by a person in an orange jacket.",Four people are handling bikes indoors.,"four bicycle indoor : a red one be hold by woman in black and a dog in the basket , a black one with saddlebag and a man in a gray shirt hold it , a blue one be ride by a man in black short and a white shirt , and another that be block but be hold by a person in an orange jacket .",four people be handle bike indoor .,NUM NOUN NOUN PUNCT DET ADJ NOUN AUX VERB ADP NOUN ADP NOUN CCONJ DET NOUN ADP DET NOUN PUNCT DET ADJ NUM ADP NOUN CCONJ DET NOUN ADP DET ADJ NOUN VERB PRON PUNCT DET ADJ NOUN AUX VERB ADP DET NOUN ADP ADJ NOUN CCONJ DET ADJ NOUN PUNCT CCONJ DET PRON AUX VERB CCONJ AUX VERB ADP DET NOUN ADP DET ADJ NOUN PUNCT,NUM NOUN AUX VERB NOUN NOUN PUNCT
entailment,A man walks along a sidewalk outside of a record shop while a person sits nearby taking pictures.,Two people are outdoors.,a man walk along a sidewalk outside of a record shop while a person sit nearby take picture .,two people be outdoors .,DET NOUN VERB ADP DET NOUN ADP ADP DET NOUN NOUN SCONJ DET NOUN VERB ADV VERB NOUN PUNCT,NUM NOUN AUX ADV PUNCT
entailment,One man wearing glasses sits in front of an Apple computer and drinks from a cup while another man wearing a cap and glasses stands in front of a microphone.,both of the men have glasses,one man wear glass sit in front of an apple computer and drink from a cup while another man wear a cap and glass stand in front of a microphone .,both of the man have glass,NUM NOUN VERB NOUN VERB ADP NOUN ADP DET PROPN NOUN CCONJ NOUN ADP DET NOUN SCONJ DET NOUN VERB DET NOUN CCONJ NOUN VERB ADP NOUN ADP DET NOUN PUNCT,DET ADP DET NOUN AUX NOUN
entailment,A girl stands on a pier as a ferry comes in.,A girl is next to a ferry.,a girl stand on a pier as a ferry come in .,a girl be next to a ferry .,DET NOUN VERB ADP DET NOUN ADP DET NOUN VERB ADV PUNCT,DET NOUN AUX ADJ ADP DET NOUN PUNCT
entailment,"A group of men, several of them already covered in mud, are on a muddy field playing a sport of some sort.",some guys stand in a field playing a sport,"a group of man , several of they already cover in mud , be on a muddy field play a sport of some sort .",some guy stand in a field play a sport,DET NOUN ADP NOUN PUNCT ADJ ADP PRON ADV VERB ADP NOUN PUNCT AUX ADP DET ADJ NOUN VERB DET NOUN ADP DET NOUN PUNCT,DET NOUN VERB ADP DET NOUN VERB DET NOUN
entailment,Several people are playing in the fountains.,There are people in the fountain.,several people be play in the fountain .,there be people in the fountain .,ADJ NOUN AUX VERB ADP DET NOUN PUNCT,PRON AUX NOUN ADP DET NOUN PUNCT
entailment,A man wearing a blue shirt and shorts is resting on a rock soaking his feet in a rocky stream.,A man is resting on a rock.,a man wear a blue shirt and short be rest on a rock soak his foot in a rocky stream .,a man be rest on a rock .,DET NOUN VERB DET ADJ NOUN CCONJ NOUN AUX VERB ADP DET NOUN VERB PRON NOUN ADP DET ADJ NOUN PUNCT,DET NOUN AUX VERB ADP DET NOUN PUNCT
entailment,Many people are walking through the city during the day.,The city has many people in it.,many people be walk through the city during the day .,the city have many people in it .,ADJ NOUN AUX VERB ADP DET NOUN ADP DET NOUN PUNCT,DET NOUN AUX ADJ NOUN ADP PRON PUNCT
entailment,"A man pulls a rope that is attached to a floating boat marked ""Avocet Market Drayton"".",Man pulling boat.,"a man pull a rope that be attach to a float boat mark "" avocet market drayton "" .",man pull boat .,DET NOUN VERB DET NOUN PRON AUX VERB ADP DET VERB NOUN VERB PUNCT PROPN PROPN PROPN PUNCT PUNCT,NOUN VERB NOUN PUNCT
entailment,An older man with glasses and a white beard is walking along the sidewalk of a road.,An older gentleman walks on a sidewalk,an old man with glass and a white beard be walk along the sidewalk of a road .,an old gentleman walk on a sidewalk,DET ADJ NOUN ADP NOUN CCONJ DET ADJ NOUN AUX VERB ADP DET NOUN ADP DET NOUN PUNCT,DET ADJ NOUN VERB ADP DET NOUN
entailment,TWo people walking into a shadow in one direction while another walks in the midst of it.,Three people and a shadow.,two people walk into a shadow in one direction while another walk in the midst of it .,three people and a shadow .,NOUN NOUN VERB ADP DET NOUN ADP NUM NOUN SCONJ DET VERB ADP DET NOUN ADP PRON PUNCT,NUM NOUN CCONJ DET NOUN PUNCT
entailment,Two asian females go walking.,Two Asian women walk.,two asian female go walk .,two asian woman walk .,NUM ADJ NOUN VERB VERB PUNCT,NUM ADJ NOUN VERB PUNCT
entailment,Two females are working out on a beach.,Women exercise together.,two female be work out on a beach .,woman exercise together .,NUM NOUN AUX VERB ADP ADP DET NOUN PUNCT,NOUN VERB ADV PUNCT
entailment,A man in a black shirt is at a skateboard park holding his skateboard.,The man has a skateboard.,a man in a black shirt be at a skateboard park hold his skateboard .,the man have a skateboard .,DET NOUN ADP DET ADJ NOUN AUX ADP DET NOUN NOUN VERB PRON NOUN PUNCT,DET NOUN AUX DET NOUN PUNCT
entailment,A person in an orange and black shirt is taking a photograph while sitting at a cubicle desk.,A man taking his photo at north street.,a person in an orange and black shirt be take a photograph while sit at a cubicle desk .,a man take his photo at north street .,DET NOUN ADP DET ADJ CCONJ ADJ NOUN AUX VERB DET NOUN SCONJ VERB ADP DET NOUN NOUN PUNCT,DET NOUN VERB PRON NOUN ADP PROPN NOUN PUNCT
entailment,"Two men, one holding a white cup and the other holding a phone, stand inside a room during the daytime.",Two men stand inside a room.,"two man , one hold a white cup and the other hold a phone , stand inside a room during the daytime .",two man stand inside a room .,NUM NOUN PUNCT NUM VERB DET ADJ NOUN CCONJ DET ADJ VERB DET NOUN PUNCT VERB ADP DET NOUN ADP DET NOUN PUNCT,NUM NOUN VERB ADP DET NOUN PUNCT
entailment,"Two men and a woman are performing on stage in a ""Thomas the Tank Engine"" play.",three people are in a play,"two man and a woman be perform on stage in a "" thomas the tank engine "" play .",three people be in a play,NUM NOUN CCONJ DET NOUN AUX VERB ADP NOUN ADP DET PUNCT PROPN DET PROPN PROPN PUNCT NOUN PUNCT,NUM NOUN AUX ADP DET NOUN
entailment,Three men and two women talking.,Five people are talking.,three man and two woman talk .,five people be talk .,NUM NOUN CCONJ NUM NOUN VERB PUNCT,NUM NOUN AUX VERB PUNCT
entailment,"In front of a seated crowd, a man with a gray beard receives a beard trim from a younger man in a black shirt.","In front of a seated crowd, a man is having his beard trimmed.","in front of a seat crowd , a man with a gray beard receive a beard trim from a young man in a black shirt .","in front of a seat crowd , a man be have his beard trim .",ADP NOUN ADP DET VERB NOUN PUNCT DET NOUN ADP DET ADJ NOUN VERB DET NOUN NOUN ADP DET ADJ NOUN ADP DET ADJ NOUN PUNCT,ADP NOUN ADP DET VERB NOUN PUNCT DET NOUN AUX VERB PRON NOUN VERB PUNCT
entailment,The woman in a yellow tube top is throwing a stick into the thicket surrounding her.,A woman is wearing a yellow tube top.,the woman in a yellow tube top be throw a stick into the thicket surround she .,a woman be wear a yellow tube top .,DET NOUN ADP DET ADJ NOUN NOUN AUX VERB DET NOUN ADP DET NOUN VERB PRON PUNCT,DET NOUN AUX VERB DET ADJ NOUN NOUN PUNCT
entailment,A young blond-haired girl holds a blue treat with a man in the background.,The man does not have the treat,a young blond - haired girl hold a blue treat with a man in the background .,the man do not have the treat,DET ADJ ADJ PUNCT ADJ NOUN VERB DET ADJ NOUN ADP DET NOUN ADP DET NOUN PUNCT,DET NOUN AUX PART AUX DET NOUN
entailment,A crowd is watching a lady give a demonstration of KitchenAid products with the help of an overhead mirror.,A woman is showing off new kitchen tools to a crowd of people.,a crowd be watch a lady give a demonstration of kitchenaid product with the help of an overhead mirror .,a woman be show off new kitchen tool to a crowd of people .,DET NOUN AUX VERB DET NOUN VERB DET NOUN ADP PROPN NOUN ADP DET NOUN ADP DET ADJ NOUN PUNCT,DET NOUN AUX VERB ADP ADJ NOUN NOUN ADP DET NOUN ADP NOUN PUNCT
entailment,A man with an orange vest is shoveling rocks.,A man is working.,a man with an orange vest be shovel rock .,a man be work .,DET NOUN ADP DET ADJ NOUN AUX VERB NOUN PUNCT,DET NOUN AUX VERB PUNCT
entailment,A child sitting on the ground.,The child is not running,a child sit on the ground .,the child be not run,DET NOUN VERB ADP DET NOUN PUNCT,DET NOUN AUX PART VERB
entailment,Here are 3 middle eastern boys deeply absorbed in a lecture.,3 boys in a classroom.,here be 3 middle eastern boy deeply absorb in a lecture .,3 boy in a classroom .,ADV AUX NUM ADJ ADJ NOUN ADV VERB ADP DET NOUN PUNCT,NUM NOUN ADP DET NOUN PUNCT
entailment,A man is riding his bicycle up in the air off of a ramp.,A man is in the air on a bike.,a man be rid his bicycle up in the air off of a ramp .,a man be in the air on a bike .,DET NOUN AUX VERB PRON NOUN ADP ADP DET NOUN ADP ADP DET NOUN PUNCT,DET NOUN AUX ADP DET NOUN ADP DET NOUN PUNCT
entailment,An older man is hugging a younger girl.,An older person is hugging a younger girl.,an old man be hug a young girl .,an old person be hug a young girl .,DET ADJ NOUN AUX VERB DET ADJ NOUN PUNCT,DET ADJ NOUN AUX VERB DET ADJ NOUN PUNCT
entailment,A woman in white dress is fixing the flower on a man's suit.,Woman fixing a man's suit.,a woman in white dress be fix the flower on a man 's suit .,woman fix a man 's suit .,DET NOUN ADP ADJ NOUN AUX VERB DET NOUN ADP DET NOUN PART NOUN PUNCT,NOUN VERB DET NOUN PART NOUN PUNCT
entailment,A man wearing no shirt climbs a steep cliff.,A shirtless man was climbing up the face of the cliff.,a man wear no shirt climb a steep cliff .,a shirtless man be climb up the face of the cliff .,DET NOUN VERB DET NOUN VERB DET ADJ NOUN PUNCT,DET NOUN NOUN AUX VERB ADP DET NOUN ADP DET NOUN PUNCT
entailment,A little boy play with flour on the floor.,A boy plays in flour.,a little boy play with flour on the floor .,a boy play in flour .,DET ADJ NOUN VERB ADP NOUN ADP DET NOUN PUNCT,DET NOUN VERB ADP NOUN PUNCT
entailment,"Three women are working in a field, while four children and a lady holding a baby watch.",Three women are working in a field.,"three woman be work in a field , while four child and a lady hold a baby watch .",three woman be work in a field .,NUM NOUN AUX VERB ADP DET NOUN PUNCT SCONJ NUM NOUN CCONJ DET NOUN VERB DET NOUN NOUN PUNCT,NUM NOUN AUX VERB ADP DET NOUN PUNCT
entailment,Lady talks on microphone while sitting down.,Lady talks on microphone while sitting down,lady talk on microphone while sit down .,lady talk on microphone while sit down,PROPN NOUN ADP NOUN SCONJ VERB ADP PUNCT,PROPN NOUN ADP NOUN SCONJ VERB ADP
entailment,"A man wearing a white tank top and jeans dancing with a woman wearing a tube top, white skirt white multicolored trim and black boots.",The man is near the woman.,"a man wear a white tank top and jean dance with a woman wear a tube top , white skirt white multicolore trim and black boot .",the man be near the woman .,DET NOUN VERB DET ADJ NOUN NOUN CCONJ NOUN VERB ADP DET NOUN VERB DET NOUN NOUN PUNCT ADJ PROPN PROPN VERB NOUN CCONJ ADJ NOUN PUNCT,DET NOUN AUX ADP DET NOUN PUNCT
entailment,A man and two little boys walk around the outside of what appears to be some kind of store.,man with boys walking,a man and two little boy walk around the outside of what appear to be some kind of store .,man with boy walk,DET NOUN CCONJ NUM ADJ NOUN VERB ADP DET NOUN ADP PRON VERB PART AUX DET NOUN ADP NOUN PUNCT,NOUN ADP NOUN VERB
entailment,A boy in purple wearing a seat belt.,A boy is wearing a seat belt,a boy in purple wear a seat belt .,a boy be wear a seat belt,DET NOUN ADP NOUN VERB DET NOUN NOUN PUNCT,DET NOUN AUX VERB DET NOUN NOUN
entailment,Several people having a good time while exercising.,Some people are enjoying exercising.,several people have a good time while exercise .,some people be enjoy exercise .,ADJ NOUN VERB DET ADJ NOUN SCONJ VERB PUNCT,DET NOUN AUX VERB VERB PUNCT
entailment,"Three people on a train holding playing cards, smiling.",A group play a game.,"three people on a train hold playing card , smile .",a group play a game .,NUM NOUN ADP DET NOUN VERB NOUN NOUN PUNCT VERB PUNCT,DET NOUN VERB DET NOUN PUNCT
entailment,A man with a red Spain shirt and a woman with purple streaks in her hair.,A man in a red shirt is with a woman.,a man with a red spain shirt and a woman with purple streak in her hair .,a man in a red shirt be with a woman .,DET NOUN ADP DET ADJ PROPN NOUN CCONJ DET NOUN ADP ADJ NOUN ADP PRON NOUN PUNCT,DET NOUN ADP DET ADJ NOUN AUX ADP DET NOUN PUNCT
entailment,"4 youngsters line up for a sprint race, while 2 other youths look on while wearing footballs jerseys.",Some people are about to race.,"4 youngster line up for a sprint race , while 2 other youth look on while wear football jersey .",some people be about to race .,NUM NOUN VERB ADP ADP DET NOUN NOUN PUNCT SCONJ NUM ADJ NOUN VERB ADP SCONJ VERB NOUN NOUN PUNCT,DET NOUN AUX ADJ PART VERB PUNCT
entailment,A construction crew working at several spots on the road.,A construction crew repairs the road.,a construction crew work at several spot on the road .,a construction crew repair the road .,DET NOUN NOUN VERB ADP ADJ NOUN ADP DET NOUN PUNCT,DET NOUN NOUN VERB DET NOUN PUNCT
entailment,A woman with brown hair wearing a red polka dot dress is singing into a microphone.,a woman singing,a woman with brown hair wear a red polka dot dress be sing into a microphone .,a woman sing,DET NOUN ADP ADJ NOUN VERB DET ADJ NOUN NOUN NOUN AUX VERB ADP DET NOUN PUNCT,DET NOUN VERB
entailment,"A person wearing a helmet, vest, and rubber boots sits with their feet in some shallow water.",A person sitting with their boots in water.,"a person wear a helmet , vest , and rubber boot sit with their foot in some shallow water .",a person sit with their boot in water .,DET NOUN VERB DET NOUN PUNCT ADJ PUNCT CCONJ NOUN NOUN VERB ADP PRON NOUN ADP DET ADJ NOUN PUNCT,DET NOUN VERB ADP PRON NOUN ADP NOUN PUNCT
entailment,"A man smiles, while clinking ale bottles, with an unseen person, at a public establishment.",A man smiles at a public establishment.,"a man smile , while clink ale bottle , with an unseen person , at a public establishment .",a man smile at a public establishment .,DET NOUN VERB PUNCT SCONJ VERB NOUN NOUN PUNCT ADP DET ADJ NOUN PUNCT ADP DET ADJ NOUN PUNCT,DET NOUN VERB ADP DET ADJ NOUN PUNCT
entailment,A woman is playing violin in a plaid skirt and black shirt.,A woman is holding a musical instrument.,a woman be play violin in a plaid skirt and black shirt .,a woman be hold a musical instrument .,DET NOUN AUX VERB NOUN ADP DET ADJ NOUN CCONJ ADJ NOUN PUNCT,DET NOUN AUX VERB DET ADJ NOUN PUNCT
entailment,A man in a suit walking down the street with a colorful drawing in the background.,A man in a suit is walking outside.,a man in a suit walk down the street with a colorful drawing in the background .,a man in a suit be walk outside .,DET NOUN ADP DET NOUN VERB ADP DET NOUN ADP DET ADJ NOUN ADP DET NOUN PUNCT,DET NOUN ADP DET NOUN AUX VERB ADV PUNCT
entailment,A man wearing a tan sweatshirt and jeans is transporting wooden furniture in a blue container on wheels across a street.,The man is wearing clothes.,a man wear a tan sweatshirt and jean be transport wooden furniture in a blue container on wheel across a street .,the man be wear clothe .,DET NOUN VERB DET PROPN NOUN CCONJ NOUN AUX VERB ADJ NOUN ADP DET ADJ NOUN ADP NOUN ADP DET NOUN PUNCT,DET NOUN AUX VERB NOUN PUNCT
entailment,A dog chases a tennis ball on a well manicured park lawn.,A dog is running in the park.,a dog chase a tennis ball on a well manicure park lawn .,a dog be run in the park .,DET NOUN NOUN DET NOUN NOUN ADP DET ADV VERB NOUN NOUN PUNCT,DET NOUN AUX VERB ADP DET NOUN PUNCT
entailment,A band of young men playing in front of a group of people with their hands raised in a room with colored lights in the background.,A band of young men plays in a club.,a band of young man play in front of a group of people with their hand raise in a room with colored light in the background .,a band of young man play in a club .,DET NOUN ADP ADJ NOUN VERB ADP NOUN ADP DET NOUN ADP NOUN ADP PRON NOUN VERB ADP DET NOUN ADP ADJ NOUN ADP DET NOUN PUNCT,DET NOUN ADP ADJ NOUN VERB ADP DET NOUN PUNCT
entailment,A group of people standing in front of a body of water.,A group of people are outdoors.,a group of people stand in front of a body of water .,a group of people be outdoors .,DET NOUN ADP NOUN VERB ADP NOUN ADP DET NOUN ADP NOUN PUNCT,DET NOUN ADP NOUN AUX ADV PUNCT
entailment,Glossy red apples lay stacked in a metal bowl.,Fresh apples are sitting in a bowl together.,glossy red apple lay stack in a metal bowl .,fresh apple be sit in a bowl together .,ADJ ADJ NOUN VERB VERB ADP DET NOUN NOUN PUNCT,ADJ NOUN AUX VERB ADP DET NOUN ADV PUNCT
entailment,A person in a kilt walks along an overpass.,A person is in a kilt,a person in a kilt walk along an overpass .,a person be in a kilt,DET NOUN ADP DET NOUN VERB ADP DET NOUN PUNCT,DET NOUN AUX ADP DET NOUN
entailment,A surfer jumps a wave as one paddles to the wave.,The surfer jumps,a surfer jump a wave as one paddle to the wave .,the surfer jump,DET NOUN VERB DET NOUN ADP NUM NOUN ADP DET NOUN PUNCT,DET NOUN VERB
entailment,"A woman holds a ""car wash"" sign on the edge of a quiet street.",A woman is holding a sign.,"a woman hold a "" car wash "" sign on the edge of a quiet street .",a woman be hold a sign .,DET NOUN VERB DET PUNCT NOUN NOUN PUNCT NOUN ADP DET NOUN ADP DET ADJ NOUN PUNCT,DET NOUN AUX VERB DET NOUN PUNCT
entailment,Two people in diving equipment examine mechanical equipment in a body of water.,Two people are wearing diving gear.,two people in diving equipment examine mechanical equipment in a body of water .,two people be wear diving gear .,NUM NOUN ADP NOUN NOUN VERB ADJ NOUN ADP DET NOUN ADP NOUN PUNCT,NUM NOUN AUX VERB NOUN NOUN PUNCT
entailment,Two men cleaning a kitchen with soap.,Two guys are cleaning the kitchen.,two man clean a kitchen with soap .,two guy be clean the kitchen .,NUM NOUN VERB DET NOUN ADP NOUN PUNCT,NUM NOUN AUX VERB DET NOUN PUNCT
entailment,"A baseball player in red leaps into the air to avoid a player in blue, who is shortly behind him as he catches the ball, while other blue team members look on in the background.",A basketball game in progress.,"a baseball player in red leap into the air to avoid a player in blue , who be shortly behind he as he catch the ball , while other blue team member look on in the background .",a basketball game in progress .,DET NOUN NOUN ADP ADJ NOUN ADP DET NOUN PART VERB DET NOUN ADP PROPN PUNCT PRON AUX ADV ADP PRON ADP PRON VERB DET NOUN PUNCT SCONJ ADJ ADJ NOUN NOUN VERB ADP ADP DET NOUN PUNCT,DET NOUN NOUN ADP NOUN PUNCT
entailment,Two men hanging out together.,two people out together,two man hang out together .,two people out together,NUM NOUN VERB ADP ADV PUNCT,NUM NOUN ADV ADV
entailment,a man is being photographed by another man while others around him are preparing for a parade,A man photographs another man.,a man be be photograph by another man while other around he be prepare for a parade,a man photograph another man .,DET NOUN AUX AUX VERB ADP DET NOUN SCONJ NOUN ADP PRON AUX VERB ADP DET NOUN,DET NOUN VERB DET NOUN PUNCT
entailment,A group of kids are at a birthday party.,The kids are celebrating.,a group of kid be at a birthday party .,the kid be celebrate .,DET NOUN ADP NOUN AUX ADP DET NOUN NOUN PUNCT,DET NOUN AUX VERB PUNCT
entailment,A group of runners and walkers posing together for a picture.,Someone is pointing a camera at the group of runners.,a group of runner and walker pose together for a picture .,someone be point a camera at the group of runner .,DET NOUN ADP NOUN CCONJ NOUN VERB ADV ADP DET NOUN PUNCT,PRON AUX VERB DET NOUN ADP DET NOUN ADP NOUN PUNCT
entailment,A man sits on a dock with a bottle of water.,A gentleman is sitting on a dock with a bottle of water.,a man sit on a dock with a bottle of water .,a gentleman be sit on a dock with a bottle of water .,DET NOUN VERB ADP DET NOUN ADP DET NOUN ADP NOUN PUNCT,DET NOUN AUX VERB ADP DET NOUN ADP DET NOUN ADP NOUN PUNCT
entailment,A girl's volleyball team is having a game.,The females are competing in a sport.,a girl 's volleyball team be have a game .,the female be compete in a sport .,DET NOUN PART NOUN NOUN AUX VERB DET NOUN PUNCT,DET NOUN AUX VERB ADP DET NOUN PUNCT
entailment,A woman wearing a white hat and shirt is jogging down a street with a plant store on the corner.,There is a woman jogging.,a woman wear a white hat and shirt be jog down a street with a plant store on the corner .,there be a woman jog .,DET NOUN VERB DET ADJ NOUN CCONJ NOUN AUX VERB ADP DET NOUN ADP DET NOUN NOUN ADP DET NOUN PUNCT,PRON AUX DET NOUN VERB PUNCT
entailment,Street scene of blond woman in gold coat and pink mini-skirt in front of a rear-facing police motorcycle.,A woman is near a vehicle.,street scene of blond woman in gold coat and pink mini - skirt in front of a rear - face police motorcycle .,a woman be near a vehicle .,NOUN NOUN ADP ADJ NOUN ADP ADJ NOUN CCONJ ADJ NOUN NOUN NOUN ADP NOUN ADP DET NOUN PUNCT VERB NOUN NOUN PUNCT,DET NOUN AUX ADP DET NOUN PUNCT
entailment,A woman talking on her cellphone.,A woman on her phone.,a woman talk on her cellphone .,a woman on her phone .,DET NOUN VERB ADP PRON NOUN PUNCT,DET NOUN ADP PRON NOUN PUNCT
entailment,The black and brown dog is standing with its legs apart on the beach.,There are two dogs outdoors.,the black and brown dog be stand with its leg apart on the beach .,there be two dog outdoors .,DET ADJ CCONJ ADJ NOUN AUX VERB ADP PRON NOUN ADV ADP DET NOUN PUNCT,PRON AUX NUM NOUN ADV PUNCT
entailment,Three little boys sit together making faces.,boys sitting together,three little boy sit together make face .,boy sit together,NUM ADJ NOUN VERB ADV VERB NOUN PUNCT,NOUN VERB ADV
entailment,A flying machine with a yellow sail is landing with industrial buildings in the background.,A yellow machine is landing near buildings.,a fly machine with a yellow sail be land with industrial building in the background .,a yellow machine be land near building .,DET VERB NOUN ADP DET ADJ NOUN AUX VERB ADP ADJ NOUN ADP DET NOUN PUNCT,DET ADJ NOUN AUX VERB ADP NOUN PUNCT
entailment,Two dogs race through a field.,Two dogs are running outside.,two dog race through a field .,two dog be run outside .,NUM NOUN NOUN ADP DET NOUN PUNCT,NUM NOUN AUX VERB ADV PUNCT
entailment,A woman in pink is standing alone in the middle of the street.,A woman is standing in the street,a woman in pink be stand alone in the middle of the street .,a woman be stand in the street,DET NOUN ADP NOUN AUX VERB ADV ADP DET NOUN ADP DET NOUN PUNCT,DET NOUN AUX VERB ADP DET NOUN
entailment,A man wearing sunglasses and a gray t-shirt is sitting in a chair.,A man is wearing a gray shirt,a man wear sunglass and a gray t - shirt be sit in a chair .,a man be wear a gray shirt,DET NOUN VERB NOUN CCONJ DET ADJ NOUN PUNCT NOUN AUX VERB ADP DET NOUN PUNCT,DET NOUN AUX VERB DET ADJ NOUN
entailment,Two young boys are working on a small bike.,The bike is being worked on,two young boy be work on a small bike .,the bike be be work on,NUM ADJ NOUN AUX VERB ADP DET ADJ NOUN PUNCT,DET NOUN AUX AUX VERB ADP
entailment,"A muscled, shirtless man sitting on a bench working out on an arm-exercising machine.",The man is muscled,"a muscle , shirtless man sit on a bench work out on an arm - exercise machine .",the man be muscle,DET VERB PUNCT NOUN NOUN VERB ADP DET NOUN VERB ADP ADP DET NOUN PUNCT VERB NOUN PUNCT,DET NOUN AUX VERB
entailment,Closeup of little girl dancing,Zoomed in on a little girl dancing.,closeup of little girl dancing,zoom in on a little girl dancing .,PROPN ADP ADJ NOUN NOUN,VERB ADP ADP DET ADJ NOUN NOUN PUNCT
entailment,"A man on a bike is wearing a helmet, logo shirt, and is pointing at you.",A person pointing.,"a man on a bike be wear a helmet , logo shirt , and be point at you .",a person point .,DET NOUN ADP DET NOUN AUX VERB DET NOUN PUNCT NOUN NOUN PUNCT CCONJ AUX VERB ADP PRON PUNCT,DET NOUN VERB PUNCT
entailment,A woman in a striped shirt smoking a cigarette with another woman sitting next to her in a jean jacket.,A woman is smoking a cigarette,a woman in a striped shirt smoke a cigarette with another woman sit next to she in a jean jacket .,a woman be smoke a cigarette,DET NOUN ADP DET ADJ NOUN VERB DET NOUN ADP DET NOUN VERB ADV ADP PRON ADP DET NOUN NOUN PUNCT,DET NOUN AUX VERB DET NOUN
entailment,A group of people and children are walking along a walkway.,A group of people are walking.,a group of people and child be walk along a walkway .,a group of people be walk .,DET NOUN ADP NOUN CCONJ NOUN AUX VERB ADP DET NOUN PUNCT,DET NOUN ADP NOUN AUX VERB PUNCT
entailment,"A stock car races along a dirt track, spraying a plume of dirt behind it.",A stock car is making a mess of dirt.,"a stock car race along a dirt track , spray a plume of dirt behind it .",a stock car be make a mess of dirt .,DET NOUN NOUN NOUN ADP DET NOUN NOUN PUNCT VERB DET NOUN ADP NOUN ADP PRON PUNCT,DET NOUN NOUN AUX VERB DET NOUN ADP NOUN PUNCT
entailment,A baseball player in uniform who just threw a ball.,The ball player had the ball a second ago.,a baseball player in uniform who just throw a ball .,the ball player have the ball a second ago .,DET NOUN NOUN ADP NOUN PRON ADV VERB DET NOUN PUNCT,DET NOUN NOUN AUX DET NOUN DET ADJ ADV PUNCT
entailment,Five people playing string instruments in public.,A string quintet performs music outdoors.,five people play string instrument in public .,a string quintet perform music outdoors .,NUM NOUN VERB NOUN NOUN ADP NOUN PUNCT,DET NOUN NOUN VERB NOUN ADV PUNCT
entailment,A man with a hat and bookbag is walking.,A person with a hat and bookbag is walking.,a man with a hat and bookbag be walk .,a person with a hat and bookbag be walk .,DET NOUN ADP DET NOUN CCONJ NOUN AUX VERB PUNCT,DET NOUN ADP DET NOUN CCONJ NOUN AUX VERB PUNCT
entailment,a woman stamds in the middle of a brick road.,A woman stands outside.,a woman stamds in the middle of a brick road .,a woman stand outside .,DET NOUN NOUN ADP DET NOUN ADP DET NOUN NOUN PUNCT,DET NOUN VERB ADV PUNCT
entailment,People inside a subway car hold on to the rails while people outside the subway car walk away.,People are touching the rails.,people inside a subway car hold on to the rail while people outside the subway car walk away .,people be touch the rail .,NOUN ADP DET NOUN NOUN VERB ADP ADP DET NOUN SCONJ NOUN ADP DET NOUN NOUN VERB ADV PUNCT,NOUN AUX VERB DET NOUN PUNCT
entailment,A street with many advertisements.,A street full of advertisements.,a street with many advertisement .,a street full of advertisement .,DET NOUN ADP ADJ NOUN PUNCT,DET NOUN ADJ ADP NOUN PUNCT
entailment,Two young boys dressed in shorts are looking for something.,A missing item being searched for.,two young boy dress in short be look for something .,a miss item be search for .,NUM ADJ NOUN VERB ADP NOUN AUX VERB ADP PRON PUNCT,DET VERB NOUN AUX VERB ADP PUNCT
entailment,Two young females engage in contact while playing a game of lacrosse.,Two women hit each other while playing lacrosse.,two young female engage in contact while play a game of lacrosse .,two woman hit each other while play lacrosse .,NUM ADJ NOUN VERB ADP NOUN SCONJ VERB DET NOUN ADP PROPN PUNCT,NUM NOUN VERB DET ADJ SCONJ VERB ADJ PUNCT
entailment,"Two young people are sitting, surrounded by baskets of fruits",The fruit baskets are filled with apples.,"two young people be sit , surround by basket of fruit",the fruit basket be fill with apple .,NUM ADJ NOUN AUX VERB PUNCT VERB ADP NOUN ADP NOUN,DET NOUN NOUN AUX VERB ADP NOUN PUNCT
entailment,Three men and two women walk down an outdoor hallway past a man sitting on a step reading a newspaper.,People walked past a man.,three man and two woman walk down an outdoor hallway past a man sit on a step read a newspaper .,people walk past a man .,NUM NOUN CCONJ NUM NOUN VERB ADP DET ADJ NOUN ADP DET NOUN VERB ADP DET NOUN VERB DET NOUN PUNCT,NOUN VERB ADP DET NOUN PUNCT
entailment,Three children play at a dock.,The 3 kids are spending time outside.,three child play at a dock .,the 3 kid be spend time outside .,NUM NOUN VERB ADP DET NOUN PUNCT,DET NUM NOUN AUX VERB NOUN ADV PUNCT
entailment,Two women in hats set next to a rock and a young child in a knitted cap.,Two women are wearing hats.,two woman in hat set next to a rock and a young child in a knitted cap .,two woman be wear hat .,NUM NOUN ADP NOUN VERB ADV ADP DET NOUN CCONJ DET ADJ NOUN ADP DET ADJ NOUN PUNCT,NUM NOUN AUX VERB NOUN PUNCT
entailment,Street vendor in China is ready for work,A street vendor has set up shop for work outside.,street vendor in china be ready for work,a street vendor have set up shop for work outside .,NOUN NOUN ADP PROPN AUX ADJ ADP NOUN,DET NOUN NOUN AUX VERB ADP NOUN ADP NOUN ADV PUNCT
entailment,A concentrated male sculpting.,the guy sculpts carefully,a concentrated male sculpting .,the guy sculpt carefully,DET ADJ NOUN NOUN PUNCT,DET NOUN VERB ADV
entailment,a woman carrying something on her head is leading a pack mule,a woman is carrying something,a woman carry something on her head be lead a pack mule,a woman be carry something,DET NOUN VERB PRON ADP PRON NOUN AUX VERB DET NOUN NOUN,DET NOUN AUX VERB PRON
entailment,An Asian boy stepping on a stone next to a brick building.,A boy is stepping on a stone near a brick building.,an asian boy step on a stone next to a brick building .,a boy be step on a stone near a brick building .,DET ADJ NOUN VERB ADP DET NOUN ADV ADP DET NOUN NOUN PUNCT,DET NOUN AUX VERB ADP DET NOUN ADP DET NOUN NOUN PUNCT
entailment,Woman at Walmart check-out having her groceries bagged by an employee.,A woman is in Walmart,woman at walmart check - out have her grocery bag by an employee .,a woman be in walmart,NOUN ADP PROPN NOUN PUNCT NOUN VERB PRON NOUN VERB ADP DET NOUN PUNCT,DET NOUN AUX ADP PROPN
entailment,Two men on a blue canoe in the middle of a large body of water.,Two men are on a boat.,two man on a blue canoe in the middle of a large body of water .,two man be on a boat .,NUM NOUN ADP DET ADJ NOUN ADP DET NOUN ADP DET ADJ NOUN ADP NOUN PUNCT,NUM NOUN AUX ADP DET NOUN PUNCT
entailment,Man drawing a picture on a balcony overlooking a church.,there are catholic bells ringing and man is painting the wall outside the home and looking church,man draw a picture on a balcony overlook a church .,there be catholic bell ring and man be paint the wall outside the home and look church,NOUN VERB DET NOUN ADP DET NOUN VERB DET NOUN PUNCT,PRON AUX ADJ NOUN VERB CCONJ NOUN AUX VERB DET NOUN ADP DET NOUN CCONJ VERB NOUN
entailment,A boy wearing a black and red hat is ready to throw a baseball.,A boy prepares to pitch.,a boy wear a black and red hat be ready to throw a baseball .,a boy prepare to pitch .,DET NOUN VERB DET ADJ CCONJ ADJ NOUN AUX ADJ PART VERB DET NOUN PUNCT,DET NOUN VERB PART VERB PUNCT
entailment,Two adults dancing with a little boy while another person standing in the background.,There are 4 people in this picture.,two adult dance with a little boy while another person stand in the background .,there be 4 people in this picture .,NUM NOUN VERB ADP DET ADJ NOUN SCONJ DET NOUN VERB ADP DET NOUN PUNCT,PRON AUX NUM NOUN ADP DET NOUN PUNCT
entailment,An older man in a yellow shirt holds a green shopping bag while standing in the middle of a street.,a man in a shirt,an old man in a yellow shirt hold a green shopping bag while stand in the middle of a street .,a man in a shirt,DET ADJ NOUN ADP DET ADJ NOUN VERB DET ADJ NOUN NOUN SCONJ VERB ADP DET NOUN ADP DET NOUN PUNCT,DET NOUN ADP DET NOUN
entailment,A man with a long white beard starting away from the crowd with a bunch of people behind him.,The man has a beard.,a man with a long white beard start away from the crowd with a bunch of people behind he .,the man have a beard .,DET NOUN ADP DET ADJ ADJ NOUN VERB ADV ADP DET NOUN ADP DET NOUN ADP NOUN ADP PRON PUNCT,DET NOUN AUX DET NOUN PUNCT
entailment,A black pitbull dog is running through the dirt.,The animal is running.,a black pitbull dog be run through the dirt .,the animal be run .,DET ADJ ADJ NOUN AUX VERB ADP DET NOUN PUNCT,DET NOUN AUX VERB PUNCT
entailment,Five women with covered heads are standing in a crowd.,The women are standing near other people.,five woman with cover head be stand in a crowd .,the woman be stand near other people .,NUM NOUN ADP VERB NOUN AUX VERB ADP DET NOUN PUNCT,DET NOUN AUX VERB ADP ADJ NOUN PUNCT
entailment,People are standing in line at a market.,The people are standing.,people be stand in line at a market .,the people be stand .,NOUN AUX VERB ADP NOUN ADP DET NOUN PUNCT,DET NOUN AUX VERB PUNCT
entailment,a man smokes a cigarette.,A man is outside smoking a cigarette.,a man smoke a cigarette .,a man be outside smoke a cigarette .,DET NOUN VERB DET NOUN PUNCT,DET NOUN AUX ADP VERB DET NOUN PUNCT
entailment,many people taking pictures of the mountains in front of a no truck sign,A group of people is taking pictures of the mountains in front of a sign.,many people take picture of the mountain in front of a no truck sign,a group of people be take picture of the mountain in front of a sign .,ADJ NOUN VERB NOUN ADP DET NOUN ADP NOUN ADP DET DET NOUN NOUN,DET NOUN ADP NOUN AUX VERB NOUN ADP DET NOUN ADP NOUN ADP DET NOUN PUNCT
entailment,"A young man with short, dark hair in a white shirt and blue striped tie stands at a podium.",A young man is wearing a white shirt.,"a young man with short , dark hair in a white shirt and blue strip tie stand at a podium .",a young man be wear a white shirt .,DET ADJ NOUN ADP ADJ PUNCT ADJ NOUN ADP DET ADJ NOUN CCONJ ADJ VERB NOUN VERB ADP DET NOUN PUNCT,DET ADJ NOUN AUX VERB DET ADJ NOUN PUNCT
entailment,An older gentleman chops wood by a tree.,The man is chopping wood.,an old gentleman chop wood by a tree .,the man be chop wood .,DET ADJ NOUN VERB NOUN ADP DET NOUN PUNCT,DET NOUN AUX VERB NOUN PUNCT
entailment,White male squirting lighter fluid on charcoal grill coals while drinking a beer and smoking a cigarette in the woods.,A man fuels a fire in a grill outside.,white male squirt light fluid on charcoal grill coal while drink a beer and smoke a cigarette in the wood .,a man fuel a fire in a grill outside .,ADJ NOUN VERB ADJ NOUN ADP NOUN NOUN NOUN SCONJ VERB DET NOUN CCONJ VERB DET NOUN ADP DET NOUN PUNCT,DET NOUN VERB DET NOUN ADP DET NOUN ADV PUNCT
entailment,Beige dog running toward camera on brown ground and a man in the background moving away from camera.,There is a dog.,beige dog run toward camera on brown ground and a man in the background move away from camera .,there be a dog .,ADJ NOUN VERB ADP NOUN ADP ADJ NOUN CCONJ DET NOUN ADP DET NOUN VERB ADV ADP NOUN PUNCT,PRON AUX DET NOUN PUNCT
entailment,A person dressed in a black shirt and a person dressed in a blue shirt are standing on a mound of sand.,A person is dressed in a black shirt and standing on sand.,a person dress in a black shirt and a person dress in a blue shirt be stand on a mound of sand .,a person be dress in a black shirt and stand on sand .,DET NOUN VERB ADP DET ADJ NOUN CCONJ DET NOUN VERB ADP DET ADJ NOUN AUX VERB ADP DET NOUN ADP NOUN PUNCT,DET NOUN AUX VERB ADP DET ADJ NOUN CCONJ VERB ADP NOUN PUNCT
entailment,there are six dogs in the water,There are animal wading in the waters.,there be six dog in the water,there be animal wad in the water .,PRON AUX NUM NOUN ADP DET NOUN,PRON AUX NOUN VERB ADP DET NOUN PUNCT
entailment,A group of people seated at a picnic table under a tent space decorated with flags and stars.,The tent convers the picnic table.,a group of people seat at a picnic table under a tent space decorate with flag and star .,the tent conver the picnic table .,DET NOUN ADP NOUN VERB ADP DET NOUN NOUN ADP DET NOUN NOUN VERB ADP NOUN CCONJ NOUN PUNCT,DET NOUN NOUN DET NOUN NOUN PUNCT
entailment,First responders look at car that has slid off a snowbank and flipped over.,first responders looking,first responder look at car that have slide off a snowbank and flip over .,first responder look,ADJ NOUN VERB ADP NOUN PRON AUX VERB ADP DET NOUN CCONJ VERB ADP PUNCT,ADV NOUN VERB
entailment,"A food vendor stands behind a display of bins of several types of nuts, candy, or other small snacks, with signage in Hebrew.",A food vendor stands behind a display of snack bins.,"a food vendor stand behind a display of bin of several type of nut , candy , or other small snack , with signage in hebrew .",a food vendor stand behind a display of snack bin .,DET NOUN NOUN VERB ADP DET NOUN ADP NOUN ADP ADJ NOUN ADP NOUN PUNCT NOUN PUNCT CCONJ ADJ ADJ NOUN PUNCT ADP NOUN ADP PROPN PUNCT,DET NOUN NOUN VERB ADP DET NOUN ADP NOUN NOUN PUNCT
entailment,"A person in a green shirt is sitting on the ground near a fence, with fruit laid out near her.",The person in the green shirt is sitting by a fence.,"a person in a green shirt be sit on the ground near a fence , with fruit lay out near she .",the person in the green shirt be sit by a fence .,DET NOUN ADP DET ADJ NOUN AUX VERB ADP DET NOUN ADP DET NOUN PUNCT ADP NOUN VERB ADP ADP PRON PUNCT,DET NOUN ADP DET ADJ NOUN AUX VERB ADP DET NOUN PUNCT
entailment,An overweight man and woman are walking on a street past a Coffee& Tea shop.,Two people are outdoors.,an overweight man and woman be walk on a street past a coffee & tea shop .,two people be outdoors .,DET ADJ NOUN CCONJ NOUN AUX VERB ADP DET NOUN ADP DET PROPN CCONJ PROPN NOUN PUNCT,NUM NOUN AUX ADV PUNCT
entailment,A young girl wearing a pink dress jumps through the air over playground equipment.,A girl is leaping.,a young girl wear a pink dress jump through the air over playground equipment .,a girl be leap .,DET ADJ NOUN VERB DET ADJ NOUN VERB ADP DET NOUN ADP NOUN NOUN PUNCT,DET NOUN AUX VERB PUNCT
entailment,A man power washes some steps beside a swimming pool.,A man is washing the steps outside.,a man power wash some step beside a swimming pool .,a man be wash the step outside .,DET NOUN NOUN VERB DET NOUN ADP DET NOUN NOUN PUNCT,DET NOUN AUX VERB DET NOUN ADV PUNCT
entailment,Five Asian people in a smoking area.,the people were smoking,five asian people in a smoking area .,the people be smoke,NUM ADJ NOUN ADP DET NOUN NOUN PUNCT,DET NOUN AUX VERB
entailment,Eight men gathered around a table at night.,There are eight men.,eight man gather around a table at night .,there be eight man .,NUM NOUN VERB ADP DET NOUN ADP NOUN PUNCT,PRON AUX NUM NOUN PUNCT
entailment,The blond woman crossing street has a golden purse over her shoulder.,A woman is crossing the street.,the blond woman cross street have a golden purse over her shoulder .,a woman be cross the street .,DET ADJ NOUN VERB NOUN AUX DET ADJ NOUN ADP PRON NOUN PUNCT,DET NOUN AUX VERB DET NOUN PUNCT
entailment,A mechanic is working on the underside of a bus that is lifted.,A person works on a bus.,a mechanic be work on the underside of a bus that be lift .,a person work on a bus .,DET NOUN AUX VERB ADP DET NOUN ADP DET NOUN PRON AUX VERB PUNCT,DET NOUN VERB ADP DET NOUN PUNCT
entailment,A woman holds a drink while a man and a woman examine a book.,A man and a woman are looking at a book.,a woman hold a drink while a man and a woman examine a book .,a man and a woman be look at a book .,DET NOUN VERB DET NOUN SCONJ DET NOUN CCONJ DET NOUN VERB DET NOUN PUNCT,DET NOUN CCONJ DET NOUN AUX VERB ADP DET NOUN PUNCT
entailment,A man with a mustache and black hat holds a small yellow item up to the camera.,A person holds an item,a man with a mustache and black hat hold a small yellow item up to the camera .,a person hold an item,DET NOUN ADP DET NOUN CCONJ ADJ NOUN VERB DET ADJ ADJ NOUN ADP ADP DET NOUN PUNCT,DET NOUN VERB DET NOUN
entailment,Two men is yellow overalls are talking together.,Two men are talking to each other.,two man be yellow overall be talk together .,two man be talk to each other .,NUM NOUN AUX ADJ NOUN AUX VERB ADV PUNCT,NUM NOUN AUX VERB ADP DET ADJ PUNCT
entailment,A man bulldozing dirt on site.,A man bulldozing dirt.,a man bulldoze dirt on site .,a man bulldoze dirt .,DET NOUN VERB NOUN ADP NOUN PUNCT,DET NOUN VERB NOUN PUNCT
entailment,The boy and girl pose for a picture with a large red flower above their heads.,The boy and girl are having their picture taken.,the boy and girl pose for a picture with a large red flower above their head .,the boy and girl be have their picture take .,DET NOUN CCONJ NOUN VERB ADP DET NOUN ADP DET ADJ ADJ NOUN ADP PRON NOUN PUNCT,DET NOUN CCONJ NOUN AUX VERB PRON NOUN VERB PUNCT
entailment,Two men located on a roof prepare to look into a chimney.,Two men located on a roof,two man locate on a roof prepare to look into a chimney .,two man locate on a roof,NUM NOUN VERB ADP DET NOUN VERB PART VERB ADP DET NOUN PUNCT,NUM NOUN VERB ADP DET NOUN
entailment,a racer skids out.,Racer skids out,a racer skid out .,racer skid out,DET NOUN VERB ADP PUNCT,NOUN VERB ADP
entailment,Two girls are putting a chemical in a bottle.,Two women are working together.,two girl be put a chemical in a bottle .,two woman be work together .,NUM NOUN AUX VERB DET NOUN ADP DET NOUN PUNCT,NUM NOUN AUX VERB ADV PUNCT
entailment,A woman dressed with a pink jacket and jeans is carrying a big red sack.,A woman carries a bag.,a woman dress with a pink jacket and jean be carry a big red sack .,a woman carry a bag .,DET NOUN VERB ADP DET ADJ NOUN CCONJ NOUN AUX VERB DET ADJ ADJ NOUN PUNCT,DET NOUN VERB DET NOUN PUNCT
entailment,A man in a white baseball cap is sitting on a boat with his feet in a yellow net.,The man is sitting on the boat.,a man in a white baseball cap be sit on a boat with his foot in a yellow net .,the man be sit on the boat .,DET NOUN ADP DET ADJ NOUN NOUN AUX VERB ADP DET NOUN ADP PRON NOUN ADP DET ADJ NOUN PUNCT,DET NOUN AUX VERB ADP DET NOUN PUNCT
entailment,One group of people with their hands up.,There is a group of people with their hands up.,one group of people with their hand up .,there be a group of people with their hand up .,NUM NOUN ADP NOUN ADP PRON NOUN ADP PUNCT,PRON AUX DET NOUN ADP NOUN ADP PRON NOUN ADP PUNCT
entailment,three boys sitting in sand getting splashed by wave,three boys in the ocean,three boy sit in sand get splash by wave,three boy in the ocean,NUM NOUN VERB ADP NOUN VERB VERB ADP NOUN,NUM NOUN ADP DET NOUN
entailment,A group of women are engaged in dialogue.,Some friends are talking to each other,a group of woman be engage in dialogue .,some friend be talk to each other,DET NOUN ADP NOUN AUX VERB ADP NOUN PUNCT,DET NOUN AUX VERB ADP DET ADJ
entailment,a little league player points to another player.,The player is pointing,a little league player point to another player .,the player be point,DET ADJ NOUN NOUN VERB ADP DET NOUN PUNCT,DET NOUN AUX VERB
entailment,A man holding a beer can is giving a thumb up.,A man is holding a drink.,a man hold a beer can be give a thumb up .,a man be hold a drink .,DET NOUN VERB DET NOUN AUX AUX VERB DET NOUN ADV PUNCT,DET NOUN AUX VERB DET NOUN PUNCT
entailment,A man is praying to an idol.,A person praying.,a man be pray to an idol .,a person pray .,DET NOUN AUX VERB ADP DET NOUN PUNCT,DET NOUN VERB PUNCT
entailment,A young man sitting by a dumpster on a sidewalk playing the guitar.,A man plays the guitar outside.,a young man sit by a dumpster on a sidewalk play the guitar .,a man play the guitar outside .,DET ADJ NOUN VERB ADP DET NOUN ADP DET NOUN VERB DET NOUN PUNCT,DET NOUN VERB DET NOUN ADV PUNCT
entailment,A woman in blue goggles is sitting in a pool.,A woman in blue goggles is sitting in a pool of water.,a woman in blue goggle be sit in a pool .,a woman in blue goggle be sit in a pool of water .,DET NOUN ADP ADJ NOUN AUX VERB ADP DET NOUN PUNCT,DET NOUN ADP ADJ NOUN AUX VERB ADP DET NOUN ADP NOUN PUNCT
entailment,A group of men sit around a table laden with drinks and beer bottles.,A group of guys are sitting at a table.,a group of man sit around a table laden with drink and beer bottle .,a group of guy be sit at a table .,DET NOUN ADP NOUN VERB ADP DET NOUN ADJ ADP NOUN CCONJ NOUN NOUN PUNCT,DET NOUN ADP NOUN AUX VERB ADP DET NOUN PUNCT
entailment,A man in red shorts jumps behind a volleyball net.,A man is jumping.,a man in red short jump behind a volleyball net .,a man be jump .,DET NOUN ADP ADJ NOUN VERB ADP DET NOUN NOUN PUNCT,DET NOUN AUX VERB PUNCT
entailment,Women in long dresses walk along a beach.,There is more than one woman.,woman in long dress walk along a beach .,there be more than one woman .,NOUN ADP ADJ NOUN VERB ADP DET NOUN PUNCT,PRON AUX ADJ ADP NUM NOUN PUNCT
entailment,A man in a black wetsuit is surfing in the waves.,There is a surfer in the water,a man in a black wetsuit be surf in the wave .,there be a surfer in the water,DET NOUN ADP DET ADJ NOUN AUX VERB ADP DET NOUN PUNCT,PRON AUX DET NOUN ADP DET NOUN
entailment,People stand near a car in the snow.,There are people outside in the snow.,people stand near a car in the snow .,there be people outside in the snow .,NOUN VERB ADP DET NOUN ADP DET NOUN PUNCT,PRON AUX NOUN ADV ADP DET NOUN PUNCT
entailment,Three businessmen posing for a picture at a ceremony.,Three businessmen are outdoors.,three businessman pose for a picture at a ceremony .,three businessman be outdoors .,NUM NOUN VERB ADP DET NOUN ADP DET NOUN PUNCT,NUM NOUN AUX ADV PUNCT
entailment,Female wearing white earmuffs walking on a paved road.,a female in white,female wear white earmuff walk on a paved road .,a female in white,ADJ VERB ADJ NOUN VERB ADP DET ADJ NOUN PUNCT,DET NOUN ADP ADJ
entailment,A man dressed in a dark blue jacket and pants sits in the street while wearing old time flying goggles and a hat.,A man wearing goggles sits in the road.,a man dress in a dark blue jacket and pant sit in the street while wear old time fly goggle and a hat .,a man wear goggle sit in the road .,DET NOUN VERB ADP DET ADJ ADJ NOUN CCONJ NOUN VERB ADP DET NOUN SCONJ VERB ADJ NOUN VERB NOUN CCONJ DET NOUN PUNCT,DET NOUN VERB NOUN VERB ADP DET NOUN PUNCT
neutral,A girl in a white outfit with a yellow belt is holding a trophy.,The girl just won a karate competition.,a girl in a white outfit with a yellow belt be hold a trophy .,the girl just win a karate competition .,DET NOUN ADP DET ADJ NOUN ADP DET ADJ NOUN AUX VERB DET NOUN PUNCT,DET NOUN ADV VERB DET ADJ NOUN PUNCT
neutral,"A young man wearing a red t-shirt, helmet, and protective knee pads is riding his skateboard up a ramp.",The man was a professional skateboarder.,"a young man wear a red t - shirt , helmet , and protective knee pad be rid his skateboard up a ramp .",the man be a professional skateboarder .,DET ADJ NOUN VERB DET ADJ NOUN PUNCT NOUN PUNCT NOUN PUNCT CCONJ ADJ NOUN NOUN AUX VERB PRON NOUN ADP DET NOUN PUNCT,DET NOUN AUX DET ADJ NOUN PUNCT
neutral,A man in tan pants and a blue shirt is staking on a public trashcan.,A man is standing near a public trashcan.,a man in tan pant and a blue shirt be stake on a public trashcan .,a man be stand near a public trashcan .,DET NOUN ADP PROPN NOUN CCONJ DET ADJ NOUN AUX VERB ADP DET ADJ NOUN PUNCT,DET NOUN AUX VERB ADP DET ADJ NOUN PUNCT
neutral,A black dog jumps over a pole on green grass.,Black dog jumping outside.,a black dog jump over a pole on green grass .,black dog jump outside .,DET ADJ NOUN VERB ADP DET NOUN ADP ADJ NOUN PUNCT,ADJ NOUN VERB ADV PUNCT
neutral,"A man, in blue, drums on a bongo while outdoors.",People gather to watch the man play his bongo.,"a man , in blue , drum on a bongo while outdoors .",people gather to watch the man play his bongo .,DET NOUN PUNCT ADP ADJ PUNCT VERB ADP DET NOUN SCONJ ADV PUNCT,NOUN VERB PART VERB DET NOUN VERB PRON NOUN PUNCT
neutral,A man in a red shirt and backwards hat looks off in the distance.,A outfielder is keeping an eye on the pitcher.,a man in a red shirt and backwards hat look off in the distance .,a outfielder be keep an eye on the pitcher .,DET NOUN ADP DET ADJ NOUN CCONJ ADV NOUN VERB ADP ADP DET NOUN PUNCT,DET NOUN AUX VERB DET NOUN ADP DET NOUN PUNCT
neutral,The small dogs play in the snow.,The dogs are having fun.,the small dog play in the snow .,the dog be have fun .,DET ADJ NOUN VERB ADP DET NOUN PUNCT,DET NOUN AUX VERB NOUN PUNCT
neutral,A man and a woman are setting up a dining room.,The couple are setting up together.,a man and a woman be set up a dining room .,the couple be set up together .,DET NOUN CCONJ DET NOUN AUX VERB ADP DET NOUN NOUN PUNCT,DET NOUN AUX VERB ADP ADV PUNCT
neutral,People watching TV while eating.,THey are watching a comedy,people watch tv while eat .,they be watch a comedy,NOUN VERB NOUN SCONJ VERB PUNCT,PRON AUX VERB DET NOUN
neutral,A truck driver opens up the truck door.,The driver is a man who appears to be in his fifties.,a truck driver open up the truck door .,the driver be a man who appear to be in his fifty .,DET NOUN NOUN VERB ADP DET NOUN NOUN PUNCT,DET NOUN AUX DET NOUN PRON VERB PART AUX ADP PRON NOUN PUNCT
neutral,a brown and black dog running on a shore near the beach.,A dog running around while it's owner watches from a beach chair.,a brown and black dog run on a shore near the beach .,a dog run around while it be owner watch from a beach chair .,DET ADJ CCONJ ADJ NOUN VERB ADP DET NOUN ADP DET NOUN PUNCT,DET NOUN VERB ADV SCONJ PRON AUX NOUN VERB ADP DET NOUN NOUN PUNCT
neutral,Two people ride in a bumper car.,Two brothers are riding in a blue bumper car.,two people ride in a bumper car .,two brother be rid in a blue bumper car .,NUM NOUN VERB ADP DET NOUN NOUN PUNCT,NUM NOUN AUX VERB ADP DET ADJ NOUN NOUN PUNCT
neutral,Two brown dogs run through a field.,The two dogs are chasing a rabbit.,two brown dog run through a field .,the two dog be chase a rabbit .,NUM ADJ NOUN VERB ADP DET NOUN PUNCT,DET NUM NOUN AUX VERB DET NOUN PUNCT
neutral,A woman in a red and blue shirt is staring at a poster on the wall.,A woman is about to enter a movie,a woman in a red and blue shirt be star at a poster on the wall .,a woman be about to enter a movie,DET NOUN ADP DET ADJ CCONJ ADJ NOUN AUX VERB ADP DET NOUN ADP DET NOUN PUNCT,DET NOUN AUX ADJ PART VERB DET NOUN
neutral,A man with a bandanna around his head is lifting a very heavy weight and smiling.,Man lifting a weight to break a world record.,a man with a bandanna around his head be lift a very heavy weight and smiling .,man lift a weight to break a world record .,DET NOUN ADP DET NOUN ADP PRON NOUN AUX VERB DET ADV ADJ NOUN CCONJ NOUN PUNCT,NOUN VERB DET NOUN PART VERB DET NOUN NOUN PUNCT
neutral,Competitor goes for the tackle in a foreign sport.,A man playing football.,competitor go for the tackle in a foreign sport .,a man play football .,NOUN VERB ADP DET NOUN ADP DET ADJ NOUN PUNCT,DET NOUN VERB NOUN PUNCT
neutral,A big tan dog lays on the ground looking to the side.,To the side of the dog is a chew toy,a big tan dog lay on the ground look to the side .,to the side of the dog be a chew toy,DET ADJ PROPN NOUN NOUN ADP DET NOUN VERB ADP DET NOUN PUNCT,ADP DET NOUN ADP DET NOUN AUX DET NOUN NOUN
neutral,Two people walking down a city alleyway.,The people are looking for food in dumpsters.,two people walk down a city alleyway .,the people be look for food in dumpster .,NUM NOUN VERB ADP DET NOUN NOUN PUNCT,DET NOUN AUX VERB ADP NOUN ADP NOUN PUNCT
neutral,A man who uses a cane walks over the white lines of a crosswalk.,A man in a blue shirt and carrying a cane is using the crosswalk.,a man who use a cane walk over the white line of a crosswalk .,a man in a blue shirt and carry a cane be use the crosswalk .,DET NOUN PRON VERB DET NOUN VERB ADP DET ADJ NOUN ADP DET NOUN PUNCT,DET NOUN ADP DET ADJ NOUN CCONJ VERB DET NOUN AUX VERB DET NOUN PUNCT
neutral,Two white dogs walk through a huge bank of mountain snow.,Two dogs are playing with their owners.,two white dog walk through a huge bank of mountain snow .,two dog be play with their owner .,NUM ADJ NOUN VERB ADP DET ADJ NOUN ADP NOUN NOUN PUNCT,NUM NOUN AUX VERB ADP PRON NOUN PUNCT
neutral,A lady with black hair grilling shrimp.,The cook is preparing the food for her customers.,a lady with black hair grilling shrimp .,the cook be prepare the food for her customer .,DET NOUN ADP ADJ NOUN NOUN NOUN PUNCT,DET NOUN AUX VERB DET NOUN ADP PRON NOUN PUNCT
neutral,Five adults and young girl is setting at table in a restaurant and a female adult has a camera in her hand.,The table is large.,five adult and young girl be set at table in a restaurant and a female adult have a camera in her hand .,the table be large .,NUM NOUN CCONJ ADJ NOUN AUX VERB ADP NOUN ADP DET NOUN CCONJ DET ADJ NOUN AUX DET NOUN ADP PRON NOUN PUNCT,DET NOUN AUX ADJ PUNCT
neutral,A child in blue sitting on a sled in the snow.,The child is cold.,a child in blue sit on a sled in the snow .,the child be cold .,DET NOUN ADP ADJ VERB ADP DET NOUN ADP DET NOUN PUNCT,DET NOUN AUX ADJ PUNCT
neutral,Children posing in a tree,There are siblings in a pine tree.,child pose in a tree,there be sibling in a pine tree .,NOUN VERB ADP DET NOUN,PRON AUX NOUN ADP DET ADJ NOUN PUNCT
neutral,"A child sitting on a potty chair, looking at a book.",A young child is reading a picture book.,"a child sit on a potty chair , look at a book .",a young child be read a picture book .,DET NOUN VERB ADP DET NOUN NOUN PUNCT VERB ADP DET NOUN PUNCT,DET ADJ NOUN AUX VERB DET NOUN NOUN PUNCT
neutral,A man in a gray t-shirt and jeans standing in the doorway next to a graffiti-covered garage.,A man is standing outside.,a man in a gray t - shirt and jean stand in the doorway next to a graffiti - cover garage .,a man be stand outside .,DET NOUN ADP DET ADJ NOUN PUNCT NOUN CCONJ NOUN VERB ADP DET NOUN ADV ADP DET NOUN PUNCT VERB NOUN PUNCT,DET NOUN AUX VERB ADV PUNCT
neutral,A girl holding a drink with a straw in it standing in front of a man kissing her on the cheek as she smiles.,A girl is drinking a margarita.,a girl hold a drink with a straw in it stand in front of a man kiss she on the cheek as she smile .,a girl be drink a margarita .,DET NOUN VERB DET NOUN ADP DET NOUN ADP PRON VERB ADP NOUN ADP DET NOUN VERB PRON ADP DET NOUN ADP PRON VERB PUNCT,DET NOUN AUX VERB DET NOUN PUNCT
neutral,A small group of adults and children are standing on a dirt trail on a hill.,The group of peopel are on a hiking trip.,a small group of adult and child be stand on a dirt trail on a hill .,the group of peopel be on a hiking trip .,DET ADJ NOUN ADP NOUN CCONJ NOUN AUX VERB ADP DET NOUN NOUN ADP DET NOUN PUNCT,DET NOUN ADP NOUN AUX ADP DET NOUN NOUN PUNCT
neutral,A large man in a leather costume plays a big drum beside a little boy playing a little drum.,A large man in a brown leather costume plays a big drum beside a little boy playing a little drum.,a large man in a leather costume play a big drum beside a little boy play a little drum .,a large man in a brown leather costume play a big drum beside a little boy play a little drum .,DET ADJ NOUN ADP DET NOUN NOUN VERB DET ADJ NOUN ADP DET ADJ NOUN VERB DET ADJ NOUN PUNCT,DET ADJ NOUN ADP DET ADJ NOUN NOUN VERB DET ADJ NOUN ADP DET ADJ NOUN VERB DET ADJ NOUN PUNCT
neutral,Two men playing instruments.,Two people are playing guitars.,two man play instrument .,two people be play guitar .,NUM NOUN VERB NOUN PUNCT,NUM NOUN AUX VERB NOUN PUNCT
neutral,A middle-aged man and woman are holding hands walking in a street with people behind them.,A middle-aged couple crossing the street.,a middle - aged man and woman be hold hand walk in a street with people behind they .,a middle - aged couple cross the street .,DET ADJ PUNCT ADJ NOUN CCONJ NOUN AUX VERB NOUN VERB ADP DET NOUN ADP NOUN ADP PRON PUNCT,DET ADJ PUNCT ADJ NOUN VERB DET NOUN PUNCT
neutral,"A woman dressed in a black top and green skirt dancing, as a man in the background looks on.",A woman dances for a man.,"a woman dress in a black top and green skirt dancing , as a man in the background look on .",a woman dance for a man .,DET NOUN VERB ADP DET ADJ NOUN CCONJ ADJ NOUN NOUN PUNCT ADP DET NOUN ADP DET NOUN VERB ADP PUNCT,DET NOUN NOUN ADP DET NOUN PUNCT
neutral,A large brown dog and a larger black dog playing together with a ball.,The dogs are friends.,a large brown dog and a large black dog play together with a ball .,the dog be friend .,DET ADJ ADJ NOUN CCONJ DET ADJ ADJ NOUN VERB ADV ADP DET NOUN PUNCT,DET NOUN AUX NOUN PUNCT
neutral,Women cleaning store windows.,Women are being payed to clean.,woman clean store window .,woman be be pay to clean .,NOUN VERB NOUN NOUN PUNCT,NOUN AUX AUX VERB PART VERB PUNCT
neutral,Two workers in hard hats examine a piece of industrial equipment in a tunnel underground.,Two men in hard hats examine a piece of industrial equipment in a tunnel underground.,two worker in hard hat examine a piece of industrial equipment in a tunnel underground .,two man in hard hat examine a piece of industrial equipment in a tunnel underground .,NUM NOUN ADP ADJ NOUN VERB DET NOUN ADP ADJ NOUN ADP DET NOUN ADV PUNCT,NUM NOUN ADP ADJ NOUN VERB DET NOUN ADP ADJ NOUN ADP DET NOUN ADV PUNCT
neutral,A woman in a tan coat is reaching into her purse.,woman grabbing phone,a woman in a tan coat be reach into her purse .,woman grab phone,DET NOUN ADP DET PROPN NOUN AUX VERB ADP PRON NOUN PUNCT,NOUN VERB NOUN
neutral,Two little girls are in a meadow looking at nature objects.,Two girls are looking at flowers.,two little girl be in a meadow look at nature object .,two girl be look at flower .,NUM ADJ NOUN AUX ADP DET NOUN VERB ADP NOUN NOUN PUNCT,NUM NOUN AUX VERB ADP NOUN PUNCT
neutral,A boy is blowing bubbles,A boy is outside having fun,a boy be blow bubble,a boy be outside have fun,DET NOUN AUX VERB NOUN,DET NOUN AUX ADV VERB NOUN
neutral,A man is riding a bicycle through a city.,The man is mean,a man be rid a bicycle through a city .,the man be mean,DET NOUN AUX VERB DET NOUN ADP DET NOUN PUNCT,DET NOUN AUX ADJ
neutral,Three happy boys wearing blue bathing suits hold hands as they jump into an outdoors swimming pool.,Three boys are about to canonball into a pool,three happy boy wear blue bathing suit hold hand as they jump into an outdoors swim pool .,three boy be about to canonball into a pool,NUM ADJ NOUN VERB ADJ NOUN NOUN VERB NOUN ADP PRON VERB ADP DET ADV VERB NOUN PUNCT,NUM NOUN AUX ADJ PART VERB ADP DET NOUN
neutral,An excited boy plays in the bucket of a piece of construction equipment.,A machine is nearby.,an excited boy play in the bucket of a piece of construction equipment .,a machine be nearby .,DET ADJ NOUN VERB ADP DET NOUN ADP DET NOUN ADP NOUN NOUN PUNCT,DET NOUN AUX ADV PUNCT
neutral,A group of bike riders with helmets riding on a street.,a biker gang looking for trouble,a group of bike rider with helmet rid on a street .,a biker gang look for trouble,DET NOUN ADP NOUN NOUN ADP NOUN VERB ADP DET NOUN PUNCT,DET NOUN NOUN VERB ADP NOUN
neutral,Two guys in red jackets are riding bikes next to two identical tan cars.,Two guys are riding dirt bikes near two sedans.,two guy in red jacket be rid bike next to two identical tan car .,two guy be rid dirt bike near two sedan .,NUM NOUN ADP ADJ NOUN AUX VERB NOUN ADV ADP NUM ADJ PROPN NOUN PUNCT,NUM NOUN AUX VERB NOUN NOUN ADP NUM NOUN PUNCT
neutral,Someone is climbing vertically a wall of ice.,someone is trying to save his brother,someone be climb vertically a wall of ice .,someone be try to save his brother,PRON AUX VERB ADV DET NOUN ADP NOUN PUNCT,PRON AUX VERB PART VERB PRON NOUN
neutral,People walk on a metropolitan sidewalk in front of a bar and grill.,Some people walking near restaurant.,people walk on a metropolitan sidewalk in front of a bar and grill .,some people walk near restaurant .,NOUN VERB ADP DET ADJ NOUN ADP NOUN ADP DET NOUN CCONJ NOUN PUNCT,DET NOUN VERB ADP NOUN PUNCT
neutral,A group a people walk around the corner near a brick building.,A group of people are heading into a building.,a group a people walk around the corner near a brick building .,a group of people be head into a building .,DET NOUN DET NOUN VERB ADP DET NOUN ADP DET NOUN NOUN PUNCT,DET NOUN ADP NOUN AUX VERB ADP DET NOUN PUNCT
neutral,"One man is playing a guitar, another is playing the keyboard and the last is playing a trumpet.",A band is playing.,"one man be play a guitar , another be play the keyboard and the last be play a trumpet .",a band be play .,NUM NOUN AUX VERB DET NOUN PUNCT DET AUX VERB DET NOUN CCONJ DET ADJ AUX VERB DET NOUN PUNCT,DET NOUN AUX VERB PUNCT
neutral,A man in an orange shirt and hat looks on while a young child walks in the grass.,The man knows the child..,a man in an orange shirt and hat look on while a young child walk in the grass .,the man know the child ..,DET NOUN ADP DET ADJ NOUN CCONJ NOUN VERB ADP SCONJ DET ADJ NOUN VERB ADP DET NOUN PUNCT,DET NOUN VERB DET NOUN PUNCT
neutral,A person is flying with a yellow parachute above a green building.,A person is happily flying,a person be fly with a yellow parachute above a green building .,a person be happily fly,DET NOUN AUX VERB ADP DET ADJ NOUN ADP DET ADJ NOUN PUNCT,DET NOUN AUX ADV VERB
neutral,A little girl in a purple shirt is raking leaves.,The girl is being punished,a little girl in a purple shirt be rake leaf .,the girl be be punish,DET ADJ NOUN ADP DET ADJ NOUN AUX VERB NOUN PUNCT,DET NOUN AUX AUX VERB
neutral,Male street artist painting a portrait.,An artist is painting outside.,male street artist paint a portrait .,an artist be paint outside .,ADJ NOUN NOUN VERB DET NOUN PUNCT,DET NOUN AUX VERB ADV PUNCT
neutral,A group of guests in a tent.,A bunch of people in a tent are eating.,a group of guest in a tent .,a bunch of people in a tent be eat .,DET NOUN ADP NOUN ADP DET NOUN PUNCT,DET NOUN ADP NOUN ADP DET NOUN AUX VERB PUNCT
neutral,Two young girls walking down a busy city street.,there are some people outside.,two young girl walk down a busy city street .,there be some people outside .,NUM ADJ NOUN VERB ADP DET ADJ NOUN NOUN PUNCT,PRON AUX DET NOUN ADV PUNCT
neutral,A man in black is applauding a runner wearing a red jersey and the number 281.,The man knows the runner,a man in black be applaud a runner wear a red jersey and the number 281 .,the man know the runner,DET NOUN ADP ADJ AUX VERB DET NOUN VERB DET PROPN PROPN CCONJ DET NOUN NUM PUNCT,DET NOUN VERB DET NOUN
neutral,Three guys playing golf along a body of water.,Three men compete for the US Open.,three guy play golf along a body of water .,three man compete for the us open .,NUM NOUN VERB NOUN ADP DET NOUN ADP NOUN PUNCT,NUM NOUN VERB ADP DET PROPN PROPN PUNCT
neutral,A boy is holding a tennis racket high.,A boy prepares for the next serve in a tennis match,a boy be hold a tennis racket high .,a boy prepare for the next serve in a tennis match,DET NOUN AUX VERB DET NOUN NOUN ADJ PUNCT,DET NOUN VERB ADP DET ADJ NOUN ADP DET NOUN NOUN
neutral,"Two African American women without helmets are riding on a scooter, the passenger is waving to the camera.",The scooter is red.,"two african american woman without helmet be rid on a scooter , the passenger be wave to the camera .",the scooter be red .,NUM ADJ ADJ NOUN ADP NOUN AUX VERB ADP DET NOUN PUNCT DET NOUN AUX VERB ADP DET NOUN PUNCT,DET NOUN AUX ADJ PUNCT
neutral,Two men resting uptop a snowy mountain.,Two men take a break from hiking.,two man rest uptop a snowy mountain .,two man take a break from hiking .,NUM NOUN VERB NOUN DET ADJ NOUN PUNCT,NUM NOUN VERB DET NOUN ADP NOUN PUNCT
neutral,A dog lies on his back near a child reading a book.,A child's pet is sleeping nearby.,a dog lie on his back near a child read a book .,a child 's pet be sleep nearby .,DET NOUN VERB ADP PRON NOUN ADP DET NOUN VERB DET NOUN PUNCT,DET NOUN PART NOUN AUX VERB ADV PUNCT
neutral,A woman waving at the camera and smiling.,A woman smiles after passing her test.,a woman wave at the camera and smile .,a woman smile after pass her test .,DET NOUN VERB ADP DET NOUN CCONJ VERB PUNCT,DET NOUN VERB ADP VERB PRON NOUN PUNCT
neutral,Two men riding on a motorbike in an Asian community.,Two men are Asian.,two man rid on a motorbike in an asian community .,two man be asian .,NUM NOUN VERB ADP DET NOUN ADP DET ADJ NOUN PUNCT,NUM NOUN AUX ADJ PUNCT
neutral,"A woman in a brown coat, holding a ferret.",The ferret is alive.,"a woman in a brown coat , hold a ferret .",the ferret be alive .,DET NOUN ADP DET ADJ NOUN PUNCT VERB DET NOUN PUNCT,DET NOUN AUX ADJ PUNCT
neutral,A person is riding in a canoe on a lake next to green trees.,The woman paddled slowly.,a person be rid in a canoe on a lake next to green tree .,the woman paddle slowly .,DET NOUN AUX VERB ADP DET NOUN ADP DET NOUN ADV ADP ADJ NOUN PUNCT,DET NOUN VERB ADV PUNCT
neutral,A young girl in a blue and pink bathing suit runs around a pool.,She is being chased by the family lab around the pool,a young girl in a blue and pink bathing suit run around a pool .,she be be chase by the family lab around the pool,DET ADJ NOUN ADP DET ADJ CCONJ ADJ NOUN NOUN VERB ADP DET NOUN PUNCT,PRON AUX AUX VERB ADP DET NOUN NOUN ADP DET NOUN
neutral,"a man is riding a bicycle that has been adjusted from its original style, by replacing many parts of the bike with odd parts.",A man is competing in an experiment about bicycle innovation.,"a man be rid a bicycle that have be adjust from its original style , by replace many part of the bike with odd part .",a man be compete in an experiment about bicycle innovation .,DET NOUN AUX VERB DET NOUN PRON AUX AUX VERB ADP PRON ADJ NOUN PUNCT ADP VERB ADJ NOUN ADP DET NOUN ADP ADJ NOUN PUNCT,DET NOUN AUX VERB ADP DET NOUN ADP NOUN NOUN PUNCT
neutral,"Two older women, one on a bicycle talking in front of a sign in a city with an older gentleman looking on.",A group of older people touring the city.,"two old woman , one on a bicycle talk in front of a sign in a city with an old gentleman look on .",a group of old people tour the city .,NUM ADJ NOUN PUNCT NUM ADP DET NOUN VERB ADP NOUN ADP DET NOUN ADP DET NOUN ADP DET ADJ NOUN VERB ADP PUNCT,DET NOUN ADP ADJ NOUN VERB DET NOUN PUNCT
neutral,large man in black shirt next to police officer walking away from man in blue shirt and backpack,A police officer is arresting someone.,large man in black shirt next to police officer walk away from man in blue shirt and backpack,a police officer be arrest someone .,ADJ NOUN ADP ADJ NOUN ADV ADP NOUN NOUN VERB ADV ADP NOUN ADP ADJ NOUN CCONJ NOUN,DET NOUN NOUN AUX VERB PRON PUNCT
neutral,"A small smiling child huddled into the chest of an older man wearing orange, who is also smiling.",The child is wearing shorts.,"a small smile child huddle into the chest of an old man wear orange , who be also smile .",the child be wear short .,DET ADJ VERB NOUN VERB ADP DET NOUN ADP DET ADJ NOUN VERB NOUN PUNCT PRON AUX ADV VERB PUNCT,DET NOUN AUX VERB NOUN PUNCT
neutral,Two dogs with the same coloring look like they are going to bite each other in the face.,Two dogs are trying to bite one another.,two dog with the same color look like they be go to bite each other in the face .,two dog be try to bite one another .,NUM NOUN ADP DET ADJ VERB VERB ADP PRON AUX VERB PART VERB DET ADJ ADP DET NOUN PUNCT,NUM NOUN AUX VERB PART VERB NOUN DET PUNCT
neutral,A man wearing a blue coat with yellow stripes is sitting in an airplane that is taking off.,A man is flying to Las Vegas on southwest airlines.,a man wear a blue coat with yellow stripe be sit in an airplane that be take off .,a man be fly to las vegas on southwest airline .,DET NOUN VERB DET ADJ NOUN ADP ADJ NOUN AUX VERB ADP DET NOUN PRON AUX VERB ADP PUNCT,DET NOUN AUX VERB ADP PROPN PROPN ADP PROPN NOUN PUNCT
neutral,"Two people wearing blue, red, and white football uniforms crouched over as though in play.",Two people play football together.,"two people wear blue , red , and white football uniform crouch over as though in play .",two people play football together .,NUM NOUN VERB ADJ PUNCT ADJ PUNCT CCONJ ADJ NOUN NOUN VERB ADV ADP SCONJ ADP NOUN PUNCT,NUM NOUN VERB NOUN ADV PUNCT
neutral,Two middle-aged construction workers are jackhammering.,Two women are doing construction work.,two middle - aged construction worker be jackhammere .,two woman be do construction work .,NUM ADJ PUNCT ADJ NOUN NOUN AUX VERB PUNCT,NUM NOUN AUX VERB NOUN NOUN PUNCT
neutral,A woman dancing with a bottle of water to the band playing behind her.,A singer dances and sips water in between singing verses.,a woman dance with a bottle of water to the band play behind she .,a singer dance and sip water in between sing verse .,DET NOUN VERB ADP DET NOUN ADP NOUN ADP DET NOUN VERB ADP PRON PUNCT,DET NOUN NOUN CCONJ NOUN NOUN ADP ADP VERB NOUN PUNCT
neutral,Two men are enjoying in the beach.,Two men are lying in the sun on the beach.,two man be enjoy in the beach .,two man be lie in the sun on the beach .,NUM NOUN AUX VERB ADP DET NOUN PUNCT,NUM NOUN AUX VERB ADP DET NOUN ADP DET NOUN PUNCT
neutral,Two pretty women in the street.,Two beautiful sisters are going to lunch.,two pretty woman in the street .,two beautiful sister be go to lunch .,NUM ADJ NOUN ADP DET NOUN PUNCT,NUM ADJ NOUN AUX VERB ADP NOUN PUNCT
neutral,There is a black dog jumping across sand.,dog chasing his owner,there be a black dog jump across sand .,dog chase his owner,PRON AUX DET ADJ NOUN VERB ADP NOUN PUNCT,NOUN VERB PRON NOUN
neutral,"An old woman is sitting on a bench, while behind her a limo pulls up and two people in white are walking by.",a woman fails to notice a celebrity in a limo,"an old woman be sit on a bench , while behind she a limo pull up and two people in white be walk by .",a woman fail to notice a celebrity in a limo,DET ADJ NOUN AUX VERB ADP DET NOUN PUNCT SCONJ ADP PRON DET NOUN VERB ADV CCONJ NUM NOUN ADP ADJ AUX VERB ADP PUNCT,DET NOUN VERB PART VERB DET NOUN ADP DET NOUN
neutral,Two yellow labs are playing in the snow.,Two dogs play on the hillside in the snow.,two yellow lab be play in the snow .,two dog play on the hillside in the snow .,NUM ADJ NOUN AUX VERB ADP DET NOUN PUNCT,NUM NOUN VERB ADP DET NOUN ADP DET NOUN PUNCT
neutral,A dark-skinned man drags a cart with a couple and a child inside in the outskirts of a town.,A man is giving a family a tour of the city in a cart he is pulling.,a dark - skin man drag a cart with a couple and a child inside in the outskirt of a town .,a man be give a family a tour of the city in a cart he be pull .,DET ADV PUNCT VERB NOUN VERB DET NOUN ADP DET NOUN CCONJ DET NOUN ADV ADP DET NOUN ADP DET NOUN PUNCT,DET NOUN AUX VERB DET NOUN DET NOUN ADP DET NOUN ADP DET NOUN PRON AUX VERB PUNCT
neutral,Two mountaineers are looking ahead on a snowy trail.,Two people are planning their hiking trip for next week.,two mountaineer be look ahead on a snowy trail .,two people be plan their hiking trip for next week .,NUM NOUN AUX VERB ADV ADP DET ADJ NOUN PUNCT,NUM NOUN AUX VERB PRON NOUN NOUN ADP ADJ NOUN PUNCT
neutral,Two men skateboarding in the forest.,Two men skateboard for their new video in the forest,two man skateboard in the forest .,two man skateboard for their new video in the forest,NUM NOUN VERB ADP DET NOUN PUNCT,NUM NOUN ADV ADP PRON ADJ NOUN ADP DET NOUN
neutral,Two boys are playing in a sprinkler.,Two kids are getting soaking wet.,two boy be play in a sprinkler .,two kid be get soak wet .,NUM NOUN AUX VERB ADP DET NOUN PUNCT,NUM NOUN AUX VERB VERB NOUN PUNCT
neutral,A male with a hat is juggling four balls.,A man dressed up with a hat performs a juggling act for his audience.,a male with a hat be juggle four ball .,a man dress up with a hat perform a juggling act for his audience .,DET NOUN ADP DET NOUN AUX VERB NUM NOUN PUNCT,DET NOUN VERB ADP ADP DET NOUN VERB DET ADJ NOUN ADP PRON NOUN PUNCT
neutral,A woman serving another woman that is waiting in line.,The woman is a server.,a woman serve another woman that be wait in line .,the woman be a server .,DET NOUN VERB DET NOUN PRON AUX VERB ADP NOUN PUNCT,DET NOUN AUX DET NOUN PUNCT
neutral,A man in a black shirt playing guitar in a band.,The lead guitarist of a major band warms up with the other members.,a man in a black shirt play guitar in a band .,the lead guitarist of a major band warm up with the other member .,DET NOUN ADP DET ADJ NOUN VERB NOUN ADP DET NOUN PUNCT,DET NOUN NOUN ADP DET ADJ NOUN VERB ADP ADP DET ADJ NOUN PUNCT
neutral,Two Caucasian men in collared shirts sit in red chairs.,The two white men are wearing blue collared shirts.,two caucasian man in collared shirt sit in red chair .,the two white man be wear blue collared shirt .,NUM ADJ NOUN ADP ADJ NOUN VERB ADP ADJ NOUN PUNCT,DET NUM ADJ NOUN AUX VERB ADJ ADJ NOUN PUNCT
neutral,A woman with dark hair and a white shirt sitting at a table holding a young child with shorts and no shirt.,The woman dyed her hair.,a woman with dark hair and a white shirt sit at a table hold a young child with short and no shirt .,the woman dye her hair .,DET NOUN ADP ADJ NOUN CCONJ DET ADJ NOUN VERB ADP DET NOUN VERB DET ADJ NOUN ADP NOUN CCONJ DET NOUN PUNCT,DET NOUN VERB PRON NOUN PUNCT
neutral,A woman is walking down the street with a black umbrella over her.,woman walking down the street with an umbrella,a woman be walk down the street with a black umbrella over she .,woman walk down the street with an umbrella,DET NOUN AUX VERB ADP DET NOUN ADP DET ADJ NOUN ADP PRON PUNCT,NOUN VERB ADP DET NOUN ADP DET NOUN
neutral,Two construction workers on top of a house building a roof.,Two workers on top of a house building a roof while roasting in the sun.,two construction worker on top of a house build a roof .,two worker on top of a house build a roof while roast in the sun .,NUM NOUN NOUN ADP NOUN ADP DET NOUN VERB DET NOUN PUNCT,NUM NOUN ADP NOUN ADP DET NOUN VERB DET NOUN SCONJ VERB ADP DET NOUN PUNCT
neutral,A woman is talking on her cellphone.,A woman talking to her boyfriend on her cellphone.,a woman be talk on her cellphone .,a woman talk to her boyfriend on her cellphone .,DET NOUN AUX VERB ADP PRON NOUN PUNCT,DET NOUN VERB ADP PRON NOUN ADP PRON NOUN PUNCT
neutral,Five people playing string instruments in public.,A string quintet performs classical music outdoors.,five people play string instrument in public .,a string quintet perform classical music outdoors .,NUM NOUN VERB NOUN NOUN ADP NOUN PUNCT,DET NOUN NOUN VERB ADJ NOUN ADV PUNCT
neutral,A young girl looks over a crib railing at a baby sleeping in the crib.,The girl is singing a lullaby to the baby as it sleeps,a young girl look over a crib rail at a baby sleep in the crib .,the girl be sing a lullaby to the baby as it sleep,DET ADJ NOUN VERB ADP DET NOUN VERB ADP DET NOUN VERB ADP DET NOUN PUNCT,DET NOUN AUX VERB DET NOUN ADP DET NOUN ADP PRON VERB
neutral,A man with bottles is using a pay phone on city street.,man calls wife,a man with bottle be use a pay phone on city street .,man call wife,DET NOUN ADP NOUN AUX VERB DET NOUN NOUN ADP PROPN NOUN PUNCT,NOUN VERB NOUN
neutral,A whole bunch of people in church.,The people are at a wedding.,a whole bunch of people in church .,the people be at a wedding .,DET ADJ NOUN ADP NOUN ADP NOUN PUNCT,DET NOUN AUX ADP DET NOUN PUNCT
neutral,A young girls hair is getting braided with golden beads by someone with blue beards in their hair.,"The girl's mother does her hair the way hers is done, because the daughter wants to be like mommy.",a young girl hair be get braid with golden bead by someone with blue beard in their hair .,"the girl 's mother do her hair the way hers be do , because the daughter want to be like mommy .",DET ADJ NOUN NOUN AUX VERB VERB ADP ADJ NOUN ADP PRON ADP ADJ NOUN ADP PRON NOUN PUNCT,DET NOUN PART NOUN AUX PRON NOUN DET NOUN PRON AUX VERB PUNCT SCONJ DET NOUN VERB PART AUX ADP NOUN PUNCT
neutral,Three men are gathering next to a blue tractor in a warehouse.,meeting taking place next to a tractor,three man be gather next to a blue tractor in a warehouse .,meeting take place next to a tractor,NUM NOUN AUX VERB ADV ADP DET ADJ NOUN ADP DET NOUN PUNCT,NOUN VERB NOUN ADV ADP DET NOUN
neutral,A medium sized brown dog is running through an open white wooded area.,An elderly dog chases a cat into the woods.,a medium sized brown dog be run through an open white woode area .,an elderly dog chase a cat into the wood .,DET ADJ ADJ ADJ NOUN AUX VERB ADP DET ADJ ADJ VERB NOUN PUNCT,DET ADJ NOUN VERB DET NOUN ADP DET NOUN PUNCT
neutral,A female drawing a picture on the ground.,An artist is sketching an idea in the dirt.,a female draw a picture on the ground .,an artist be sketch an idea in the dirt .,DET ADJ VERB DET NOUN ADP DET NOUN PUNCT,DET NOUN AUX VERB DET NOUN ADP DET NOUN PUNCT
neutral,"Four men are working with scaffolding, two have red coats.",Some builders finish the third floor of a building.,"four man be work with scaffolding , two have red coat .",some builder finish the third floor of a building .,NUM NOUN AUX VERB ADP NOUN PUNCT NUM AUX ADJ NOUN PUNCT,DET NOUN VERB DET ADJ NOUN ADP DET NOUN PUNCT
neutral,A woman is checking a man's blood pressure at home.,A nurse visits the man's home daily to help him check his vitals.,a woman be check a man 's blood pressure at home .,a nurse visit the man 's home daily to help he check his vital .,DET NOUN AUX VERB DET NOUN PART NOUN NOUN ADP NOUN PUNCT,DET NOUN VERB DET NOUN PART NOUN ADV PART VERB PRON VERB PRON NOUN PUNCT
neutral,An older woman walks in the rain holding a red umbrella over her.,The old lady is getting all wet.,an old woman walk in the rain hold a red umbrella over she .,the old lady be get all wet .,DET ADJ NOUN VERB ADP DET NOUN VERB DET ADJ NOUN ADP PRON PUNCT,DET ADJ NOUN AUX VERB DET ADJ PUNCT
neutral,Two young girls in purple are leaning against a large tree.,Two sisters are taking a break from raking the yard.,two young girl in purple be lean against a large tree .,two sister be take a break from rake the yard .,NUM ADJ NOUN ADP NOUN AUX VERB ADP DET ADJ NOUN PUNCT,NUM NOUN AUX VERB DET NOUN ADP VERB DET NOUN PUNCT
neutral,Two elderly ladies sitting on a couch.,Two women having a conversation.,two elderly lady sit on a couch .,two woman have a conversation .,NUM ADJ NOUN VERB ADP DET NOUN PUNCT,NUM NOUN VERB DET NOUN PUNCT
neutral,African american playing keyboard wearing a gold watch,The person got the watch as a gift.,african american playing keyboard wear a gold watch,the person get the watch as a gift .,ADJ ADJ NOUN NOUN VERB DET NOUN NOUN,DET NOUN VERB DET NOUN ADP DET NOUN PUNCT
neutral,Two teenagers wearing sunglasses are reading newspapers.,"Two teenagers sit outdoors, tanning and reading the news.",two teenager wear sunglass be read newspaper .,"two teenager sit outdoors , tanning and read the news .",NUM NOUN VERB NOUN AUX VERB NOUN PUNCT,NUM NOUN VERB ADV PUNCT NOUN CCONJ VERB DET NOUN PUNCT
neutral,A smiling woman wearing a purple shirt is running in a marathon.,A woman won the marathon and is smiling with her husband,a smile woman wear a purple shirt be run in a marathon .,a woman win the marathon and be smile with her husband,DET VERB NOUN VERB DET ADJ NOUN AUX VERB ADP DET NOUN PUNCT,DET NOUN VERB DET NOUN CCONJ AUX VERB ADP PRON NOUN
neutral,A man helping an older woman to the top of a sand dune.,The man is helping the lady up.,a man help an old woman to the top of a sand dune .,the man be help the lady up .,DET NOUN VERB DET ADJ NOUN ADP DET NOUN ADP DET NOUN NOUN PUNCT,DET NOUN AUX VERB DET NOUN ADP PUNCT
neutral,A shirtless male runner with long red-hair flexing.,Someone has shoulder-length hair.,a shirtless male runner with long red - hair flex .,someone have shoulder - length hair .,DET NOUN ADJ NOUN ADP ADJ ADJ PUNCT NOUN VERB PUNCT,PRON AUX NOUN PUNCT NOUN NOUN PUNCT
neutral,A young boy is kneeling on a white floor next to an orange cloth.,A boy is kneeling and praying.,a young boy be kneel on a white floor next to an orange cloth .,a boy be kneel and pray .,DET ADJ NOUN AUX VERB ADP DET ADJ NOUN ADV ADP DET ADJ NOUN PUNCT,DET NOUN AUX VERB CCONJ VERB PUNCT
neutral,A young boy is crawling through a white tube.,the tube is long,a young boy be crawl through a white tube .,the tube be long,DET ADJ NOUN AUX VERB ADP DET ADJ NOUN PUNCT,DET NOUN AUX ADJ
neutral,A couple of boys looking in a tan container while a man wearing a large hat and a woman wearing a plaid shirt look to the right.,Two boys look at a snake in the brown box while their parents turn their heads.,a couple of boy look in a tan container while a man wear a large hat and a woman wear a plaid shirt look to the right .,two boy look at a snake in the brown box while their parent turn their head .,DET NOUN ADP NOUN VERB ADP DET ADJ NOUN SCONJ DET NOUN VERB DET ADJ NOUN CCONJ DET NOUN VERB DET ADJ NOUN VERB ADP DET NOUN PUNCT,NUM NOUN VERB ADP DET NOUN ADP DET ADJ NOUN SCONJ PRON NOUN VERB PRON NOUN PUNCT
neutral,A man holds a guitar on a busy street while people look on.,The man is performing for some families.,a man hold a guitar on a busy street while people look on .,the man be perform for some family .,DET NOUN VERB DET NOUN ADP DET ADJ NOUN SCONJ NOUN VERB ADP PUNCT,DET NOUN AUX VERB ADP DET NOUN PUNCT
neutral,"A male and female fire performer, work their craft in front of an audience.",They may be juggling with fire.,"a male and female fire performer , work their craft in front of an audience .",they may be juggle with fire .,DET ADJ CCONJ ADJ NOUN NOUN PUNCT VERB PRON NOUN ADP NOUN ADP DET NOUN PUNCT,PRON AUX AUX VERB ADP NOUN PUNCT
neutral,A young woman with blue jeans and a black tank top is walking down the sidewalk screaming and clutching her chest.,The woman is having very bad chest pains.,a young woman with blue jean and a black tank top be walk down the sidewalk scream and clutch her chest .,the woman be have very bad chest pain .,DET ADJ NOUN ADP ADJ NOUN CCONJ DET ADJ NOUN NOUN AUX VERB ADP DET NOUN VERB CCONJ VERB PRON NOUN PUNCT,DET NOUN AUX VERB ADV ADJ NOUN NOUN PUNCT
neutral,A woman with a medical mask and white apron on looking through a camera to the right.,The woman is a lab assistant.,a woman with a medical mask and white apron on look through a camera to the right .,the woman be a lab assistant .,DET NOUN ADP DET ADJ NOUN CCONJ ADJ PROPN ADP VERB ADP DET NOUN ADP DET NOUN PUNCT,DET NOUN AUX DET NOUN NOUN PUNCT
neutral,A wedding couple are being photographed on a street corner amongst passersby and traffic.,A wedding couple are being photographed on a busy street corner amongst passersby and traffic.,a wedding couple be be photograph on a street corner amongst passersby and traffic .,a wedding couple be be photograph on a busy street corner amongst passersby and traffic .,DET NOUN NOUN AUX AUX VERB ADP DET NOUN NOUN ADP NOUN CCONJ NOUN PUNCT,DET NOUN NOUN AUX AUX VERB ADP DET ADJ NOUN NOUN ADP NOUN CCONJ NOUN PUNCT
neutral,A woman in a gray shirt is stretching in an outdoor park area.,The woman is relaxing.,a woman in a gray shirt be stretch in an outdoor park area .,the woman be relax .,DET NOUN ADP DET ADJ NOUN AUX VERB ADP DET ADJ NOUN NOUN PUNCT,DET NOUN AUX VERB PUNCT
neutral,Three children are in a room and one plays with a vacuum cleaner.,A vacuum cleaner catches the clothes of one of the children.,three child be in a room and one play with a vacuum cleaner .,a vacuum clean catch the clothe of one of the child .,NUM NOUN AUX ADP DET NOUN CCONJ NUM VERB ADP DET NOUN NOUN PUNCT,DET NOUN ADJ VERB DET NOUN ADP NUM ADP DET NOUN PUNCT
neutral,A bunch of people in racing gear and helmets racing bicycles around a corner on wet pavement.,A group is racing bicycles during a rainstorm.,a bunch of people in race gear and helmet racing bicycle around a corner on wet pavement .,a group be race bicycle during a rainstorm .,DET NOUN ADP NOUN ADP VERB NOUN CCONJ NOUN NOUN NOUN ADP DET NOUN ADP ADJ NOUN PUNCT,DET NOUN AUX VERB NOUN ADP DET NOUN PUNCT
neutral,People walking down the street at a fair.,People are walking and eating cotton candy at a fair.,people walk down the street at a fair .,people be walk and eat cotton candy at a fair .,NOUN VERB ADP DET NOUN ADP DET NOUN PUNCT,NOUN AUX VERB CCONJ VERB NOUN NOUN ADP DET NOUN PUNCT
neutral,A lady that has been performing on stage with a mic and guitar pauses to kiss the head of a child.,The lady is kissing her child.,a lady that have be perform on stage with a mic and guitar pause to kiss the head of a child .,the lady be kiss her child .,DET NOUN PRON AUX AUX VERB ADP NOUN ADP DET ADJ CCONJ NOUN VERB PART VERB DET NOUN ADP DET NOUN PUNCT,DET NOUN AUX VERB PRON NOUN PUNCT
neutral,A small boy wearing a diaper stands near the door and is covered in marker.,A boy is standing inside.,a small boy wear a diaper stand near the door and be cover in marker .,a boy be stand inside .,DET ADJ NOUN VERB DET NOUN VERB ADP DET NOUN CCONJ AUX VERB ADP NOUN PUNCT,DET NOUN AUX VERB ADV PUNCT
neutral,People gathered on the street smiling and waving.,the people were waiting for a parade,people gather on the street smile and wave .,the people be wait for a parade,NOUN VERB ADP DET NOUN VERB CCONJ VERB PUNCT,DET NOUN AUX VERB ADP DET NOUN
neutral,One woman in a green pants suit is speaking to another woman with glasses while both sit.,"The coworkers are on a break, chatting to relax, before going back to work.",one woman in a green pant suit be speak to another woman with glass while both sit .,"the coworker be on a break , chat to relax , before go back to work .",NUM NOUN ADP DET ADJ NOUN NOUN AUX VERB ADP DET NOUN ADP NOUN SCONJ DET VERB PUNCT,DET NOUN AUX ADP DET NOUN PUNCT VERB PART VERB PUNCT ADP VERB ADV ADP NOUN PUNCT
neutral,Five women and a man pose for a photograph near a purple bed.,A group of people are posing on a bed.,five woman and a man pose for a photograph near a purple bed .,a group of people be pose on a bed .,NUM NOUN CCONJ DET NOUN VERB ADP DET NOUN ADP DET ADJ NOUN PUNCT,DET NOUN ADP NOUN AUX VERB ADP DET NOUN PUNCT
neutral,This man is repairing the pipes.,Plumber repairing a broken sink pipe.,this man be repair the pipe .,plumber repair a break sink pipe .,DET NOUN AUX VERB DET NOUN PUNCT,PROPN VERB DET VERB NOUN NOUN PUNCT
neutral,two people walking through a sandy desert,the two people are in a sandy desert.,two people walk through a sandy desert,the two people be in a sandy desert .,NUM NOUN VERB ADP DET ADJ NOUN,DET NUM NOUN AUX ADP DET ADJ NOUN PUNCT
neutral,Members of a fraternal organization in a graveyard,Two Frat boys are looking for their lost frat brother who died at the party.,member of a fraternal organization in a graveyard,two frat boy be look for their lose frat brother who die at the party .,NOUN ADP DET ADJ NOUN ADP DET NOUN,NUM PROPN NOUN AUX VERB ADP PRON VERB ADJ NOUN PRON VERB ADP DET NOUN PUNCT
neutral,Three people stand close to three multicolored hot air balloons.,Three people are about to go on a hot air balloon ride.,three people stand close to three multicolore hot air balloon .,three people be about to go on a hot air balloon ride .,NUM NOUN VERB ADV ADP NUM VERB ADJ NOUN NOUN PUNCT,NUM NOUN AUX ADJ PART VERB ADP DET ADJ NOUN NOUN NOUN PUNCT
neutral,A blond woman is sitting by a tree while another person is riding a bike.,A woman sits by a tree with her dog while a biker rides by.,a blond woman be sit by a tree while another person be rid a bike .,a woman sit by a tree with her dog while a biker rid by .,DET ADJ NOUN AUX VERB ADP DET NOUN SCONJ DET NOUN AUX VERB DET NOUN PUNCT,DET NOUN VERB ADP DET NOUN ADP PRON NOUN SCONJ DET NOUN VERB ADP PUNCT
neutral,A construction worker wearing an orange hat and gray sweater is standing on top of a building re-roofing it.,A man standing on top of his and re-doing his own roof.,a construction worker wear an orange hat and gray sweater be stand on top of a building re - roof it .,a man stand on top of his and re - do his own roof .,DET NOUN NOUN VERB DET ADJ NOUN CCONJ ADJ NOUN AUX VERB ADP NOUN ADP DET NOUN NOUN VERB VERB PRON PUNCT,DET NOUN VERB ADP NOUN ADP PRON CCONJ VERB VERB VERB PRON ADJ NOUN PUNCT
neutral,A young boy smiling as he rides down an inflatable water slide.,A kid shows excitement during a trip to the water park.,a young boy smile as he rid down an inflatable water slide .,a kid show excitement during a trip to the water park .,DET ADJ NOUN VERB ADP PRON VERB ADP DET ADJ NOUN NOUN PUNCT,DET NOUN VERB NOUN ADP DET NOUN ADP DET NOUN NOUN PUNCT
neutral,"Two snowshoers are standing on a declining, snow-covered slope.",The snowshoers are very cold standing on the snow-covered slope.,"two snowshoer be stand on a decline , snow - cover slope .",the snowshoer be very cold stand on the snow - cover slope .,NUM NOUN AUX VERB ADP DET VERB PUNCT NOUN PUNCT VERB NOUN PUNCT,DET NOUN AUX ADV ADJ VERB ADP DET NOUN PUNCT VERB NOUN PUNCT
neutral,Number 15 football player is about to throw the ball to his teammate.,player 15 is a quarter back.,number 15 football player be about to throw the ball to his teammate .,player 15 be a quarter back .,NOUN NUM NOUN NOUN AUX ADJ PART VERB DET NOUN ADP PRON NOUN PUNCT,NOUN NUM AUX DET NOUN ADV PUNCT
neutral,A dog shakes off water.,a dog shaking because he is cold,a dog shake off water .,a dog shake because he be cold,DET NOUN VERB ADP NOUN PUNCT,DET NOUN VERB SCONJ PRON AUX ADJ
neutral,A store with pokemon items and pokemon balls in front of the registers.,The pokemon items are by the registers to encourage sales.,a store with pokemon item and pokemon ball in front of the register .,the pokemon item be by the register to encourage sale .,DET NOUN ADP NOUN NOUN CCONJ NOUN NOUN ADP NOUN ADP DET NOUN PUNCT,DET NOUN NOUN AUX ADP DET NOUN PART VERB NOUN PUNCT
neutral,People are standing on a street corner pointing.,People on a street corner point out which way the thief ran to a police officer.,people be stand on a street corner pointing .,people on a street corner point out which way the thief run to a police officer .,NOUN AUX VERB ADP DET NOUN NOUN NOUN PUNCT,NOUN ADP DET NOUN NOUN NOUN ADP DET NOUN DET NOUN VERB ADP DET NOUN NOUN PUNCT
neutral,One dog on the ground and another dog standing above it.,A dog growls at another dog on the ground.,one dog on the ground and another dog stand above it .,a dog growl at another dog on the ground .,NUM NOUN ADP DET NOUN CCONJ DET NOUN VERB ADP PRON PUNCT,DET NOUN VERB ADP DET NOUN ADP DET NOUN PUNCT
neutral,A brown and white dog runs in a field of yellow flowers.,The dog is chasing someone.,a brown and white dog run in a field of yellow flower .,the dog be chase someone .,DET ADJ CCONJ ADJ NOUN VERB ADP DET NOUN ADP ADJ NOUN PUNCT,DET NOUN AUX VERB PRON PUNCT
neutral,A woman in striped tights is being guided with strings.,A woman is blind and is being led by strings.,a woman in striped tight be be guide with string .,a woman be blind and be be lead by string .,DET NOUN ADP ADJ NOUN AUX AUX VERB ADP NOUN PUNCT,DET NOUN AUX ADJ CCONJ AUX AUX VERB ADP NOUN PUNCT
neutral,A man on a motorcycle with no shirt on at a bike event.,A man riding a motorcycle.,a man on a motorcycle with no shirt on at a bike event .,a man rid a motorcycle .,DET NOUN ADP DET NOUN ADP DET NOUN ADP ADP DET NOUN NOUN PUNCT,DET NOUN VERB DET NOUN PUNCT
neutral,Two guys sorting through some items.,Two men going through a storage bin.,two guy sort through some item .,two man go through a storage bin .,NUM NOUN VERB ADP DET NOUN PUNCT,NUM NOUN VERB ADP DET NOUN NOUN PUNCT
neutral,A man is standing on an icy street with a building beside him.,A man standing outside in the snow on an icy street next to a building.,a man be stand on an icy street with a building beside he .,a man stand outside in the snow on an icy street next to a building .,DET NOUN AUX VERB ADP DET ADJ NOUN ADP DET NOUN ADP PRON PUNCT,DET NOUN VERB ADV ADP DET NOUN ADP DET ADJ NOUN ADV ADP DET NOUN PUNCT
neutral,Middle-aged woman in a sweater and white apron is using a spinning wheel with a second spinning wheel in the foreground.,A woman demonstrates hand-spinning at a Scottish festival.,middle - aged woman in a sweater and white apron be use a spin wheel with a second spin wheel in the foreground .,a woman demonstrate hand - spinning at a scottish festival .,ADJ PUNCT ADJ NOUN ADP DET NOUN CCONJ ADJ PROPN AUX VERB DET VERB NOUN ADP DET ADJ VERB NOUN ADP DET NOUN PUNCT,DET NOUN VERB NOUN PUNCT NOUN ADP DET ADJ NOUN PUNCT
neutral,Two young boys wearing pirate hats are crouching down.,The two boys are hiding.,two young boy wear pirate hat be crouch down .,the two boy be hide .,NUM ADJ NOUN VERB NOUN NOUN AUX VERB ADP PUNCT,DET NUM NOUN AUX VERB PUNCT
neutral,People at work landscaping an area.,People working for free.,people at work landscape an area .,people work for free .,NOUN ADP NOUN VERB DET NOUN PUNCT,NOUN VERB ADP ADJ PUNCT
neutral,The boat is white,The boat is painted,the boat be white,the boat be paint,DET NOUN AUX ADJ,DET NOUN AUX VERB
neutral,A man in red swim trunks is in midair above the people in the water below.,He is wearing green swim trunks is in midair above the people in the water below.,a man in red swim trunk be in midair above the people in the water below .,he be wear green swim trunk be in midair above the people in the water below .,DET NOUN ADP ADJ NOUN NOUN AUX ADP NOUN ADP DET NOUN ADP DET NOUN ADV PUNCT,PRON AUX VERB ADJ NOUN NOUN AUX ADP NOUN ADP DET NOUN ADP DET NOUN ADV PUNCT
neutral,A construction worker in a orange vest is grouting tile on a wall.,A tall worker.,a construction worker in a orange vest be grout tile on a wall .,a tall worker .,DET NOUN NOUN ADP DET ADJ NOUN AUX VERB NOUN ADP DET NOUN PUNCT,DET ADJ NOUN PUNCT
neutral,"A man in a blue shirt, cowboy hat and a cross neckless walking in front of a carnival or amusement park ride.",A man is at a carnival with his kids.,"a man in a blue shirt , cowboy hat and a cross neckless walk in front of a carnival or amusement park ride .",a man be at a carnival with his kid .,DET NOUN ADP DET ADJ NOUN PUNCT NOUN PROPN CCONJ DET NOUN NOUN VERB ADP NOUN ADP DET NOUN CCONJ NOUN NOUN NOUN PUNCT,DET NOUN AUX ADP DET NOUN ADP PRON NOUN PUNCT
neutral,"A band consisting of a guitar payer, banjo player, and accordion player, performs as a group of middle-aged people dance on the dance floor.",The band is performing at a hospital benefit.,"a band consist of a guitar payer , banjo player , and accordion player , perform as a group of middle - aged people dance on the dance floor .",the band be perform at a hospital benefit .,DET NOUN VERB ADP DET NOUN NOUN PUNCT NOUN NOUN PUNCT CCONJ ADJ NOUN PUNCT VERB ADP DET NOUN ADP ADJ PUNCT ADJ NOUN VERB ADP DET NOUN NOUN PUNCT,DET NOUN AUX VERB ADP DET NOUN NOUN PUNCT
neutral,Two men in a boat are casting a yellow net into the water,The men are trying to catch shrimp.,two man in a boat be cast a yellow net into the water,the man be try to catch shrimp .,NUM NOUN ADP DET NOUN AUX VERB DET ADJ NOUN ADP DET NOUN,DET NOUN AUX VERB PART VERB NOUN PUNCT
neutral,Two men are jumping outside on concrete.,Two men are jumping outside on broken concrete.,two man be jump outside on concrete .,two man be jump outside on broken concrete .,NUM NOUN AUX VERB ADV ADP NOUN PUNCT,NUM NOUN AUX VERB ADV ADP ADJ NOUN PUNCT
neutral,A baseball player is holding a bat.,The man will hit a ball.,a baseball player be hold a bat .,the man will hit a ball .,DET NOUN NOUN AUX VERB DET NOUN PUNCT,DET NOUN AUX VERB DET NOUN PUNCT
neutral,An artist in an gray t-shirt is carving on his white serpentine shaped sculpture.,An artist is preparing for an upcoming show,an artist in an gray t - shirt be carve on his white serpentine shape sculpture .,an artist be prepare for an upcoming show,DET NOUN ADP DET ADJ NOUN PUNCT NOUN AUX VERB ADP PRON ADJ ADJ VERB NOUN PUNCT,DET NOUN AUX VERB ADP DET ADJ NOUN
neutral,Two men in hats and orange uniforms are shoveling snow.,The gentlement are about to complete their icy task.,two man in hat and orange uniform be shovel snow .,the gentlement be about to complete their icy task .,NUM NOUN ADP NOUN CCONJ ADJ NOUN AUX VERB NOUN PUNCT,DET NOUN AUX ADJ PART VERB PRON ADJ NOUN PUNCT
neutral,A person climbing a large moss-covered rock,A guy wants to get on top of a rock in order to get a better view.,a person climb a large moss - cover rock,a guy want to get on top of a rock in order to get a well view .,DET NOUN VERB DET ADJ NOUN PUNCT VERB NOUN,DET NOUN VERB PART VERB ADP NOUN ADP DET NOUN ADP NOUN PART VERB DET ADJ NOUN PUNCT
neutral,The blue vehicle has a lot of cargo stacked on the roof.,The vehicle has a luggage rack,the blue vehicle have a lot of cargo stack on the roof .,the vehicle have a luggage rack,DET ADJ NOUN AUX DET NOUN ADP NOUN VERB ADP DET NOUN PUNCT,DET NOUN AUX DET NOUN NOUN
neutral,a woman painting her toenails red on the couch,The woman is in the process of giving herself a complete pedicure.,a woman paint her toenail red on the couch,the woman be in the process of give herself a complete pedicure .,DET NOUN VERB PRON NOUN ADJ ADP DET NOUN,DET NOUN AUX ADP DET NOUN ADP VERB PRON DET ADJ NOUN PUNCT
neutral,Hamilton football player makes a hard cut.,A player makes an easy cut.,hamilton football player make a hard cut .,a player make an easy cut .,PROPN NOUN NOUN VERB DET ADJ NOUN PUNCT,DET NOUN VERB DET ADJ NOUN PUNCT
neutral,Group of children in the street.,The children are playing a game.,group of child in the street .,the child be play a game .,PROPN ADP NOUN ADP DET NOUN PUNCT,DET NOUN AUX VERB DET NOUN PUNCT
neutral,A young girl places a small picture into a foam backing.,A young girl frames her art into a foam backing.,a young girl place a small picture into a foam backing .,a young girl frame her art into a foam backing .,DET ADJ NOUN VERB DET ADJ NOUN ADP DET ADJ NOUN PUNCT,DET ADJ NOUN VERB PRON NOUN ADP DET ADJ NOUN PUNCT
neutral,A skier midair during what appears to be a daring flip on a sunny ski slope.,A skier performs a flip in a stunt competition.,a skier midair during what appear to be a daring flip on a sunny ski slope .,a skier perform a flip in a stunt competition .,DET ADJ NOUN ADP PRON VERB PART AUX DET ADJ NOUN ADP DET ADJ NOUN NOUN PUNCT,DET NOUN VERB DET NOUN ADP DET NOUN NOUN PUNCT
neutral,A young girl with light brown hair is opening a present with the help of an older boy with darker brown hair.,A young girl with light brown hair is wrapping a present with the help of an older boy with darker brown hair.,a young girl with light brown hair be open a present with the help of an old boy with dark brown hair .,a young girl with light brown hair be wrap a present with the help of an old boy with dark brown hair .,DET ADJ NOUN ADP ADJ ADJ NOUN AUX VERB DET NOUN ADP DET NOUN ADP DET ADJ NOUN ADP ADJ ADJ NOUN PUNCT,DET ADJ NOUN ADP ADJ ADJ NOUN AUX VERB DET NOUN ADP DET NOUN ADP DET ADJ NOUN ADP ADJ ADJ NOUN PUNCT
neutral,The woman is preparing a sandwich for a customer.,The woman puts ham on the sandwich.,the woman be prepare a sandwich for a customer .,the woman put ham on the sandwich .,DET NOUN AUX VERB DET NOUN ADP DET NOUN PUNCT,DET NOUN VERB NOUN ADP DET NOUN PUNCT
neutral,Five men wearing black shorts are leaving the starting blocks in a track competition with few spectators.,Five men wearing black shorts leaving the track.,five man wear black short be leave the starting block in a track competition with few spectator .,five man wear black short leave the track .,NUM NOUN VERB ADJ NOUN AUX VERB DET NOUN NOUN ADP DET NOUN NOUN ADP ADJ NOUN PUNCT,NUM NOUN VERB ADJ NOUN VERB DET NOUN PUNCT
neutral,a man standing in the door of a laundry mat.,A man waits for his clothes to dry.,a man stand in the door of a laundry mat .,a man wait for his clothe to dry .,DET NOUN VERB ADP DET NOUN ADP DET ADJ NOUN PUNCT,DET NOUN VERB ADP PRON NOUN PART VERB PUNCT
neutral,Two women and a man are wearing medieval blue and gold robes and red hats are playing wind and brass instruments.,There are two women wearing medieval blue and gold robes at the renaissance fair.,two woman and a man be wear medieval blue and gold robe and red hat be play wind and brass instrument .,there be two woman wear medieval blue and gold robe at the renaissance fair .,NUM NOUN CCONJ DET NOUN AUX VERB ADJ ADJ CCONJ NOUN NOUN CCONJ ADJ NOUN AUX VERB NOUN CCONJ NOUN NOUN PUNCT,PRON AUX NUM NOUN VERB ADJ ADJ CCONJ NOUN NOUN ADP DET NOUN ADJ PUNCT
neutral,My date is not coming on time.,date doesnt like him,my date be not come on time .,date do not like he,PRON NOUN AUX PART VERB ADP NOUN PUNCT,NOUN AUX PART VERB PRON
neutral,a young boy runs for the pond.,The pond is full of frogs,a young boy run for the pond .,the pond be full of frog,DET ADJ NOUN VERB ADP DET NOUN PUNCT,DET NOUN AUX ADJ ADP NOUN
neutral,A white and black dog is jumping into a pool.,A dog playing with other dogs at the pool.,a white and black dog be jump into a pool .,a dog play with other dog at the pool .,DET ADJ CCONJ ADJ NOUN AUX VERB ADP DET NOUN PUNCT,DET NOUN VERB ADP ADJ NOUN ADP DET NOUN PUNCT
neutral,A newsstand clerk is surrounded by her colorful merchandise.,The store was ready to open for business.,a newsstand clerk be surround by her colorful merchandise .,the store be ready to open for business .,DET NOUN NOUN AUX VERB ADP PRON ADJ NOUN PUNCT,DET NOUN AUX ADJ PART VERB ADP NOUN PUNCT
neutral,A man is stretching on a walkway next to a bridge.,He stretches before continuing on his run.,a man be stretch on a walkway next to a bridge .,he stretch before continue on his run .,DET NOUN AUX VERB ADP DET NOUN ADV ADP DET NOUN PUNCT,PRON VERB ADP VERB ADP PRON NOUN PUNCT
neutral,Four women interact at a conference.,A meeting room is nearby.,four woman interact at a conference .,a meeting room be nearby .,NUM NOUN VERB ADP DET NOUN PUNCT,DET NOUN NOUN AUX ADV PUNCT
neutral,A man playing ball at sunset.,A man is playing by himself.,a man play ball at sunset .,a man be play by himself .,DET NOUN VERB NOUN ADP NOUN PUNCT,DET NOUN AUX VERB ADP PRON PUNCT
neutral,A large gathering of people partying on boats.,The people are drunk.,a large gathering of people party on boat .,the people be drunk .,DET ADJ NOUN ADP NOUN VERB ADP NOUN PUNCT,DET NOUN AUX ADJ PUNCT
neutral,"A woman in a pick shirt is holding a shovel near a woman in brown sweeping, while a third woman sits on a stoop.","Three ladies are working, hanging out and getting drunk.","a woman in a pick shirt be hold a shovel near a woman in brown sweeping , while a third woman sit on a stoop .","three lady be work , hang out and get drunk .",DET NOUN ADP DET NOUN NOUN AUX VERB DET NOUN ADP DET NOUN ADP ADJ NOUN PUNCT SCONJ DET ADJ NOUN VERB ADP DET NOUN PUNCT,NUM NOUN AUX VERB PUNCT VERB ADV CCONJ VERB ADJ PUNCT
neutral,A person reads a paper with two people standing next to her in front of a group.,A person reads a speech while two people and group look on.,a person read a paper with two people stand next to she in front of a group .,a person read a speech while two people and group look on .,DET NOUN VERB DET NOUN ADP NUM NOUN VERB ADV ADP PRON ADP NOUN ADP DET NOUN PUNCT,DET NOUN VERB DET NOUN SCONJ NUM NOUN CCONJ NOUN VERB ADP PUNCT
neutral,Three football players are in action on the field,Three football players are actively playing defense in a game.,three football player be in action on the field,three football player be actively play defense in a game .,NUM NOUN NOUN AUX ADP NOUN ADP DET NOUN,NUM NOUN NOUN AUX ADV VERB NOUN ADP DET NOUN PUNCT
neutral,The silhouette of a person jumping in the air during a sunset.,A girl is jumping on a trampoline late in the evening.,the silhouette of a person jump in the air during a sunset .,a girl be jump on a trampoline late in the evening .,DET NOUN ADP DET NOUN VERB ADP DET NOUN ADP DET NOUN PUNCT,DET NOUN AUX VERB ADP DET NOUN ADV ADP DET NOUN PUNCT
neutral,A person wearing a red coat snowboards down a snowy hill.,A person is happily wearing a red coat,a person wear a red coat snowboard down a snowy hill .,a person be happily wear a red coat,DET NOUN VERB DET ADJ NOUN NOUN ADP DET X NOUN PUNCT,DET NOUN AUX ADV VERB DET ADJ NOUN
neutral,Children in a green classroom are raising their hands.,Children are raising their hands in a green classroom to protest the ugly color.,child in a green classroom be raise their hand .,child be raise their hand in a green classroom to protest the ugly color .,NOUN ADP DET ADJ NOUN AUX VERB PRON NOUN PUNCT,NOUN AUX VERB PRON NOUN ADP DET ADJ NOUN PART VERB DET ADJ NOUN PUNCT
neutral,"Small boy reaching for blue bar in play area, another child in background.",Some children are using a jungle gym.,"small boy reach for blue bar in play area , another child in background .",some child be use a jungle gym .,ADJ NOUN VERB ADP ADJ NOUN ADP NOUN NOUN PUNCT DET NOUN ADP NOUN PUNCT,DET NOUN AUX VERB DET NOUN NOUN PUNCT
neutral,A person is being lifted out of the water with an old lifter.,A person is being lifted out of the water with an old lifter because the boat capsized,a person be be lift out of the water with an old lifter .,a person be be lift out of the water with an old lifter because the boat capsize,DET NOUN AUX AUX VERB ADP ADP DET NOUN ADP DET ADJ NOUN PUNCT,DET NOUN AUX AUX VERB ADP ADP DET NOUN ADP DET ADJ NOUN SCONJ DET NOUN VERB
neutral,A red tree standing in front of a white building with a white Range Rover parked beneath it.,A man has parked his Range Rover and gone inside the house.,a red tree stand in front of a white building with a white range rover park beneath it .,a man have park his range rover and go inside the house .,DET ADJ NOUN VERB ADP NOUN ADP DET ADJ NOUN ADP DET ADJ PROPN PROPN VERB ADP PRON PUNCT,DET NOUN AUX VERB PRON PROPN PROPN CCONJ VERB ADP DET NOUN PUNCT
neutral,Children playing different instruments.,Two children play the oboe.,child play different instrument .,two child play the oboe .,NOUN VERB ADJ NOUN PUNCT,NUM NOUN VERB DET NOUN PUNCT
neutral,A blond man puts up a tent.,A man pitches a tent on the beach.,a blond man put up a tent .,a man pitch a tent on the beach .,DET ADJ NOUN VERB ADP DET NOUN PUNCT,DET NOUN VERB DET NOUN ADP DET NOUN PUNCT
neutral,A barefooted man with no shirt on is playing a guitar.,A man with no shirt playing music for money on a street corner.,a barefooted man with no shirt on be play a guitar .,a man with no shirt play music for money on a street corner .,DET ADJ NOUN ADP DET NOUN ADP AUX VERB DET NOUN PUNCT,DET NOUN ADP DET NOUN VERB NOUN ADP NOUN ADP DET NOUN NOUN PUNCT
neutral,A female wear a headdress is weaving a rug.,A female in a headdress is sewing a rug to sell at the market,a female wear a headdress be weave a rug .,a female in a headdress be sew a rug to sell at the market,DET ADJ NOUN DET NOUN AUX VERB DET NOUN PUNCT,DET NOUN ADP DET NOUN AUX VERB DET NOUN PART VERB ADP DET NOUN
neutral,A man holds a baby who is holding eyeglasses.,A man holds a baby who is holding eyeglasses as he rocks the baby to sleep,a man hold a baby who be hold eyeglass .,a man hold a baby who be hold eyeglass as he rock the baby to sleep,DET NOUN VERB DET NOUN PRON AUX VERB NOUN PUNCT,DET NOUN VERB DET NOUN PRON AUX VERB NOUN ADP PRON VERB DET NOUN PART VERB
neutral,A woman with short blond-hair holds her violin and bow.,A teacher is showing her class an instrument.,a woman with short blond - hair hold her violin and bow .,a teacher be show her class an instrument .,DET NOUN ADP ADJ NOUN PUNCT NOUN VERB PRON NOUN CCONJ NOUN PUNCT,DET NOUN AUX VERB PRON NOUN DET NOUN PUNCT
neutral,Two gentleman standing outside a Smoothies& Bubble Tea vendor.,Two man standing outside a smoothies&bubble tea vendor while a girl passed by,two gentleman stand outside a smoothies & bubble tea vendor .,two man stand outside a smoothies&bubble tea vendor while a girl pass by,NUM NOUN VERB ADP DET PROPN CCONJ PROPN PROPN NOUN PUNCT,NUM NOUN VERB ADP DET ADJ NOUN NOUN SCONJ DET NOUN VERB ADP
neutral,A girl in a very short black dress and tall black boots standing in front of a table with jewelry for sale.,The girl is selling jewelry.,a girl in a very short black dress and tall black boot stand in front of a table with jewelry for sale .,the girl be sell jewelry .,DET NOUN ADP DET ADV ADJ ADJ NOUN CCONJ ADJ ADJ NOUN VERB ADP NOUN ADP DET NOUN ADP NOUN ADP NOUN PUNCT,DET NOUN AUX VERB NOUN PUNCT
neutral,"A man in a leather apron who appears to be a blacksmith holds up a glowing hot piece of iron which he is working on with the hammer in his right hand, the forge fire conspicuous in the background.",a blacksmith is making a sword,"a man in a leather apron who appear to be a blacksmith hold up a glowing hot piece of iron which he be work on with the hammer in his right hand , the forge fire conspicuous in the background .",a blacksmith be make a sword,DET NOUN ADP DET NOUN NOUN PRON VERB PART AUX DET PROPN VERB ADP DET ADJ ADJ NOUN ADP NOUN DET PRON AUX VERB ADP ADP DET NOUN ADP PRON ADJ NOUN PUNCT DET NOUN NOUN ADJ ADP DET NOUN PUNCT,DET PROPN AUX VERB DET NOUN
neutral,An older man in a black hat and red shirt is talking with a woman.,The woman is his daughter,an old man in a black hat and red shirt be talk with a woman .,the woman be his daughter,DET ADJ NOUN ADP DET ADJ NOUN CCONJ ADJ NOUN AUX VERB ADP DET NOUN PUNCT,DET NOUN AUX PRON NOUN
neutral,Two men play the violin with a blurred music stand and another violinist's hand in the foreground.,the men are musiciians,two man play the violin with a blurred music stand and another violinist 's hand in the foreground .,the man be musiciian,NUM NOUN VERB DET NOUN ADP DET ADJ NOUN NOUN CCONJ DET NOUN PART NOUN ADP DET NOUN PUNCT,DET NOUN AUX NOUN
neutral,A man walking down stairs.,He is going somewhere.,a man walk down stair .,he be go somewhere .,DET NOUN VERB ADP NOUN PUNCT,PRON AUX VERB ADV PUNCT
neutral,A small girl is going to the school.,A child is going to religious school,a small girl be go to the school .,a child be go to religious school,DET ADJ NOUN AUX VERB ADP DET NOUN PUNCT,DET NOUN AUX VERB ADP ADJ NOUN
neutral,"Woman wearing blue shirt and white shorts, taking photo of two dogs; one is a white poodle on a green leash, the other a brown hound mix breed on a neon pink leash.",A woman is taking photos of two dogs that are being walked by one person.,"woman wear blue shirt and white short , take photo of two dog ; one be a white poodle on a green leash , the other a brown hound mix breed on a neon pink leash .",a woman be take photo of two dog that be be walk by one person .,NOUN VERB ADJ NOUN CCONJ ADJ NOUN PUNCT VERB NOUN ADP NUM NOUN PUNCT PRON AUX DET ADJ NOUN ADP DET ADJ NOUN PUNCT DET ADJ DET ADJ NOUN NOUN NOUN ADP DET NOUN ADJ NOUN PUNCT,DET NOUN AUX VERB NOUN ADP NUM NOUN PRON AUX AUX VERB ADP NUM NOUN PUNCT
neutral,A man sitting with a lot of rugs around him.,A merchant is selling his rugs at the marketplace.,a man sit with a lot of rug around he .,a merchant be sell his rug at the marketplace .,DET NOUN VERB ADP DET NOUN ADP NOUN ADP PRON PUNCT,DET NOUN AUX VERB PRON NOUN ADP DET NOUN PUNCT
neutral,A dog is running through a field with its tongue hanging out.,The dog is hot and thirsty.,a dog be run through a field with its tongue hang out .,the dog be hot and thirsty .,DET NOUN AUX VERB ADP DET NOUN ADP PRON NOUN VERB ADP PUNCT,DET NOUN AUX ADJ CCONJ ADJ PUNCT
neutral,A little child with a red cap and a duck are in the grass.,A child chased a duck through the grass.,a little child with a red cap and a duck be in the grass .,a child chase a duck through the grass .,DET ADJ NOUN ADP DET ADJ NOUN CCONJ DET NOUN AUX ADP DET NOUN PUNCT,DET NOUN VERB DET NOUN ADP DET NOUN PUNCT
neutral,A crowd of people are at a seafood market.,The people are looking for salmon filets.,a crowd of people be at a seafood market .,the people be look for salmon filet .,DET NOUN ADP NOUN AUX ADP DET NOUN NOUN PUNCT,DET NOUN AUX VERB ADP NOUN NOUN PUNCT
neutral,A man in a white shirt with a child on his shoulders.,The man is the child's uncle.,a man in a white shirt with a child on his shoulder .,the man be the child 's uncle .,DET NOUN ADP DET ADJ NOUN ADP DET NOUN ADP PRON NOUN PUNCT,DET NOUN AUX DET NOUN PART NOUN PUNCT
neutral,A lady dressed in a peacock outfit at a parade.,The lady is part of the parade.,a lady dress in a peacock outfit at a parade .,the lady be part of the parade .,DET NOUN VERB ADP DET NOUN NOUN ADP DET NOUN PUNCT,DET NOUN AUX NOUN ADP DET NOUN PUNCT
neutral,Two guys dressed in white play Cricket.,Two guys are professional Cricket players.,two guy dress in white play cricket .,two guy be professional cricket player .,NUM NOUN VERB ADP ADJ NOUN PROPN PUNCT,NUM NOUN AUX ADJ PROPN NOUN PUNCT
neutral,A girls' soccer team huddles together.,the girls team is talking about their strategy,a girl ' soccer team huddle together .,the girl team be talk about their strategy,DET NOUN PART NOUN NOUN VERB ADV PUNCT,DET NOUN NOUN AUX VERB ADP PRON NOUN
neutral,A woman biking along a trail surrounded by various plants.,A woman is biking on a nature study.,a woman bike along a trail surround by various plant .,a woman be bike on a nature study .,DET NOUN VERB ADP DET NOUN VERB ADP ADJ NOUN PUNCT,DET NOUN AUX VERB ADP DET NOUN NOUN PUNCT
neutral,A person holding a wooden instrument with detailed carvings.,While holding a wooden instrument with carvings a man observes the details,a person hold a wooden instrument with detailed carving .,while hold a wooden instrument with carving a man observe the detail,DET NOUN VERB DET ADJ NOUN ADP ADJ NOUN PUNCT,SCONJ VERB DET ADJ NOUN ADP NOUN DET NOUN VERB DET NOUN
neutral,A woman dressed in black is playing the violin in front of some artwork.,A woman playing a concert.,a woman dress in black be play the violin in front of some artwork .,a woman play a concert .,DET NOUN VERB ADP ADJ AUX VERB DET NOUN ADP NOUN ADP DET NOUN PUNCT,DET NOUN VERB DET NOUN PUNCT
neutral,The girl in the pink sweater is playing with a camera whilst being watched by the woman on the couch,The mother and daughter are playing after the girls birthday party.,the girl in the pink sweater be play with a camera whilst be watch by the woman on the couch,the mother and daughter be play after the girl birthday party .,DET NOUN ADP DET ADJ NOUN AUX VERB ADP DET NOUN SCONJ AUX VERB ADP DET NOUN ADP DET NOUN,DET NOUN CCONJ NOUN AUX VERB ADP DET NOUN NOUN NOUN PUNCT
neutral,"Two little kids dressed up as pirate, and both have swords.",They are in a play about pirates.,"two little kid dress up as pirate , and both have sword .",they be in a play about pirate .,NUM ADJ NOUN VERB ADP ADP NOUN PUNCT CCONJ DET AUX NOUN PUNCT,PRON AUX ADP DET NOUN ADP NOUN PUNCT
neutral,An Asian fisherman sits in his boat.,An Asian fisherman is fishing for his daily catch.,an asian fisherman sit in his boat .,an asian fisherman be fish for his daily catch .,DET ADJ NOUN VERB ADP PRON NOUN PUNCT,DET ADJ NOUN AUX VERB ADP PRON ADJ NOUN PUNCT
neutral,"A brown, wet dog shaking off the water.",The dog is tired.,"a brown , wet dog shake off the water .",the dog be tired .,DET ADJ PUNCT ADJ NOUN VERB ADP DET NOUN PUNCT,DET NOUN AUX ADJ PUNCT
neutral,"A person wearing a maroon vest is swallowing a sword, while a man looks on from the back.",The man watches and claps.,"a person wear a maroon vest be swallow a sword , while a man look on from the back .",the man watch and clap .,DET NOUN VERB DET NOUN NOUN AUX VERB DET NOUN PUNCT SCONJ DET NOUN VERB ADP ADP DET NOUN PUNCT,DET NOUN VERB CCONJ NOUN PUNCT
neutral,Metal supports make a repeating X shape along the walls of the station.,The repetition of the shapes provide greater support to the station.,metal support make a repeat x shape along the wall of the station .,the repetition of the shape provide great support to the station .,NOUN NOUN VERB DET VERB NOUN NOUN ADP DET NOUN ADP DET NOUN PUNCT,DET NOUN ADP DET NOUN VERB ADJ NOUN ADP DET NOUN PUNCT
neutral,Three people are in a dimly lit room with gold walls decorated with red ovals and black lettering.,Some people are in their home.,three people be in a dimly light room with gold wall decorate with red oval and black lettering .,some people be in their home .,NUM NOUN AUX ADP DET ADV VERB NOUN ADP ADJ NOUN VERB ADP ADJ NOUN CCONJ ADJ NOUN PUNCT,DET NOUN AUX ADP PRON NOUN PUNCT
neutral,a big white dog jumps on a small dog.,A white dog attacks a smaller dog.,a big white dog jump on a small dog .,a white dog attack a small dog .,DET ADJ ADJ NOUN VERB ADP DET ADJ NOUN PUNCT,DET ADJ NOUN VERB DET ADJ NOUN PUNCT
neutral,One man in all black helping with an arm tattoo of a blond woman wearing lingerie and a fur stole.,a man helps a woman at a fashion show,one man in all black helping with an arm tattoo of a blond woman wear lingerie and a fur stole .,a man help a woman at a fashion show,NUM NOUN ADP DET ADJ NOUN ADP DET NOUN ADV ADP DET ADJ NOUN VERB NOUN CCONJ DET NOUN NOUN PUNCT,DET NOUN VERB DET NOUN ADP DET NOUN NOUN
neutral,A woman in a red shirt looks very happy next to a man playing a guitar in a very futuristic setting while a camera records them both.,A man and woman on a tv set for a movie set in the future.,a woman in a red shirt look very happy next to a man play a guitar in a very futuristic setting while a camera record they both .,a man and woman on a tv set for a movie set in the future .,DET NOUN ADP DET ADJ NOUN VERB ADV ADJ ADV ADP DET NOUN VERB DET NOUN ADP DET ADV ADJ NOUN SCONJ DET NOUN VERB PRON DET PUNCT,DET NOUN CCONJ NOUN ADP DET NOUN NOUN ADP DET NOUN VERB ADP DET NOUN PUNCT
neutral,A man in a blue shirt eating on a deck outside.,The man is eating on a deck at his house.,a man in a blue shirt eat on a deck outside .,the man be eat on a deck at his house .,DET NOUN ADP DET ADJ NOUN VERB ADP DET NOUN ADV PUNCT,DET NOUN AUX VERB ADP DET NOUN ADP PRON NOUN PUNCT
neutral,A man and woman embracing each other passionately on the crowded streets of a city.,The man and woman are in love.,a man and woman embrace each other passionately on the crowded street of a city .,the man and woman be in love .,DET NOUN CCONJ NOUN VERB DET ADJ ADV ADP DET ADJ NOUN ADP DET NOUN PUNCT,DET NOUN CCONJ NOUN AUX ADP NOUN PUNCT
neutral,A man on a bike with a dog on a leash.,There is a dog pulling a man on a bike.,a man on a bike with a dog on a leash .,there be a dog pull a man on a bike .,DET NOUN ADP DET NOUN ADP DET NOUN ADP DET NOUN PUNCT,PRON AUX DET NOUN VERB DET NOUN ADP DET NOUN PUNCT
neutral,A German shepherd and a tan dog are fighting.,A police dog is being interfered with by a perpetrators dog.,a german shepherd and a tan dog be fight .,a police dog be be interfere with by a perpetrator dog .,DET ADJ NOUN CCONJ DET PROPN NOUN AUX VERB PUNCT,DET NOUN NOUN AUX AUX VERB ADP ADP DET NOUN NOUN PUNCT
neutral,Spices and other goods are being put in display in what appears to be a local village shop.,The local shop has plenty of rare spices for sale.,spice and other good be be put in display in what appear to be a local village shop .,the local shop have plenty of rare spice for sale .,NOUN CCONJ ADJ NOUN AUX AUX VERB ADP NOUN ADP PRON VERB PART AUX DET ADJ NOUN NOUN PUNCT,DET ADJ NOUN AUX NOUN ADP ADJ NOUN ADP NOUN PUNCT
neutral,A blond woman wearing jeans is reading on a bench.,A woman reads her favorite book on a park bench.,a blond woman wear jean be read on a bench .,a woman read her favorite book on a park bench .,DET ADJ NOUN VERB NOUN AUX VERB ADP DET NOUN PUNCT,DET NOUN VERB PRON ADJ NOUN ADP DET NOUN NOUN PUNCT
neutral,People watch a group of runners on the street.,There are fifty people running on a street.,people watch a group of runner on the street .,there be fifty people run on a street .,NOUN VERB DET NOUN ADP NOUN ADP DET NOUN PUNCT,PRON AUX NUM NOUN VERB ADP DET NOUN PUNCT
neutral,Man and woman crossing the street at dusk.,A husband and a wife are enjoying a leisurely stroll in the evening.,man and woman cross the street at dusk .,a husband and a wife be enjoy a leisurely stroll in the evening .,NOUN CCONJ NOUN VERB DET NOUN ADP NOUN PUNCT,DET NOUN CCONJ DET NOUN AUX VERB DET ADJ NOUN ADP DET NOUN PUNCT
neutral,A man with a camera and a bookbag walking down a street.,A man is taking pictures as he walks down the street.,a man with a camera and a bookbag walk down a street .,a man be take picture as he walk down the street .,DET NOUN ADP DET NOUN CCONJ DET NOUN VERB ADP DET NOUN PUNCT,DET NOUN AUX VERB NOUN ADP PRON VERB ADP DET NOUN PUNCT
neutral,A man wearing a black shirt sings and plays a guitar.,A man in a black shirt sings amazing grace with a guitar solo.,a man wear a black shirt sing and play a guitar .,a man in a black shirt sing amazing grace with a guitar solo .,DET NOUN VERB DET ADJ NOUN NOUN CCONJ VERB DET NOUN PUNCT,DET NOUN ADP DET ADJ NOUN NOUN ADJ NOUN ADP DET NOUN NOUN PUNCT
neutral,"A blond girl with an instrument on her back wearing a gray tank top, gray shorts and ripped nylons with a bike.",A girl is going to ride her bike to practice.,"a blond girl with an instrument on her back wear a gray tank top , gray short and rip nylon with a bike .",a girl be go to ride her bike to practice .,DET ADJ NOUN ADP DET NOUN ADP PRON ADV VERB DET ADJ NOUN NOUN PUNCT ADJ NOUN CCONJ VERB NOUN ADP DET NOUN PUNCT,DET NOUN AUX VERB PART VERB PRON NOUN PART VERB PUNCT
neutral,A woman wearing a pink sweater and eyeglasses is wiping a wooden table with a pink sponge.,A cleans up a milk spill.,a woman wear a pink sweater and eyeglass be wipe a wooden table with a pink sponge .,a clean up a milk spill .,DET NOUN VERB DET ADJ NOUN CCONJ NOUN AUX VERB DET ADJ NOUN ADP DET ADJ NOUN PUNCT,DET NOUN ADP DET NOUN NOUN PUNCT
neutral,A man and are playing cards but the man has thrown some cards in the air,The man throwing the cards is angry.,a man and be play card but the man have throw some card in the air,the man throw the card be angry .,DET NOUN CCONJ AUX VERB NOUN CCONJ DET NOUN AUX VERB DET NOUN ADP DET NOUN,DET NOUN VERB DET NOUN AUX ADJ PUNCT
neutral,Two men in orange jumpsuits are walking down a cobbled road.,"The men are escaping convicts, trying to get to the Mexican border.",two man in orange jumpsuit be walk down a cobbled road .,"the man be escape convict , try to get to the mexican border .",NUM NOUN ADP NOUN NOUN AUX VERB ADP DET ADJ NOUN PUNCT,DET NOUN AUX VERB NOUN PUNCT VERB PART VERB ADP DET ADJ NOUN PUNCT
neutral,A man is roping a bull in a rodeo while others in cowboy hats watch.,A man ropes a bull at a country rodeo.,a man be rope a bull in a rodeo while other in cowboy hat watch .,a man rope a bull at a country rodeo .,DET NOUN AUX VERB DET NOUN ADP DET NOUN SCONJ NOUN ADP PROPN NOUN VERB PUNCT,DET NOUN VERB DET NOUN ADP DET NOUN NOUN PUNCT
neutral,Several men dressed in white and red and building sand castles at the beach.,The men are getting sunburnt at the beach.,several man dress in white and red and build sand castle at the beach .,the man be get sunburnt at the beach .,ADJ NOUN VERB ADP ADJ CCONJ ADJ CCONJ VERB NOUN NOUN ADP DET NOUN PUNCT,DET NOUN AUX VERB VERB ADP DET NOUN PUNCT
neutral,Several female athletes high-five each other during a competition.,The girls are olympians.,several female athlete high - five each other during a competition .,the girl be olympian .,ADJ ADJ NOUN NOUN PUNCT NUM DET ADJ ADP DET NOUN PUNCT,DET NOUN AUX NOUN PUNCT
neutral,A woman and her little girl in a pink dress standing by the yellow curb with her packages in front of her.,a woman is sending packages,a woman and her little girl in a pink dress standing by the yellow curb with her package in front of she .,a woman be send package,DET NOUN CCONJ PRON ADJ NOUN ADP DET ADJ NOUN NOUN ADP DET ADJ NOUN ADP PRON NOUN ADP NOUN ADP PRON PUNCT,DET NOUN AUX VERB NOUN
neutral,A Muslim is watching an outdoor event next to a woman with a umbrella.,A person is sitting next to a woman with an umbrella while they watch a soccer game.,a muslim be watch an outdoor event next to a woman with a umbrella .,a person be sit next to a woman with an umbrella while they watch a soccer game .,DET PROPN AUX VERB DET ADJ NOUN ADV ADP DET NOUN ADP DET NOUN PUNCT,DET NOUN AUX VERB ADV ADP DET NOUN ADP DET NOUN SCONJ PRON VERB DET NOUN NOUN PUNCT
neutral,A young boy standing in an outdoor fountain watches a girl on a bicycle.,A young boy is embarrassed and doesn't want the girl to see him in the fountain.,a young boy stand in an outdoor fountain watch a girl on a bicycle .,a young boy be embarrassed and do not want the girl to see he in the fountain .,DET ADJ NOUN VERB ADP DET ADJ NOUN VERB DET NOUN ADP DET NOUN PUNCT,DET ADJ NOUN AUX ADJ CCONJ AUX PART VERB DET NOUN PART VERB PRON ADP DET NOUN PUNCT
neutral,An infant is laying on a hammock while a hand reaches out to his right leg to prevent him from falling,A mother rocks her child in a hammock.,an infant be lay on a hammock while a hand reach out to his right leg to prevent he from fall,a mother rock her child in a hammock .,DET NOUN AUX VERB ADP DET NOUN SCONJ DET NOUN VERB ADP ADP PRON ADJ NOUN PART VERB PRON ADP VERB,DET NOUN VERB PRON NOUN ADP DET NOUN PUNCT
neutral,a family takes a ride on a yellow boat.,A family takes a ride to a carnival in a yellow boat,a family take a ride on a yellow boat .,a family take a ride to a carnival in a yellow boat,DET NOUN VERB DET NOUN ADP DET ADJ NOUN PUNCT,DET NOUN VERB DET NOUN ADP DET NOUN ADP DET ADJ NOUN
neutral,A group of musicians and performers entertain with Spanish music in an outdoor area.,A group of musicians play at an exclusive event.,a group of musician and performer entertain with spanish music in an outdoor area .,a group of musician play at an exclusive event .,DET NOUN ADP NOUN CCONJ NOUN VERB ADP ADJ NOUN ADP DET ADJ NOUN PUNCT,DET NOUN ADP NOUN VERB ADP DET ADJ NOUN PUNCT
neutral,A man in a plaid shirt wields an accordion while chatting to a couple of friends on a busy sidewalk.,A man and some friends are talking.,a man in a plaid shirt wield an accordion while chat to a couple of friend on a busy sidewalk .,a man and some friend be talk .,DET NOUN ADP DET NOUN NOUN VERB DET NOUN SCONJ VERB ADP DET NOUN ADP NOUN ADP DET ADJ NOUN PUNCT,DET NOUN CCONJ DET NOUN AUX VERB PUNCT
neutral,People are standing around inside and one of them is wearing a fedora and a striped zip hoodie,Tall humans standing,people be stand around inside and one of they be wear a fedora and a striped zip hoodie,tall human stand,NOUN AUX VERB ADV ADV CCONJ NUM ADP PRON AUX VERB DET X CCONJ DET ADJ NOUN NOUN,ADJ NOUN VERB
neutral,A man is standing in front of a microphone at a podium,the man is the valedictorian of his class,a man be stand in front of a microphone at a podium,the man be the valedictorian of his class,DET NOUN AUX VERB ADP NOUN ADP DET NOUN ADP DET NOUN,DET NOUN AUX DET NOUN ADP PRON NOUN
neutral,A yellow dog is jumping across a grassy yard in front of a wooden deck.,A yellow dog is near a house.,a yellow dog be jump across a grassy yard in front of a wooden deck .,a yellow dog be near a house .,DET ADJ NOUN AUX VERB ADP DET ADJ NOUN ADP NOUN ADP DET ADJ NOUN PUNCT,DET ADJ NOUN AUX ADP DET NOUN PUNCT
neutral,A black boxer has just landed hit with his left glove on the cheek of a white boxer.,The black boxer wins the match.,a black boxer have just land hit with his left glove on the cheek of a white boxer .,the black boxer win the match .,DET ADJ NOUN AUX ADV VERB VERB ADP PRON ADJ NOUN ADP DET NOUN ADP DET ADJ NOUN PUNCT,DET ADJ NOUN VERB DET NOUN PUNCT
neutral,A man is sitting on a black and brown dog.,The man and the dog are relaxing.,a man be sit on a black and brown dog .,the man and the dog be relax .,DET NOUN AUX VERB ADP DET ADJ CCONJ ADJ NOUN PUNCT,DET NOUN CCONJ DET NOUN AUX VERB PUNCT
neutral,A closeup of a brown dog in front of a building.,The dog is waiting for his owner.,a closeup of a brown dog in front of a building .,the dog be wait for his owner .,DET NOUN ADP DET ADJ NOUN ADP NOUN ADP DET NOUN PUNCT,DET NOUN AUX VERB ADP PRON NOUN PUNCT
neutral,"There is a man wearing construction gear, standing next to a bulldozer that is picking up rubble and debris.",The man is tearing down a bridge.,"there be a man wear construction gear , stand next to a bulldozer that be pick up rubble and debris .",the man be tear down a bridge .,PRON AUX DET NOUN VERB NOUN NOUN PUNCT VERB ADV ADP DET NOUN PRON AUX VERB ADP NOUN CCONJ NOUN PUNCT,DET NOUN AUX VERB ADP DET NOUN PUNCT
neutral,A man with red shirt and black hat stares at another man.,A man is standing up and looking at a man who is sitting.,a man with red shirt and black hat stare at another man .,a man be stand up and look at a man who be sit .,DET NOUN ADP ADJ NOUN CCONJ ADJ NOUN NOUN ADP DET NOUN PUNCT,DET NOUN AUX VERB ADP CCONJ VERB ADP DET NOUN PRON AUX VERB PUNCT
neutral,A rock climber rappels down a sheer rock face with a view of snow covered mountains in the background.,The outdoors challenges this rock climber,a rock climber rappel down a sheer rock face with a view of snow cover mountain in the background .,the outdoors challenge this rock climber,DET NOUN NOUN VERB ADP DET ADJ NOUN NOUN ADP DET NOUN ADP NOUN VERB NOUN ADP DET NOUN PUNCT,DET ADV VERB DET NOUN NOUN
neutral,"A boy in speedos, wading through a lake.",Someone is present in the lake.,"a boy in speedo , wad through a lake .",someone be present in the lake .,DET NOUN ADP NOUN PUNCT VERB ADP DET NOUN PUNCT,PRON AUX ADJ ADP DET NOUN PUNCT
neutral,Black and white photo of a girl with short shorts running in the rain with a hoodie on.,A photo of a young girl running in the rain.,black and white photo of a girl with short short run in the rain with a hoodie on .,a photo of a young girl run in the rain .,ADJ CCONJ ADJ NOUN ADP DET NOUN ADP ADJ NOUN VERB ADP DET NOUN ADP DET NOUN ADP PUNCT,DET NOUN ADP DET ADJ NOUN VERB ADP DET NOUN PUNCT
neutral,A woman in a jacket walks on the beach in someone's footprints while holding her shoes in her hands.,The woman is on a morning run.,a woman in a jacket walk on the beach in someone 's footprint while hold her shoe in her hand .,the woman be on a morning run .,DET NOUN ADP DET NOUN VERB ADP DET NOUN ADP PRON PART NOUN SCONJ VERB PRON NOUN ADP PRON NOUN PUNCT,DET NOUN AUX ADP DET NOUN NOUN PUNCT
neutral,A team stands on a field while fans sit in the audience and some men in suits get their pictures taken.,"A team stands and waits to meet the owners of the team, who are getting their pictures taken in suits.",a team stand on a field while fan sit in the audience and some man in suit get their picture take .,"a team stand and wait to meet the owner of the team , who be get their picture take in suit .",DET NOUN VERB ADP DET NOUN SCONJ NOUN VERB ADP DET NOUN CCONJ DET NOUN ADP NOUN VERB PRON NOUN VERB PUNCT,DET NOUN VERB CCONJ VERB PART VERB DET NOUN ADP DET NOUN PUNCT PRON AUX VERB PRON NOUN VERB ADP NOUN PUNCT
neutral,A crowd of people walking.,A group of people walking down a city street.,a crowd of people walk .,a group of people walk down a city street .,DET NOUN ADP NOUN VERB PUNCT,DET NOUN ADP NOUN VERB ADP DET NOUN NOUN PUNCT
neutral,Man in black wetsuit on his surfboard riding a blue wave with the beach and onlookers in the background.,He is famous.,man in black wetsuit on his surfboard rid a blue wave with the beach and onlooker in the background .,he be famous .,NOUN ADP ADJ NOUN ADP PRON ADJ VERB DET ADJ NOUN ADP DET NOUN CCONJ NOUN ADP DET NOUN PUNCT,PRON AUX ADJ PUNCT
neutral,Three dogs play in the grass.,the dogs chase each other in the grass,three dog play in the grass .,the dog chase each other in the grass,NUM NOUN VERB ADP DET NOUN PUNCT,DET NOUN VERB DET ADJ ADP DET NOUN
neutral,Young boy turning a crank in the street.,A boy is running a flag up a pole.,young boy turn a crank in the street .,a boy be run a flag up a pole .,ADJ NOUN VERB DET NOUN ADP DET NOUN PUNCT,DET NOUN AUX VERB DET NOUN ADP DET NOUN PUNCT
neutral,A woman looking at her shopping list in a grocery store.,A woman checks the items in her cart against the list she brought with her to ensure she hasn't forgotten anything.,a woman look at her shopping list in a grocery store .,a woman check the item in her cart against the list she bring with she to ensure she have not forget anything .,DET NOUN VERB ADP PRON NOUN NOUN ADP DET NOUN NOUN PUNCT,DET NOUN VERB DET NOUN ADP PRON NOUN ADP DET NOUN PRON VERB ADP PRON PART VERB PRON AUX PART VERB PRON PUNCT
neutral,A man fiddles with a shopping bag outside near a shopping cart.,A man removes his shopping bag from his shopping cart.,a man fiddle with a shopping bag outside near a shopping cart .,a man remove his shopping bag from his shopping cart .,DET NOUN VERB ADP DET NOUN NOUN ADV ADP DET NOUN NOUN PUNCT,DET NOUN VERB PRON NOUN NOUN ADP PRON NOUN NOUN PUNCT
neutral,Several individuals in white leotards and climbing gear are hooked together in a vertical human chain.,It looks like individuals in leotards prepare to perform a dangerous stunt.,several individual in white leotard and climbing gear be hook together in a vertical human chain .,it look like individual in leotard prepare to perform a dangerous stunt .,ADJ NOUN ADP ADJ NOUN CCONJ NOUN NOUN AUX VERB ADV ADP DET ADJ ADJ NOUN PUNCT,PRON VERB ADP NOUN ADP NOUN VERB PART VERB DET ADJ NOUN PUNCT
neutral,Two men are underground and appear to be mining.,The men are at work in the mines.,two man be underground and appear to be mine .,the man be at work in the mine .,NUM NOUN AUX ADJ CCONJ VERB PART AUX VERB PUNCT,DET NOUN AUX ADP NOUN ADP DET NOUN PUNCT
neutral,Two men in hard hats on the roof of a building that is under construction.,Two men working on a building are almost done with it.,two man in hard hat on the roof of a building that be under construction .,two man work on a building be almost do with it .,NUM NOUN ADP ADJ NOUN ADP DET NOUN ADP DET NOUN PRON AUX ADP NOUN PUNCT,NUM NOUN VERB ADP DET NOUN AUX ADV VERB ADP PRON PUNCT
neutral,A man next to a bike with a flag attached trying to get the attention of others around him.,The man is wearing pants.,a man next to a bike with a flag attach try to get the attention of other around he .,the man be wear pant .,DET NOUN ADV ADP DET NOUN ADP DET NOUN VERB VERB PART VERB DET NOUN ADP NOUN ADP PRON PUNCT,DET NOUN AUX VERB NOUN PUNCT
neutral,A child rides the back of a wooden pull cart.,A boy rides on the back of a wooden pull cart.,a child rid the back of a wooden pull cart .,a boy rid on the back of a wooden pull cart .,DET NOUN VERB DET NOUN ADP DET ADJ NOUN NOUN PUNCT,DET NOUN VERB ADP DET NOUN ADP DET ADJ NOUN NOUN PUNCT
neutral,A mustachioed man sits as two boys stand on either side of him at the entrance to an alley.,A mustachioed man in a suit sits as two boys stand on either side of him at the entrance to an alley.,a mustachioed man sit as two boy stand on either side of he at the entrance to an alley .,a mustachioed man in a suit sit as two boy stand on either side of he at the entrance to an alley .,DET ADJ NOUN VERB ADP NUM NOUN VERB ADP DET NOUN ADP PRON ADP DET NOUN ADP DET NOUN PUNCT,DET ADJ NOUN ADP DET NOUN VERB ADP NUM NOUN VERB ADP DET NOUN ADP PRON ADP DET NOUN ADP DET NOUN PUNCT
neutral,Two women in an arena boxing with a man in the background watching them.,A man films a soft core porn about foxy boxing.,two woman in an arena boxing with a man in the background watch they .,a man film a soft core porn about foxy boxing .,NUM NOUN ADP DET NOUN NOUN ADP DET NOUN ADP DET NOUN VERB PRON PUNCT,DET NOUN VERB DET ADJ NOUN NOUN ADP ADJ NOUN PUNCT
neutral,A mountain climber stops for a drink.,a mountain climbing man stops for an alcoholic beverage,a mountain climber stop for a drink .,a mountain climb man stop for an alcoholic beverage,DET NOUN NOUN VERB ADP DET NOUN PUNCT,DET NOUN VERB NOUN VERB ADP DET ADJ NOUN
neutral,Two runners waving as they finish a race.,The two have tied for first place.,two runner wave as they finish a race .,the two have tie for first place .,NUM NOUN VERB ADP PRON VERB DET NOUN PUNCT,DET NUM AUX VERB ADP ADJ NOUN PUNCT
neutral,A group of children standing in a lake in shoulder high water while one boy is balancing on the shoulders of two other boys.,A group of kids are in a lake with shoulder high water and a boy is about to fall.,a group of child stand in a lake in shoulder high water while one boy be balance on the shoulder of two other boy .,a group of kid be in a lake with shoulder high water and a boy be about to fall .,DET NOUN ADP NOUN VERB ADP DET NOUN ADP NOUN ADJ NOUN SCONJ NUM NOUN AUX VERB ADP DET NOUN ADP NUM ADJ NOUN PUNCT,DET NOUN ADP NOUN AUX ADP DET NOUN ADP NOUN ADJ NOUN CCONJ DET NOUN AUX ADJ PART VERB PUNCT
neutral,The dog carries a stick and jumps over a log in the woods.,the dog is out for a walk with it's owner,the dog carry a stick and jump over a log in the wood .,the dog be out for a walk with it 's owner,DET NOUN VERB DET NOUN CCONJ VERB ADP DET NOUN ADP DET NOUN PUNCT,DET NOUN AUX ADV ADP DET NOUN ADP PRON PART NOUN
neutral,A blond-haired boy sits on a bus while gazing out the window towards an intersection in a city.,The boy is bored.,a blond - haired boy sit on a bus while gaze out the window towards an intersection in a city .,the boy be bore .,DET ADJ PUNCT ADJ NOUN VERB ADP DET NOUN SCONJ VERB ADP DET NOUN ADP DET NOUN ADP DET NOUN PUNCT,DET NOUN AUX VERB PUNCT
neutral,Two men jumping on a rock wall,Two men jumping on rock wall while laughing.,two man jump on a rock wall,two man jump on rock wall while laugh .,NUM NOUN VERB ADP DET NOUN NOUN,NUM NOUN VERB ADP NOUN NOUN SCONJ VERB PUNCT
neutral,two people leaning over a green railing with the ocean in the background,Two people are discussing the heat death of the universe by the ocean.,two people lean over a green railing with the ocean in the background,two people be discuss the heat death of the universe by the ocean .,NUM NOUN VERB ADP DET ADJ NOUN ADP DET NOUN ADP DET NOUN,NUM NOUN AUX VERB DET NOUN NOUN ADP DET NOUN ADP DET NOUN PUNCT
neutral,A hiker discovers a feature in an otherwise barren landscape.,A hiker is exploring a new country,a hiker discover a feature in an otherwise barren landscape .,a hiker be explore a new country,DET NOUN VERB DET NOUN ADP DET ADV ADJ NOUN PUNCT,DET NOUN AUX VERB DET ADJ NOUN
neutral,A male drummer wearing sunglasses and a yellow t-shirt bangs on a conga hand drum during a street festival.,The male is playing the conga outdoors.,a male drummer wear sunglass and a yellow t - shirt bang on a conga hand drum during a street festival .,the male be play the conga outdoors .,DET ADJ NOUN VERB NOUN CCONJ DET ADJ NOUN PUNCT NOUN NOUN ADP DET ADJ NOUN NOUN ADP DET NOUN NOUN PUNCT,DET NOUN AUX VERB DET NOUN ADV PUNCT
neutral,"An old man, wearing a black beret and a black and red jacket, rides a pony in a desolate mountain location.",The old man is a tour guide for the mountainside.,"an old man , wear a black beret and a black and red jacket , rid a pony in a desolate mountain location .",the old man be a tour guide for the mountainside .,DET ADJ NOUN PUNCT VERB DET ADJ NOUN CCONJ DET ADJ CCONJ ADJ NOUN PUNCT VERB DET NOUN ADP DET ADJ NOUN NOUN PUNCT,DET ADJ NOUN AUX DET NOUN NOUN ADP DET NOUN PUNCT
neutral,"A young boy looks up towards the camera, while standing next to a calm stream.",He is posing for the picture.,"a young boy look up towards the camera , while stand next to a calm stream .",he be pose for the picture .,DET ADJ NOUN VERB ADP ADP DET NOUN PUNCT SCONJ VERB ADV ADP DET ADJ NOUN PUNCT,PRON AUX VERB ADP DET NOUN PUNCT
neutral,A man is using spray paint on a wall mural.,A guy is painting a mural for a buddy.,a man be use spray paint on a wall mural .,a guy be paint a mural for a buddy .,DET NOUN AUX VERB ADJ NOUN ADP DET NOUN NOUN PUNCT,DET NOUN AUX VERB DET NOUN ADP DET NOUN PUNCT
neutral,"Two men, one wearing a straw cone hat, blue shirt, talking with a guy in a tan sunhat, red plaid shirt, both with baskets in front of them, sitting on the side of a dirt road.",two asian men wait along a roadside,"two man , one wear a straw cone hat , blue shirt , talk with a guy in a tan sunhat , red plaid shirt , both with basket in front of they , sit on the side of a dirt road .",two asian man wait along a roadside,NUM NOUN PUNCT NUM VERB DET NOUN NOUN NOUN PUNCT ADJ NOUN PUNCT VERB ADP DET NOUN ADP DET PROPN PROPN PUNCT ADJ NOUN NOUN PUNCT DET ADP NOUN ADP NOUN ADP PRON PUNCT VERB ADP DET NOUN ADP DET NOUN NOUN PUNCT,NUM ADJ NOUN VERB ADP DET NOUN
neutral,A group of people are sitting around a campfire at night.,Some people are roasting marshmallows on a campfire.,a group of people be sit around a campfire at night .,some people be roast marshmallow on a campfire .,DET NOUN ADP NOUN AUX VERB ADP DET NOUN ADP NOUN PUNCT,DET NOUN AUX VERB NOUN ADP DET NOUN PUNCT
neutral,"A baby, wearing a yellow outfit, is yawning with their mouth wide open.",A baby is ready for a nap.,"a baby , wear a yellow outfit , be yawn with their mouth wide open .",a baby be ready for a nap .,DET NOUN PUNCT VERB DET ADJ NOUN PUNCT AUX VERB ADP PRON NOUN ADV ADJ PUNCT,DET NOUN AUX ADJ ADP DET NOUN PUNCT
neutral,A mime performing on stage holds a ukulele (mandolin?).,The mime seems unconcerned that making music may be considered a form of mime-cheating.,a mime perform on stage hold a ukulele ( mandolin ? ) .,the mime seem unconcerned that make music may be consider a form of mime - cheating .,DET NOUN VERB ADP NOUN VERB DET NOUN PUNCT PROPN PUNCT PUNCT PUNCT,DET NOUN VERB ADJ SCONJ VERB NOUN AUX AUX VERB DET NOUN ADP NOUN PUNCT NOUN PUNCT
neutral,A father and son are enjoying wide open fields.,Tall humans enjoying fields,a father and son be enjoy wide open field .,tall human enjoy field,DET NOUN CCONJ NOUN AUX VERB ADJ ADJ NOUN PUNCT,ADJ NOUN VERB NOUN
neutral,A man is loading his dishwasher.,A man loads a dishwasher after the dinner party.,a man be load his dishwasher .,a man load a dishwasher after the dinner party .,DET NOUN AUX VERB PRON NOUN PUNCT,DET NOUN VERB DET NOUN ADP DET NOUN NOUN PUNCT
neutral,"A group of people walking through an alley along a cobblestone street, between two buildings.",A group of people walking through an old alley.,"a group of people walk through an alley along a cobblestone street , between two building .",a group of people walk through an old alley .,DET NOUN ADP NOUN VERB ADP DET NOUN ADP DET NOUN NOUN PUNCT ADP NUM NOUN PUNCT,DET NOUN ADP NOUN VERB ADP DET ADJ NOUN PUNCT
neutral,The man is standing behind his opened back hatch of his vehicle.,A man puts something into the back of his car,the man be stand behind his open back hatch of his vehicle .,a man put something into the back of his car,DET NOUN AUX VERB ADP PRON VERB ADP NOUN ADP PRON NOUN PUNCT,DET NOUN VERB PRON ADP DET NOUN ADP PRON NOUN
neutral,A woman grilling chicken and veggies.,She is cooking for her husband.,a woman grill chicken and veggie .,she be cook for her husband .,DET NOUN VERB NOUN CCONJ NOUN PUNCT,PRON AUX VERB ADP PRON NOUN PUNCT
neutral,A man running for competition.,The man is training for the Boston City Marathon.,a man run for competition .,the man be train for the boston city marathon .,DET NOUN VERB ADP NOUN PUNCT,DET NOUN AUX VERB ADP DET PROPN PROPN PROPN PUNCT
neutral,"A Drayton Manor Theme Park roller coaster is shown accelerating downwards vertically on a red colored track with several visible people making either happy, excited or scared faces.",The roller coaster is packed with riders.,"a drayton manor theme park roller coaster be show accelerate downward vertically on a red colored track with several visible people make either happy , excited or scared face .",the roller coaster be pack with rider .,DET PROPN PROPN PROPN PROPN NOUN NOUN AUX VERB VERB NOUN ADV ADP DET ADJ ADJ NOUN ADP ADJ ADJ NOUN VERB CCONJ ADJ PUNCT ADJ CCONJ ADJ NOUN PUNCT,DET NOUN NOUN AUX VERB ADP NOUN PUNCT
neutral,some is waiting at a bus stop station,Problem. see below,some be wait at a bus stop station,problem . see below,DET AUX VERB ADP DET NOUN NOUN NOUN,NOUN PUNCT VERB ADP
neutral,A young woman is dressed in medieval attire and is holding an axe while leaning on a tree.,A woman on her break from the Renaissance Fair.,a young woman be dress in medieval attire and be hold an axe while lean on a tree .,a woman on her break from the renaissance fair .,DET ADJ NOUN AUX VERB ADP ADJ NOUN CCONJ AUX VERB DET NOUN SCONJ VERB ADP DET NOUN PUNCT,DET NOUN ADP PRON NOUN ADP DET PROPN PROPN PUNCT
neutral,A gorup of boys are playing with a ball in front of a large wooden door.,Boys playing basketball by the barn.,a gorup of boy be play with a ball in front of a large wooden door .,boy play basketball by the barn .,DET NOUN ADP NOUN AUX VERB ADP DET NOUN ADP NOUN ADP DET ADJ ADJ NOUN PUNCT,NOUN VERB NOUN ADP DET NOUN PUNCT
neutral,Woman in a pink bikini leaping on the beach on a clear day while two children play by the water.,The two children in the water are the kids of the woman.,woman in a pink bikini leap on the beach on a clear day while two child play by the water .,the two child in the water be the kid of the woman .,NOUN ADP DET ADJ NOUN VERB ADP DET NOUN ADP DET ADJ NOUN SCONJ NUM NOUN VERB ADP DET NOUN PUNCT,DET NUM NOUN ADP DET NOUN AUX DET NOUN ADP DET NOUN PUNCT
neutral,A young boy in a blue golf shirt and khaki shorts is practicing his gold swing.,A boy is playing outdoors,a young boy in a blue golf shirt and khaki short be practice his gold swing .,a boy be play outdoors,DET ADJ NOUN ADP DET ADJ NOUN NOUN CCONJ PROPN NOUN AUX VERB PRON NOUN NOUN PUNCT,DET NOUN AUX VERB ADV
neutral,"A girl, wearing white shorts and a green top, is swinging on a rope swing and there is a large red building in the background.",A girl will fall from a rope swing.,"a girl , wear white short and a green top , be swing on a rope swing and there be a large red building in the background .",a girl will fall from a rope swing .,DET NOUN PUNCT VERB ADJ NOUN CCONJ DET ADJ NOUN PUNCT AUX VERB ADP DET NOUN NOUN CCONJ PRON AUX DET ADJ ADJ NOUN ADP DET NOUN PUNCT,DET NOUN AUX VERB ADP DET NOUN NOUN PUNCT
neutral,A woman with black hair and jewelry on her left hand and arm typing on a keyboard.,The woman is writing her will.,a woman with black hair and jewelry on her left hand and arm type on a keyboard .,the woman be write her will .,DET NOUN ADP ADJ NOUN CCONJ NOUN ADP PRON ADJ NOUN CCONJ NOUN VERB ADP DET NOUN PUNCT,DET NOUN AUX VERB PRON NOUN PUNCT
neutral,"An older woman with arm crutches is dressed in white and going through her white purse in front of a poster that reads ""Lack of money is the root of all evil.""",A woman with crutches is dressed in white going through her purse looking for her money.,"an old woman with arm crutch be dress in white and go through her white purse in front of a poster that read "" lack of money be the root of all evil . """,a woman with crutch be dress in white go through her purse look for her money .,DET ADJ NOUN ADP NOUN NOUN AUX VERB ADP ADJ CCONJ VERB ADP PRON ADJ NOUN ADP NOUN ADP DET NOUN PRON VERB PUNCT NOUN ADP NOUN AUX DET NOUN ADP DET NOUN PUNCT PUNCT,DET NOUN ADP NOUN AUX VERB ADP ADJ VERB ADP PRON NOUN VERB ADP PRON NOUN PUNCT
neutral,Rodeo rider on charging bull.,Rodeo rider is about to fall off the bull.,rodeo rider on charge bull .,rodeo rider be about to fall off the bull .,NOUN NOUN ADP VERB NOUN PUNCT,NOUN NOUN AUX ADJ PART VERB ADP DET NOUN PUNCT
neutral,A band member holding his brass instrument.,A man is playing his trumpet in the band.,a band member hold his brass instrument .,a man be play his trumpet in the band .,DET NOUN NOUN VERB PRON NOUN NOUN PUNCT,DET NOUN AUX VERB PRON NOUN ADP DET NOUN PUNCT
neutral,A man smiling with a beer in his hand.,A man has had 6 beers already.,a man smile with a beer in his hand .,a man have have 6 beer already .,DET NOUN VERB ADP DET NOUN ADP PRON NOUN PUNCT,DET NOUN AUX AUX NUM NOUN ADV PUNCT
neutral,Six dogs walking beside the beach.,Six dogs walking beside the water.,six dog walk beside the beach .,six dog walk beside the water .,NUM NOUN VERB ADP DET NOUN PUNCT,NUM NOUN VERB ADP DET NOUN PUNCT
neutral,A beautiful city shot with a fountain and a lady sitting on some steps.,A woman is sitting on the steps of a fountain eating food.,a beautiful city shot with a fountain and a lady sit on some step .,a woman be sit on the step of a fountain eat food .,DET ADJ NOUN NOUN ADP DET NOUN CCONJ DET NOUN VERB ADP DET NOUN PUNCT,DET NOUN AUX VERB ADP DET NOUN ADP DET NOUN VERB NOUN PUNCT
neutral,A video camera recording an orchestra.,the performance will be on tv,a video camera record an orchestra .,the performance will be on tv,DET NOUN NOUN VERB DET NOUN PUNCT,DET NOUN AUX AUX ADP NOUN
neutral,An attractive girl with a cigarette in one hand leaning over and showing lots of cleavage.,A cute girl flirts with someone,an attractive girl with a cigarette in one hand lean over and show lot of cleavage .,a cute girl flirt with someone,DET ADJ NOUN ADP DET NOUN ADP NUM NOUN VERB ADP CCONJ VERB NOUN ADP NOUN PUNCT,DET ADJ NOUN NOUN ADP PRON
neutral,A man going over a jump on his bike with a river in the background,A man at riverside performing for others.,a man go over a jump on his bike with a river in the background,a man at riverside perform for other .,DET NOUN VERB ADP DET NOUN ADP PRON NOUN ADP DET NOUN ADP DET NOUN,DET NOUN ADP NOUN VERB ADP NOUN PUNCT
neutral,A guy with a mop in hand is standing on a blue covered stage with a carnival ride in the background.,A tall human standing,a guy with a mop in hand be stand on a blue cover stage with a carnival ride in the background .,a tall human standing,DET NOUN ADP DET NOUN ADP NOUN AUX VERB ADP DET ADJ VERB NOUN ADP DET NOUN NOUN ADP DET NOUN PUNCT,DET ADJ ADJ NOUN
neutral,A lady with short hair wearing a black jacket leaned against a lamp post outside a building.,there is a woman smoking outside,a lady with short hair wear a black jacket lean against a lamp post outside a building .,there be a woman smoke outside,DET NOUN ADP ADJ NOUN VERB DET ADJ NOUN VERB ADP DET NOUN NOUN ADP DET NOUN PUNCT,PRON AUX DET NOUN VERB ADV
neutral,Two people are riding bikes beside train tracks.,Two people compete to see if they can get as fast as the train.,two people be rid bike beside train track .,two people compete to see if they can get as fast as the train .,NUM NOUN AUX VERB NOUN ADP NOUN NOUN PUNCT,NUM NOUN VERB PART VERB SCONJ PRON AUX VERB ADV ADV ADP DET NOUN PUNCT
neutral,A man is holding a crying baby.,"A man is holding his sick, crying child.",a man be hold a cry baby .,"a man be hold his sick , cry child .",DET NOUN AUX VERB DET VERB NOUN PUNCT,DET NOUN AUX VERB PRON ADJ PUNCT VERB NOUN PUNCT
neutral,A woman with long dark hair is scratching her forehead.,A sad woman with long dark hair is scratching her forehead.,a woman with long dark hair be scratch her forehead .,a sad woman with long dark hair be scratch her forehead .,DET NOUN ADP ADJ ADJ NOUN AUX VERB PRON NOUN PUNCT,DET ADJ NOUN ADP ADJ ADJ NOUN AUX VERB PRON NOUN PUNCT
neutral,A group of girls climb up a snowy hill.,A group of fat girls climb up a snowy hill.,a group of girl climb up a snowy hill .,a group of fat girl climb up a snowy hill .,DET NOUN ADP NOUN VERB ADP DET X NOUN PUNCT,DET NOUN ADP ADJ NOUN VERB ADP DET X NOUN PUNCT
neutral,A businessman in a suit is talking on his cellphone while sitting on a white bench.,A man is talking to his wife.,a businessman in a suit be talk on his cellphone while sit on a white bench .,a man be talk to his wife .,DET NOUN ADP DET NOUN AUX VERB ADP PRON NOUN SCONJ VERB ADP DET ADJ NOUN PUNCT,DET NOUN AUX VERB ADP PRON NOUN PUNCT
neutral,"A girl in a pink shirt and blue jeans sitting on a black chair is holding a small object in her right hand above her head and looking at a container with several similar objects in it, while an Asian man in a blue shirt smiles at her while standing in the background.",A girl is looking for bugs in a container.,"a girl in a pink shirt and blue jean sit on a black chair be hold a small object in her right hand above her head and look at a container with several similar object in it , while an asian man in a blue shirt smile at she while stand in the background .",a girl be look for bug in a container .,DET NOUN ADP DET ADJ NOUN CCONJ ADJ NOUN VERB ADP DET ADJ NOUN AUX VERB DET ADJ NOUN ADP PRON ADJ NOUN ADP PRON NOUN CCONJ VERB ADP DET NOUN ADP ADJ ADJ NOUN ADP PRON PUNCT SCONJ DET ADJ NOUN ADP DET ADJ NOUN NOUN ADP PRON SCONJ VERB ADP DET NOUN PUNCT,DET NOUN AUX VERB ADP NOUN ADP DET NOUN PUNCT
neutral,A boy is performing a trick on his skateboard beneath white clouds and a blue sky as four sitting guys watch him.,A boy is trying to impress the four guys.,a boy be perform a trick on his skateboard beneath white cloud and a blue sky as four sit guy watch he .,a boy be try to impress the four guy .,DET NOUN AUX VERB DET NOUN ADP PRON NOUN ADP ADJ NOUN CCONJ DET ADJ NOUN ADP NUM VERB NOUN VERB PRON PUNCT,DET NOUN AUX VERB PART VERB DET NUM NOUN PUNCT
neutral,A man sits on the sidewalk while repairing a bike.,A man sitting on the sidewalk repairing the handlebars of his bike after they bent.,a man sit on the sidewalk while repair a bike .,a man sit on the sidewalk repair the handlebar of his bike after they bent .,DET NOUN VERB ADP DET NOUN SCONJ VERB DET NOUN PUNCT,DET NOUN VERB ADP DET NOUN VERB DET NOUN ADP PRON NOUN ADP PRON VERB PUNCT
neutral,Two men stand on the deck of a speedboat which is labeled on the side with the word' Maritimo.',"Two men are standing on a green speedboat labled ""Maritimo.""",two man stand on the deck of a speedboat which be label on the side with the word ' maritimo . ',"two man be stand on a green speedboat lable "" maritimo . """,NUM NOUN VERB ADP DET NOUN ADP DET NOUN DET AUX VERB ADP DET NOUN ADP DET NOUN PUNCT PROPN PUNCT PUNCT,NUM NOUN AUX VERB ADP DET ADJ NOUN VERB PUNCT PROPN PUNCT PUNCT
neutral,A woman wearing a blue blouse and a blue jeans is riding in a bicycle,Someone is biking down the street.,a woman wear a blue blouse and a blue jean be rid in a bicycle,someone be bike down the street .,DET NOUN VERB DET ADJ NOUN CCONJ DET ADJ NOUN AUX VERB ADP DET NOUN,PRON AUX VERB ADP DET NOUN PUNCT
neutral,A woman is standing in front of a large clothes dryer and folding a bed sheet.,A woman doing laundry for her entire ungrateful family who never do anything for her.,a woman be stand in front of a large clothe dryer and fold a bed sheet .,a woman do laundry for her entire ungrateful family who never do anything for she .,DET NOUN AUX VERB ADP NOUN ADP DET ADJ NOUN NOUN CCONJ VERB DET NOUN NOUN PUNCT,DET NOUN VERB NOUN ADP PRON ADJ ADJ NOUN PRON ADV AUX PRON ADP PRON PUNCT
neutral,A woman is making a funny face while playing a board game.,A woman plays a board game with her family.,a woman be make a funny face while play a board game .,a woman play a board game with her family .,DET NOUN AUX VERB DET ADJ NOUN SCONJ VERB DET NOUN NOUN PUNCT,DET NOUN VERB DET NOUN NOUN ADP PRON NOUN PUNCT
neutral,A blond woman in a blue low-cut top at a bar or restaurant is looking at a man.,A woman propositions a man at the bar.,a blond woman in a blue low - cut top at a bar or restaurant be look at a man .,a woman proposition a man at the bar .,DET ADJ NOUN ADP DET ADJ ADJ PUNCT VERB NOUN ADP DET NOUN CCONJ NOUN AUX VERB ADP DET NOUN PUNCT,DET NOUN VERB DET NOUN ADP DET NOUN PUNCT
neutral,a basketball player defends another player.,jordan gets blocked,a basketball player defend another player .,jordan get block,DET NOUN NOUN VERB DET NOUN PUNCT,PROPN VERB VERB
neutral,A female is standing with two males talking to them.,THe males are talking,a female be stand with two male talk to they .,the male be talk,DET NOUN AUX VERB ADP NUM NOUN VERB ADP PRON PUNCT,DET NOUN AUX VERB
neutral,A group of buildings with asian writing on them and people walking about out front.,a group of power walkers amid asian buildings,a group of building with asian writing on they and people walk about out front .,a group of power walker amid asian building,DET NOUN ADP NOUN ADP ADJ NOUN ADP PRON CCONJ NOUN VERB ADP ADP NOUN PUNCT,DET NOUN ADP NOUN NOUN ADP ADJ NOUN
neutral,a young ninja jumps into the air.,There is someone fighting.,a young ninja jump into the air .,there be someone fight .,DET ADJ NOUN VERB ADP DET NOUN PUNCT,PRON AUX PRON VERB PUNCT
neutral,A woman wearing a tank top and smoking a cigarette.,The tank top has spaghettie straps.,a woman wear a tank top and smoke a cigarette .,the tank top have spaghettie strap .,DET NOUN VERB DET NOUN NOUN CCONJ VERB DET NOUN PUNCT,DET NOUN NOUN AUX NOUN NOUN PUNCT
neutral,A small child in a red coat points to a handbag in a shop window.,A child is seen pulling their mom towards an accessory they wants.,a small child in a red coat point to a handbag in a shop window .,a child be see pull their mom towards an accessory they want .,DET ADJ NOUN ADP DET ADJ NOUN VERB ADP DET NOUN ADP DET NOUN NOUN PUNCT,DET NOUN AUX VERB VERB PRON NOUN ADP DET NOUN PRON VERB PUNCT
neutral,A couple is pushing a cart full of produce items down a busy street.,A married couple is pushing a cart full of produce items down a busy street.,a couple be push a cart full of produce item down a busy street .,a married couple be push a cart full of produce item down a busy street .,DET NOUN AUX VERB DET NOUN ADJ ADP VERB NOUN ADP DET ADJ NOUN PUNCT,DET ADJ NOUN AUX VERB DET NOUN ADJ ADP VERB NOUN ADP DET ADJ NOUN PUNCT
neutral,A man sitting down with this head resting on his fists next to a man with his eyes closed and his together with dough sitting on a table in front of them both.,Two best friends sit next to each other with dough in front of them,a man sit down with this head rest on his fist next to a man with his eye close and his together with dough sit on a table in front of they both .,two good friend sit next to each other with dough in front of they,DET NOUN VERB ADP ADP DET NOUN VERB ADP PRON NOUN ADV ADP DET NOUN ADP PRON NOUN VERB CCONJ PRON ADV ADP NOUN VERB ADP DET NOUN ADP NOUN ADP PRON DET PUNCT,NUM ADJ NOUN VERB ADV ADP DET ADJ ADP NOUN ADP NOUN ADP PRON
neutral,A man and woman sitting in chairs next to a turquoise truck.,A man and woman are watching the truck.,a man and woman sit in chair next to a turquoise truck .,a man and woman be watch the truck .,DET NOUN CCONJ NOUN VERB ADP NOUN ADV ADP DET NOUN NOUN PUNCT,DET NOUN CCONJ NOUN AUX VERB DET NOUN PUNCT
neutral,three asian people standing on a sidewalk with a street scene in the background,Three people are standing and having a conversation in a big city with traffic behind them.,three asian people stand on a sidewalk with a street scene in the background,three people be stand and have a conversation in a big city with traffic behind they .,NUM ADJ NOUN VERB ADP DET NOUN ADP DET NOUN NOUN ADP DET NOUN,NUM NOUN AUX VERB CCONJ VERB DET NOUN ADP DET ADJ NOUN ADP NOUN ADP PRON PUNCT
neutral,"An old women, wearing a dark blue vest, holds a baby in her arms.",The infant is the grandchild of the woman.,"an old woman , wear a dark blue vest , hold a baby in her arm .",the infant be the grandchild of the woman .,DET ADJ NOUN PUNCT VERB DET ADJ ADJ NOUN PUNCT VERB DET NOUN ADP PRON NOUN PUNCT,DET NOUN AUX DET NOUN ADP DET NOUN PUNCT
neutral,"Shirtless man wearing rollerskates in a large crowd with a sweat towel that reads ""just love me"".",A shirtless man skates through a crowd of all women.,"shirtless man wear rollerskate in a large crowd with a sweat towel that read "" just love i "" .",a shirtless man skate through a crowd of all woman .,NOUN NOUN VERB NOUN ADP DET ADJ NOUN ADP DET NOUN NOUN PRON VERB PUNCT ADV VERB PRON PUNCT PUNCT,DET NOUN NOUN VERB ADP DET NOUN ADP DET NOUN PUNCT
neutral,Three college age men jump up in the air with a green lawn underneath them.,The men are trying to catch a football.,three college age man jump up in the air with a green lawn underneath they .,the man be try to catch a football .,NUM NOUN NOUN NOUN VERB ADP ADP DET NOUN ADP DET ADJ NOUN ADP PRON PUNCT,DET NOUN AUX VERB PART VERB DET NOUN PUNCT
neutral,"A woman looking up towards a wide ring, she is holding over her head, a drink in her other hand.",The woman is shielding her eyes and holding a drink.,"a woman look up towards a wide ring , she be hold over her head , a drink in her other hand .",the woman be shield her eye and hold a drink .,DET NOUN VERB ADP ADP DET ADJ NOUN PUNCT PRON AUX VERB ADP PRON NOUN PUNCT DET NOUN ADP PRON ADJ NOUN PUNCT,DET NOUN AUX VERB PRON NOUN CCONJ VERB DET NOUN PUNCT
neutral,"A man, dressed in white, plays the piano and sings on stage.",A well dress man is giving a concert.,"a man , dress in white , play the piano and sing on stage .",a well dress man be give a concert .,DET NOUN PUNCT VERB ADP ADJ PUNCT VERB DET NOUN CCONJ NOUN ADP NOUN PUNCT,DET ADV NOUN NOUN AUX VERB DET NOUN PUNCT
neutral,A police officer is watching a marathon.,An officer of the law is making sure no one interferes with the marathon.,a police officer be watch a marathon .,an officer of the law be make sure no one interfere with the marathon .,DET NOUN NOUN AUX VERB DET NOUN PUNCT,DET NOUN ADP DET NOUN AUX VERB ADJ DET NOUN VERB ADP DET NOUN PUNCT
neutral,A person skis down a snowy hill.,A person skis poorly.,a person ski down a snowy hill .,a person ski poorly .,DET NOUN NOUN ADP DET PROPN NOUN PUNCT,DET NOUN NOUN ADV PUNCT
neutral,A young boy about to hit a ball with a baseball bat.,He likes to be the batter when he is playing baseball.,a young boy about to hit a ball with a baseball bat .,he like to be the batter when he be play baseball .,DET ADJ NOUN ADP PART VERB DET NOUN ADP DET NOUN NOUN PUNCT,PRON VERB PART AUX DET NOUN SCONJ PRON AUX VERB NOUN PUNCT
neutral,A man with the mark of heavy age checks his document thoroughly.,An old man checks his will for errors.,a man with the mark of heavy age check his document thoroughly .,an old man check his will for error .,DET NOUN ADP DET NOUN ADP ADJ NOUN VERB PRON NOUN ADV PUNCT,DET ADJ NOUN VERB PRON NOUN ADP NOUN PUNCT
neutral,The child stand on the seat of his trike in the park.,the child was trying to stand taller on his tricycle.,the child stand on the seat of his trike in the park .,the child be try to stand tall on his tricycle .,DET NOUN VERB ADP DET NOUN ADP PRON NOUN ADP DET NOUN PUNCT,DET NOUN AUX VERB PART VERB ADJ ADP PRON NOUN PUNCT
neutral,A group of motorcycle riders gather on a street.,A group of all female motorcycle riders are standing in the street.,a group of motorcycle rider gather on a street .,a group of all female motorcycle rider be stand in the street .,DET NOUN ADP NOUN NOUN VERB ADP DET NOUN PUNCT,DET NOUN ADP DET ADJ NOUN NOUN AUX VERB ADP DET NOUN PUNCT
neutral,Man in an orange blanket sleeps on the street.,The homeless man had one orange blanket.,man in an orange blanket sleep on the street .,the homeless man have one orange blanket .,NOUN ADP DET ADJ NOUN NOUN ADP DET NOUN PUNCT,DET ADJ NOUN AUX NUM NOUN NOUN PUNCT
neutral,A child is playing on a swing set.,The toddler with blond hair is swinging high in the air.,a child be play on a swing set .,the toddler with blond hair be swing high in the air .,DET NOUN AUX VERB ADP DET NOUN NOUN PUNCT,DET NOUN ADP ADJ NOUN AUX VERB ADV ADP DET NOUN PUNCT
neutral,A shirtless man in a blue hat and sunglasses runs waist-deep through a large body of water.,The man is in the ocean,a shirtless man in a blue hat and sunglass run waist - deep through a large body of water .,the man be in the ocean,DET NOUN NOUN ADP DET ADJ NOUN CCONJ NOUN VERB NOUN PUNCT ADV ADP DET ADJ NOUN ADP NOUN PUNCT,DET NOUN AUX ADP DET NOUN
neutral,Three men relaxing on a bench.,Men are rubbing each others shoulders while sitting on a bench.,three man relax on a bench .,man be rub each other shoulder while sit on a bench .,NUM NOUN VERB ADP DET NOUN PUNCT,NOUN AUX VERB DET NOUN NOUN SCONJ VERB ADP DET NOUN PUNCT
neutral,A man playing a handmade drum set in the snow trying to collect spare change.,The man is homeless.,a man play a handmade drum set in the snow try to collect spare change .,the man be homeless .,DET NOUN VERB DET ADJ NOUN NOUN ADP DET NOUN VERB PART VERB ADJ NOUN PUNCT,DET NOUN AUX ADJ PUNCT
neutral,"Two little girls are playing in their house, one is on the floor grinning evilly wearing pink pajamas and the younger one is standing over her wearing a hairnet and mask and purple pajamas.",The girls are trying to suprise each other.,"two little girl be play in their house , one be on the floor grin evilly wear pink pajama and the young one be stand over she wear a hairnet and mask and purple pajama .",the girl be try to suprise each other .,NUM ADJ NOUN AUX VERB ADP PRON NOUN PUNCT PRON AUX ADP DET NOUN VERB ADV VERB ADJ NOUN CCONJ DET ADJ NUM AUX VERB ADP PRON VERB DET NOUN CCONJ NOUN CCONJ ADJ NOUN PUNCT,DET NOUN AUX VERB PART VERB DET ADJ PUNCT
neutral,A young man poses for a pictures while standing in front of a pond.,He is having his graduation picture taken at the pond.,a young man pose for a picture while stand in front of a pond .,he be have his graduation picture take at the pond .,DET ADJ NOUN VERB ADP DET NOUN SCONJ VERB ADP NOUN ADP DET NOUN PUNCT,PRON AUX VERB PRON NOUN NOUN VERB ADP DET NOUN PUNCT
neutral,"Kite surfers are surfing in a shipping harbor on a clear windy day, in the background is a snowcapped mountain.",surfers show off for girls,"kite surfer be surf in a shipping harbor on a clear windy day , in the background be a snowcapped mountain .",surfer show off for girl,NOUN NOUN AUX VERB ADP DET NOUN NOUN ADP DET ADJ ADJ NOUN PUNCT ADP DET NOUN AUX DET ADJ NOUN PUNCT,NOUN VERB ADP ADP NOUN
neutral,A woman wearing sunglasses is laying her head on a backpack like a pillow.,A woman rests her head on her backpack.,a woman wear sunglass be lay her head on a backpack like a pillow .,a woman rest her head on her backpack .,DET NOUN VERB NOUN AUX VERB PRON NOUN ADP DET NOUN ADP DET NOUN PUNCT,DET NOUN VERB PRON NOUN ADP PRON NOUN PUNCT
neutral,"Musicians dressed in red and white shirts and khaki pants, performing at a sports arena.","A band is playing to a sold out crowd of 80,000 people.","musician dress in red and white shirt and khaki pant , perform at a sport arena .","a band be play to a sell out crowd of 80,000 people .",NOUN VERB ADP ADJ CCONJ ADJ NOUN CCONJ NOUN NOUN PUNCT VERB ADP DET NOUN NOUN PUNCT,DET NOUN AUX VERB ADP DET VERB ADP NOUN ADP NUM NOUN PUNCT
neutral,"Two football teams, one wearing yellow and green and the other white and black, grapple over the football while playing the game on a field.",The teams are playing in a bowl game.,"two football team , one wear yellow and green and the other white and black , grapple over the football while play the game on a field .",the team be play in a bowl game .,NUM NOUN NOUN PUNCT NUM VERB ADJ CCONJ ADJ CCONJ DET ADJ ADJ CCONJ ADJ PUNCT ADJ ADP DET NOUN SCONJ VERB DET NOUN ADP DET NOUN PUNCT,DET NOUN AUX VERB ADP DET NOUN NOUN PUNCT
neutral,A black and white dog with a chunk of snow it its mouth while walking on a snowy surface.,A dog is eating some snow.,a black and white dog with a chunk of snow it its mouth while walk on a snowy surface .,a dog be eat some snow .,DET ADJ CCONJ ADJ NOUN ADP DET NOUN ADP NOUN PRON PRON NOUN SCONJ VERB ADP DET ADJ NOUN PUNCT,DET NOUN AUX VERB DET NOUN PUNCT
neutral,Three children inspecting their disposable cameras.,children looking at their cameras trying to figure out how they work,three child inspect their disposable camera .,child look at their camera try to figure out how they work,NUM NOUN VERB PRON ADJ NOUN PUNCT,NOUN VERB ADP PRON NOUN VERB PART VERB ADP SCONJ PRON VERB
neutral,An old man holds up a small boy's hands as the child prepares to swim.,A grandfather spends time with his grandson.,an old man hold up a small boy 's hand as the child prepare to swim .,a grandfather spend time with his grandson .,DET ADJ NOUN VERB ADP DET ADJ NOUN PART NOUN ADP DET NOUN VERB PART VERB PUNCT,DET NOUN VERB NOUN ADP PRON NOUN PUNCT
neutral,A waiter displaying a fine meal to a customer.,The waiter lifts the lid off of the lobster to present it to the fine diners,a waiter display a fine meal to a customer .,the waiter lift the lid off of the lobster to present it to the fine diner,DET NOUN VERB DET ADJ NOUN ADP DET NOUN PUNCT,DET NOUN VERB DET NOUN ADP ADP DET NOUN PART VERB PRON ADP DET ADJ NOUN
neutral,A young man and woman are standing close together in a shadow in an alley.,Two people were hiding in the shadows down the dark alley.,a young man and woman be stand close together in a shadow in an alley .,two people be hide in the shadow down the dark alley .,DET ADJ NOUN CCONJ NOUN AUX VERB ADV ADV ADP DET NOUN ADP DET NOUN PUNCT,NUM NOUN AUX VERB ADP DET NOUN ADP DET ADJ NOUN PUNCT
neutral,A brown dog appears to be operating a computer.,A dog who enjoys posing for his master.,a brown dog appear to be operate a computer .,a dog who enjoy pose for his master .,DET ADJ NOUN VERB PART AUX VERB DET NOUN PUNCT,DET NOUN PRON VERB VERB ADP PRON NOUN PUNCT
neutral,A man in a red jacket is riding a white horse through a street.,A jockey parading a winning horse through town,a man in a red jacket be rid a white horse through a street .,a jockey parade a win horse through town,DET NOUN ADP DET ADJ NOUN AUX VERB DET ADJ NOUN ADP DET NOUN PUNCT,DET NOUN VERB DET VERB NOUN ADP NOUN
neutral,A man in a black shirt and cap playing piano.,A musician in a black shirt and tie is playing the piano.,a man in a black shirt and cap play piano .,a musician in a black shirt and tie be play the piano .,DET NOUN ADP DET ADJ NOUN CCONJ NOUN VERB NOUN PUNCT,DET NOUN ADP DET ADJ NOUN CCONJ NOUN AUX VERB DET NOUN PUNCT
neutral,A smiling child wearing a white t-shirt with stripes and skull and crossbones is swinging.,White is the child's favorite color.,a smile child wear a white t - shirt with stripe and skull and crossbone be swing .,white be the child 's favorite color .,DET VERB NOUN VERB DET ADJ NOUN PUNCT NOUN ADP NOUN CCONJ NOUN CCONJ NOUN AUX VERB PUNCT,PROPN AUX DET NOUN PART ADJ NOUN PUNCT
neutral,"Men with white t-shirt and jeans, struggling to pull a fishing rope.","Men with white t-shirt and jeans, and cowboy hats, struggling to pull a fishing rope.","man with white t - shirt and jean , struggle to pull a fishing rope .","man with white t - shirt and jean , and cowboy hat , struggle to pull a fishing rope .",NOUN ADP ADJ PROPN PUNCT NOUN CCONJ NOUN PUNCT VERB PART VERB DET NOUN NOUN PUNCT,NOUN ADP ADJ PROPN PUNCT NOUN CCONJ NOUN PUNCT CCONJ NOUN NOUN PUNCT VERB PART VERB DET NOUN NOUN PUNCT
neutral,The little boy with the brown hair and big glasses is in his kitchen trying his luck at science.,The little boy is practicing a chemistry experiment.,the little boy with the brown hair and big glass be in his kitchen try his luck at science .,the little boy be practice a chemistry experiment .,DET ADJ NOUN ADP DET ADJ NOUN CCONJ ADJ NOUN AUX ADP PRON NOUN VERB PRON NOUN ADP NOUN PUNCT,DET ADJ NOUN AUX VERB DET NOUN NOUN PUNCT
neutral,Two young men in a boat while one holds up a fish.,Two men are fishing for food.,two young man in a boat while one hold up a fish .,two man be fish for food .,NUM ADJ NOUN ADP DET NOUN SCONJ PRON VERB ADP DET NOUN PUNCT,NUM NOUN AUX VERB ADP NOUN PUNCT
neutral,"At an open-air market stacked with colorful pet supplies, two men in jeans squatted down, peering at the puppy pressed up outside the cage filled with its litter mates.",The men are feeding treats to a Golden retriever puppy.,"at an open - air market stack with colorful pet supply , two man in jean squat down , peer at the puppy press up outside the cage fill with its litter mate .",the man be feed treat to a golden retriever puppy .,ADP DET ADJ PUNCT NOUN NOUN VERB ADP ADJ ADJ NOUN PUNCT NUM NOUN ADP NOUN VERB ADV PUNCT VERB ADP DET NOUN VERB ADP ADP DET NOUN VERB ADP PRON NOUN NOUN PUNCT,DET NOUN AUX VERB NOUN ADP DET PROPN ADJ NOUN PUNCT
neutral,A man in a costume sitting on a bench.,A man in a clown costume sits on a bench.,a man in a costume sit on a bench .,a man in a clown costume sit on a bench .,DET NOUN ADP DET NOUN VERB ADP DET NOUN PUNCT,DET NOUN ADP DET NOUN NOUN VERB ADP DET NOUN PUNCT
neutral,A motorcycle race on a racetrack.,A self-driving motorcycle race on a racetrack,a motorcycle race on a racetrack .,a self - drive motorcycle race on a racetrack,DET NOUN NOUN ADP DET NOUN PUNCT,DET NOUN PUNCT VERB NOUN NOUN ADP DET NOUN
neutral,A man play an instrument surrounded my other men.,The man is playing the flute.,a man play an instrument surround my other man .,the man be play the flute .,DET NOUN VERB DET NOUN VERB PRON ADJ NOUN PUNCT,DET NOUN AUX VERB DET NOUN PUNCT
neutral,A little blond girl digging in the sand with a green shovel and bucket.,A child playing at making a sand castle.,a little blond girl dig in the sand with a green shovel and bucket .,a child play at make a sand castle .,DET ADJ ADJ NOUN VERB ADP DET NOUN ADP DET ADJ NOUN CCONJ NOUN PUNCT,DET NOUN VERB ADP VERB DET NOUN NOUN PUNCT
neutral,Two men yellow are fishing from a small red box.,A father and son sit on a box fishing.,two man yellow be fish from a small red box .,a father and son sit on a box fishing .,NUM NOUN VERB AUX VERB ADP DET ADJ ADJ NOUN PUNCT,DET NOUN CCONJ NOUN VERB ADP DET NOUN NOUN PUNCT
neutral,A woman in blue shorts and a red and white striped shirt throws a soccer ball out onto a green field with players on it.,Some people are playing soccer.,a woman in blue short and a red and white striped shirt throw a soccer ball out onto a green field with player on it .,some people be play soccer .,DET NOUN ADP ADJ NOUN CCONJ DET ADJ CCONJ ADJ ADJ NOUN VERB DET NOUN NOUN ADP ADP DET ADJ NOUN ADP NOUN ADP PRON PUNCT,DET NOUN AUX VERB NOUN PUNCT
neutral,A gang fight on a farm in a movie scene.,The gang fight in the movie is based on a true story.,a gang fight on a farm in a movie scene .,the gang fight in the movie be base on a true story .,DET NOUN NOUN ADP DET NOUN ADP DET NOUN NOUN PUNCT,DET NOUN NOUN ADP DET NOUN AUX VERB ADP DET ADJ NOUN PUNCT
neutral,A soldier dressed in combat gear scales a wall to join his fellow comrades on the other side.,The soldiers are at basic training.,a soldier dress in combat gear scale a wall to join his fellow comrade on the other side .,the soldier be at basic training .,DET NOUN VERB ADP NOUN NOUN VERB DET NOUN PART VERB PRON ADJ NOUN ADP DET ADJ NOUN PUNCT,DET NOUN AUX ADP ADJ NOUN PUNCT
neutral,The wood used for the seat portion of the bench is comprised of different colored slats.,The different slats are from different types of wood.,the wood use for the seat portion of the bench be comprise of different colored slat .,the different slat be from different type of wood .,DET NOUN VERB ADP DET NOUN NOUN ADP DET NOUN AUX VERB ADP ADJ ADJ NOUN PUNCT,DET ADJ NOUN AUX ADP ADJ NOUN ADP NOUN PUNCT
neutral,A crowd of people are at a supermarket.,The people are there to buy something at the supermarket.,a crowd of people be at a supermarket .,the people be there to buy something at the supermarket .,DET NOUN ADP NOUN AUX ADP DET NOUN PUNCT,DET NOUN AUX ADV PART VERB PRON ADP DET NOUN PUNCT
neutral,A middle-aged man is enjoying a game of table tennis.,There is a few middle-aged men enjoying a game of table tennis.,a middle - aged man be enjoy a game of table tennis .,there be a few middle - aged man enjoy a game of table tennis .,DET ADJ PUNCT ADJ NOUN AUX VERB DET NOUN ADP NOUN NOUN PUNCT,PRON AUX DET ADJ ADJ PUNCT ADJ NOUN VERB DET NOUN ADP NOUN NOUN PUNCT
neutral,A dirt floor gets swept by one white and one black woman.,the floor is small,a dirt floor get sweep by one white and one black woman .,the floor be small,DET NOUN NOUN VERB VERB ADP NUM ADJ CCONJ NUM ADJ NOUN PUNCT,DET NOUN AUX ADJ
neutral,Two blonds show their Canadian pride.,Two women have Canadian flags painted on their faces.,two blond show their canadian pride .,two woman have canadian flag paint on their face .,NUM NOUN VERB PRON ADJ NOUN PUNCT,NUM NOUN AUX ADJ NOUN VERB ADP PRON NOUN PUNCT
neutral,A hiker uses metal walking sticks to hike up a snowy mountain.,A hiker uses metal walking sticks to hike up a snowy mountain in order to summit.,a hiker use metal walking stick to hike up a snowy mountain .,a hiker use metal walking stick to hike up a snowy mountain in order to summit .,DET NOUN VERB NOUN NOUN NOUN PART VERB ADP DET ADJ NOUN PUNCT,DET NOUN VERB NOUN NOUN NOUN PART VERB ADP DET ADJ NOUN ADP NOUN PART VERB PUNCT
neutral,A young boy runs towards a wall that's been littered with graffiti.,A young boy runs to a wall covered in graffiti with chalk.,a young boy run towards a wall that be be litter with graffiti .,a young boy run to a wall cover in graffiti with chalk .,DET ADJ NOUN VERB ADP DET NOUN PRON AUX AUX VERB ADP PROPN PUNCT,DET ADJ NOUN VERB ADP DET NOUN VERB ADP PROPN ADP NOUN PUNCT
neutral,Two children paddle in a raft down a river.,Two children paddle in a raft down a beautiful river.,two child paddle in a raft down a river .,two child paddle in a raft down a beautiful river .,NUM NOUN VERB ADP DET NOUN ADP DET NOUN PUNCT,NUM NOUN VERB ADP DET NOUN ADP DET ADJ NOUN PUNCT
neutral,"Two opponents, one in blue and one in white, are sparring.",Two men sparring.,"two opponent , one in blue and one in white , be spar .",two man spar .,NUM NOUN PUNCT NUM ADP NOUN CCONJ NUM ADP ADJ PUNCT AUX VERB PUNCT,NUM NOUN VERB PUNCT
neutral,"A young boy in a red, white, and blue jacket and blue shorts pulls a wagon in a garden.",the wagon is red,"a young boy in a red , white , and blue jacket and blue short pull a wagon in a garden .",the wagon be red,DET ADJ NOUN ADP DET ADJ PUNCT ADJ PUNCT CCONJ ADJ NOUN CCONJ ADJ NOUN VERB DET NOUN ADP DET NOUN PUNCT,DET NOUN AUX ADJ
neutral,This is beautiful evening with the river and the setting sun.,The sun is setting on the horizon and fish jump out of a river.,this be beautiful evening with the river and the set sun .,the sun be set on the horizon and fish jump out of a river .,DET AUX ADJ NOUN ADP DET NOUN CCONJ DET VERB NOUN PUNCT,DET NOUN AUX VERB ADP DET NOUN CCONJ NOUN VERB ADP ADP DET NOUN PUNCT
neutral,A guy with a red shirt and black apron on working standing with his hand in a shopping cart.,The guy is at the store.,a guy with a red shirt and black apron on work stand with his hand in a shopping cart .,the guy be at the store .,DET NOUN ADP DET ADJ NOUN CCONJ ADJ NOUN ADP VERB VERB ADP PRON NOUN ADP DET NOUN NOUN PUNCT,DET NOUN AUX ADP DET NOUN PUNCT
neutral,There is two people riding in a cart being pulled by a man outside on the road.,They are on a romantic date.,there be two people rid in a cart be pull by a man outside on the road .,they be on a romantic date .,PRON AUX NUM NOUN VERB ADP DET NOUN AUX VERB ADP DET NOUN ADV ADP DET NOUN PUNCT,PRON AUX ADP DET ADJ NOUN PUNCT
neutral,A group of people working on stills next to a large building while being watched.,Men are being watched.,a group of people work on still next to a large building while be watch .,man be be watch .,DET NOUN ADP NOUN VERB ADP NOUN ADV ADP DET ADJ NOUN SCONJ AUX VERB PUNCT,NOUN AUX AUX VERB PUNCT
neutral,A woman and man are talking while another woman leans on her car biting her nails.,A woman and man are talking while another woman leans on her car biting her nails until they bleed.,a woman and man be talk while another woman lean on her car bite her nail .,a woman and man be talk while another woman lean on her car bite her nail until they bleed .,DET NOUN CCONJ NOUN AUX VERB SCONJ DET NOUN VERB ADP PRON NOUN VERB PRON NOUN PUNCT,DET NOUN CCONJ NOUN AUX VERB SCONJ DET NOUN VERB ADP PRON NOUN VERB PRON NOUN ADP PRON VERB PUNCT
neutral,An inflatable rock climbing obstacle is scaled by a person wearing a white helmet.,a man competes in a climbing game,an inflatable rock climbing obstacle be scale by a person wear a white helmet .,a man compete in a climbing game,DET ADJ NOUN NOUN NOUN AUX VERB ADP DET NOUN VERB DET ADJ NOUN PUNCT,DET NOUN VERB ADP DET NOUN NOUN
neutral,Three boys racing against each other on the track.,Three boys racing against each other on the race car track.,three boy race against each other on the track .,three boy race against each other on the race car track .,NUM NOUN VERB ADP DET ADJ ADP DET NOUN PUNCT,NUM NOUN VERB ADP DET ADJ ADP DET NOUN NOUN NOUN PUNCT
neutral,Man in bright yellow vest displays bicycle safety information on street.,The men are crossing guards.,man in bright yellow vest display bicycle safety information on street .,the man be cross guard .,NOUN ADP ADJ ADJ ADJ NOUN NOUN NOUN NOUN ADP NOUN PUNCT,DET NOUN AUX VERB NOUN PUNCT
neutral,A skateboarder with a red hat and green shirt sitting on a skateboard watching other skaters.,The skateboarder is in a competition.,a skateboarder with a red hat and green shirt sit on a skateboard watch other skater .,the skateboarder be in a competition .,DET NOUN ADP DET ADJ NOUN CCONJ ADJ NOUN VERB ADP DET NOUN VERB ADJ NOUN PUNCT,DET NOUN AUX ADP DET NOUN PUNCT
neutral,A boy in a white shirt is sitting in a chair at a fruit stand.,A boy hopes to sell fruit to pay for college,a boy in a white shirt be sit in a chair at a fruit stand .,a boy hop to sell fruit to pay for college,DET NOUN ADP DET ADJ NOUN AUX VERB ADP DET NOUN ADP DET NOUN NOUN PUNCT,DET NOUN VERB PART VERB NOUN PART VERB ADP NOUN
neutral,A shirtless man and a woman sitting on a dock.,A man fishing while sitting on a dock.,a shirtless man and a woman sit on a dock .,a man fish while sit on a dock .,DET NOUN NOUN CCONJ DET NOUN VERB ADP DET NOUN PUNCT,DET NOUN VERB SCONJ VERB ADP DET NOUN PUNCT
neutral,A white motorcycle is being jumped in the air by a person in a white outfit and crash helmet.,It is happening on the road.,a white motorcycle be be jump in the air by a person in a white outfit and crash helmet .,it be happen on the road .,DET ADJ NOUN AUX AUX VERB ADP DET NOUN ADP DET NOUN ADP DET ADJ NOUN CCONJ NOUN NOUN PUNCT,PRON AUX VERB ADP DET NOUN PUNCT
neutral,a man with a tall glass of water sitting at a table looking at his phone at a eating place.,The man is sitting outdoors.,a man with a tall glass of water sit at a table look at his phone at a eat place .,the man be sit outdoors .,DET NOUN ADP DET ADJ NOUN ADP NOUN VERB ADP DET NOUN VERB ADP PRON NOUN ADP DET VERB NOUN PUNCT,DET NOUN AUX VERB ADV PUNCT
neutral,Two men wear silly stove pipe hats and wear makeup.,Two friends get ready for a cosplay party.,two man wear silly stove pipe hat and wear makeup .,two friend get ready for a cosplay party .,NUM NOUN VERB ADJ NOUN NOUN NOUN CCONJ VERB NOUN PUNCT,NUM NOUN VERB ADJ ADP DET NOUN NOUN PUNCT
neutral,A guy is riding his bike next to a brick building with bright blue doors.,A man is riding his bike to work.,a guy be rid his bike next to a brick building with bright blue door .,a man be rid his bike to work .,DET NOUN AUX VERB PRON NOUN ADV ADP DET NOUN NOUN ADP ADJ ADJ NOUN PUNCT,DET NOUN AUX VERB PRON NOUN PART VERB PUNCT
neutral,"A figure in green and black clothes poses for the camera while hoisting a sword-like object and camera, partially obscured by weeds in a snowy, outdoor, rural setting.",A figure poses for the camera while holding a sword-like object made by their uncle outdoors.,"a figure in green and black clothe pose for the camera while hoist a sword - like object and camera , partially obscure by weed in a snowy , outdoor , rural setting .",a figure pose for the camera while hold a sword - like object make by their uncle outdoors .,DET NOUN ADP ADJ CCONJ ADJ NOUN VERB ADP DET NOUN SCONJ VERB DET NOUN PUNCT ADJ NOUN CCONJ NOUN PUNCT ADV VERB ADP NOUN ADP DET ADJ PUNCT ADJ PUNCT ADJ NOUN PUNCT,DET NOUN VERB ADP DET NOUN SCONJ VERB DET NOUN PUNCT ADJ NOUN VERB ADP PRON NOUN ADV PUNCT
neutral,Two girls are walking along the street and talking.,These girls are childhood friends.,two girl be walk along the street and talk .,these girl be childhood friend .,NUM NOUN AUX VERB ADP DET NOUN CCONJ VERB PUNCT,DET NOUN AUX NOUN NOUN PUNCT
neutral,Musician in cowboy hat playing an electric guitar and singing into a microphone.,a man is singing a song to his girlfriend,musician in cowboy hat play an electric guitar and sing into a microphone .,a man be sing a song to his girlfriend,PROPN ADP NOUN NOUN VERB DET ADJ NOUN CCONJ VERB ADP DET NOUN PUNCT,DET NOUN AUX VERB DET NOUN ADP PRON NOUN
neutral,A teppanyaki chef prepares dinner for restaurant guests.,A teppanyaki chef prepares a specal meal for guests that are celebrating graduation.,a teppanyaki chef prepare dinner for restaurant guest .,a teppanyaki chef prepare a specal meal for guest that be celebrate graduation .,DET NOUN NOUN VERB NOUN ADP NOUN NOUN PUNCT,DET NOUN NOUN VERB DET ADJ NOUN ADP NOUN PRON AUX VERB NOUN PUNCT
neutral,Someone in a yellow hat is sitting next to two fishing poles.,The fishing poles belong to the perosn.,someone in a yellow hat be sit next to two fishing pole .,the fishing pole belong to the perosn .,PRON ADP DET ADJ NOUN AUX VERB ADV ADP NUM NOUN NOUN PUNCT,DET NOUN NOUN VERB ADP DET NOUN PUNCT
neutral,Man on skis looking at artwork for sale in the snow,"A man is skiing down the street and notices a street fair, with art for sale.",man on ski look at artwork for sale in the snow,"a man be ski down the street and notice a street fair , with art for sale .",NOUN ADP NOUN VERB ADP NOUN ADP NOUN ADP DET NOUN,DET NOUN AUX VERB ADP DET NOUN CCONJ VERB DET NOUN ADJ PUNCT ADP NOUN ADP NOUN PUNCT
neutral,Five men and a woman sit around a coffee table conversing while one man writes in a notebook.,A group is planing a bank heist at a coffee table while a undercover office write notes in a notebook.,five man and a woman sit around a coffee table converse while one man write in a notebook .,a group be plan a bank heist at a coffee table while a undercover office write note in a notebook .,NUM NOUN CCONJ DET NOUN VERB ADP DET NOUN NOUN VERB SCONJ NUM NOUN VERB ADP DET NOUN PUNCT,DET NOUN AUX VERB DET NOUN NOUN ADP DET NOUN NOUN SCONJ DET ADJ NOUN VERB NOUN ADP DET NOUN PUNCT
neutral,A man in a blue jumpsuit stands next to a red van pulling a trailer.,A man and his friends stand next to a red van as they hitch for their next ride.,a man in a blue jumpsuit stand next to a red van pull a trailer .,a man and his friend stand next to a red van as they hitch for their next ride .,DET NOUN ADP DET ADJ NOUN VERB ADV ADP DET ADJ NOUN VERB DET NOUN PUNCT,DET NOUN CCONJ PRON NOUN VERB ADV ADP DET ADJ PROPN ADP PRON VERB ADP PRON ADJ NOUN PUNCT
neutral,A woman with a red shirt making snow cones.,A woman making snow cones with cherry syrup.,a woman with a red shirt make snow cone .,a woman make snow cone with cherry syrup .,DET NOUN ADP DET ADJ NOUN VERB NOUN NOUN PUNCT,DET NOUN VERB NOUN NOUN ADP NOUN NOUN PUNCT
neutral,Football players in uniform embrace one another.,Football players embrace one another while crying.,football player in uniform embrace one another .,football player embrace one another while cry .,NOUN NOUN ADP NOUN VERB NUM DET PUNCT,NOUN NOUN VERB NUM DET SCONJ VERB PUNCT
neutral,"There are three men walking pass The Odeon, one of them is wearing a black bookbag and the others has a white bad in their hands.",The men are students.,"there be three man walk pass the odeon , one of they be wear a black bookbag and the other have a white bad in their hand .",the man be student .,PRON AUX NUM NOUN VERB VERB DET PROPN PUNCT NUM ADP PRON AUX VERB DET ADJ NOUN CCONJ DET NOUN AUX DET ADJ ADJ ADP PRON NOUN PUNCT,DET NOUN AUX NOUN PUNCT
neutral,A white dog with a blue collar runs while carrying a yellow toy.,A dog is playing fetch with it's owner.,a white dog with a blue collar run while carry a yellow toy .,a dog be play fetch with it 's owner .,DET ADJ NOUN ADP DET ADJ NOUN NOUN SCONJ VERB DET ADJ NOUN PUNCT,DET NOUN AUX VERB NOUN ADP PRON PART NOUN PUNCT
neutral,Lifeguards gather at the Beach Patrol station.,lifeguards have an emergency,lifeguard gather at the beach patrol station .,lifeguard have an emergency,NOUN VERB ADP DET PROPN PROPN NOUN PUNCT,NOUN AUX DET NOUN
neutral,A lady holding a microphone standing on a stage.,A lady is getting ready to sing.,a lady hold a microphone stand on a stage .,a lady be get ready to sing .,DET NOUN VERB DET NOUN VERB ADP DET NOUN PUNCT,DET NOUN AUX VERB ADJ PART VERB PUNCT
neutral,A woman out to dinner and drinks laughs hysterically while her friend uses her cellphone.,A woman is laughing at her friend.,a woman out to dinner and drink laugh hysterically while her friend use her cellphone .,a woman be laugh at her friend .,DET NOUN ADP ADP NOUN CCONJ NOUN VERB ADV SCONJ PRON NOUN VERB PRON NOUN PUNCT,DET NOUN AUX VERB ADP PRON NOUN PUNCT
neutral,A boy hangs onto straps on a train.,the boy is ten years old,a boy hang onto strap on a train .,the boy be ten year old,DET NOUN VERB ADP NOUN ADP DET NOUN PUNCT,DET NOUN AUX NUM NOUN ADJ
neutral,A man with work clothes on standing on the back of a truck.,The farmer is just about to jump off his truck to start his work day.,a man with work clothe on stand on the back of a truck .,the farmer be just about to jump off his truck to start his work day .,DET NOUN ADP NOUN NOUN ADP VERB ADP DET NOUN ADP DET NOUN PUNCT,DET NOUN AUX ADV ADJ PART VERB ADP PRON NOUN PART VERB PRON NOUN NOUN PUNCT
neutral,A man smoking a cigarette is walking his dog next to a lady wearing a blue striped jacket.,A man taking a smoke break outside with his lady friend,a man smoke a cigarette be walk his dog next to a lady wear a blue striped jacket .,a man take a smoke break outside with his lady friend,DET NOUN VERB DET NOUN AUX VERB PRON NOUN ADV ADP DET NOUN VERB DET ADJ ADJ NOUN PUNCT,DET NOUN VERB DET NOUN NOUN ADV ADP PRON NOUN NOUN
neutral,Two race cars swing around the corner of a racetrack with advertisements and spectators behind.,Two race cars are vying for the lead in a race,two race car swing around the corner of a racetrack with advertisement and spectator behind .,two race car be vie for the lead in a race,NUM NOUN NOUN VERB ADP DET NOUN ADP DET NOUN ADP NOUN CCONJ NOUN ADV PUNCT,NUM NOUN NOUN AUX VERB ADP DET NOUN ADP DET NOUN
neutral,White-haired man in black hat and coat sitting against brick wall.,A homeless man sitting near a wall.,white - haired man in black hat and coat sit against brick wall .,a homeless man sit near a wall .,ADJ PUNCT ADJ NOUN ADP ADJ NOUN CCONJ NOUN VERB ADP NOUN NOUN PUNCT,DET ADJ NOUN VERB ADP DET NOUN PUNCT
neutral,a female hiker is looking at the view of some mountains.,A female hiker is disappointed with the view of these particular mountains.,a female hiker be look at the view of some mountain .,a female hiker be disappoint with the view of these particular mountain .,DET ADJ NOUN AUX VERB ADP DET NOUN ADP DET NOUN PUNCT,DET ADJ NOUN AUX VERB ADP DET NOUN ADP DET ADJ NOUN PUNCT
neutral,"A big, furry, black dog is on a blue leash and is coming out of the water.",The dog is in the river.,"a big , furry , black dog be on a blue leash and be come out of the water .",the dog be in the river .,DET ADJ PUNCT NOUN PUNCT ADJ NOUN AUX ADP DET ADJ NOUN CCONJ AUX VERB ADP ADP DET NOUN PUNCT,DET NOUN AUX ADP DET NOUN PUNCT
neutral,A young man and woman sitting on a bench outside are kissing.,A young man and woman are kissing each others hands.,a young man and woman sit on a bench outside be kiss .,a young man and woman be kiss each other hand .,DET ADJ NOUN CCONJ NOUN VERB ADP DET NOUN ADV AUX VERB PUNCT,DET ADJ NOUN CCONJ NOUN AUX VERB DET NOUN VERB PUNCT
neutral,A team mascot raising its hands toward people.,The mascot is waving at the people.,a team mascot raise its hand toward people .,the mascot be wave at the people .,DET NOUN NOUN VERB PRON NOUN ADP NOUN PUNCT,DET NOUN AUX VERB ADP DET NOUN PUNCT
neutral,Two young ladies are sitting on a small be in skimpy dresses.,two women sit in short dresses trying to attract men,two young lady be sit on a small be in skimpy dress .,two woman sit in short dress try to attract man,NUM ADJ NOUN AUX VERB ADP DET ADJ AUX ADP ADJ NOUN PUNCT,NUM NOUN VERB ADP ADJ NOUN VERB PART VERB NOUN
neutral,newly married couple having their first kiss.,Newlyweds kiss in front of the church.,newly married couple have their first kiss .,newlywed kiss in front of the church .,ADV ADJ NOUN VERB PRON ADJ NOUN PUNCT,NOUN VERB ADP NOUN ADP DET NOUN PUNCT
neutral,The man in the denim outfit walks a black and tan dog on a crosswalk.,The man is Jay Leno.,the man in the denim outfit walk a black and tan dog on a crosswalk .,the man be jay leno .,DET NOUN ADP DET PROPN NOUN VERB DET ADJ CCONJ ADJ NOUN ADP DET NOUN PUNCT,DET NOUN AUX PROPN PROPN PUNCT
neutral,A woman on a computer at a desk.,Woman working at her office on her computer.,a woman on a computer at a desk .,woman work at her office on her computer .,DET NOUN ADP DET NOUN ADP DET NOUN PUNCT,NOUN VERB ADP PRON NOUN ADP PRON NOUN PUNCT
neutral,A black dog is holding a white object in its teeth.,A dog is playing fetch.,a black dog be hold a white object in its tooth .,a dog be play fetch .,DET ADJ NOUN AUX VERB DET ADJ NOUN ADP PRON NOUN PUNCT,DET NOUN AUX VERB NOUN PUNCT
neutral,A man with stretched earlobes wearing a black hat stands in front of a display of food for sale.,A man with earlobes sells products by a display,a man with stretch earlobe wear a black hat stand in front of a display of food for sale .,a man with earlobe sell product by a display,DET NOUN ADP VERB NOUN VERB DET ADJ NOUN VERB ADP NOUN ADP DET NOUN ADP NOUN ADP NOUN PUNCT,DET NOUN ADP NOUN VERB NOUN ADP DET NOUN
neutral,A lady holding a baby in a kitchen.,A mother holding her baby in the kitchen.,a lady hold a baby in a kitchen .,a mother hold her baby in the kitchen .,DET NOUN VERB DET NOUN ADP DET NOUN PUNCT,DET NOUN VERB PRON NOUN ADP DET NOUN PUNCT
neutral,Three sisters on a beach overlooking the ocean in pink dresses.,The sisters are all wearing the same dresses.,three sister on a beach overlook the ocean in pink dress .,the sister be all wear the same dress .,NUM NOUN ADP DET NOUN VERB DET NOUN ADP ADJ NOUN PUNCT,DET NOUN AUX DET VERB DET ADJ NOUN PUNCT
neutral,Two nurses are looking at a cart of supplies.,Nurses drive cars to work.,two nurse be look at a cart of supply .,nurse drive car to work .,NUM NOUN AUX VERB ADP DET NOUN ADP NOUN PUNCT,NOUN VERB NOUN PART VERB PUNCT
neutral,"Two boys with blue and white shirts are in a competition, while children in green shirts watch.",The teams get a few minutes to practice independently before the game.,"two boy with blue and white shirt be in a competition , while child in green shirt watch .",the team get a few minute to practice independently before the game .,NUM NOUN ADP ADJ CCONJ ADJ NOUN AUX ADP DET NOUN PUNCT SCONJ NOUN ADP ADJ NOUN VERB PUNCT,DET NOUN VERB DET ADJ NOUN PART VERB ADV ADP DET NOUN PUNCT
neutral,The woman helps her child as the men sit and lay on the bench.,The lazy father and his brothers do nothing while the mother does all the parenting.,the woman help her child as the man sit and lie on the bench .,the lazy father and his brother do nothing while the mother do all the parenting .,DET NOUN VERB PRON NOUN ADP DET NOUN VERB CCONJ VERB ADP DET NOUN PUNCT,DET ADJ NOUN CCONJ PRON NOUN AUX PRON SCONJ DET NOUN AUX DET DET NOUN PUNCT
neutral,People riding on motorcycles in front of trees.,People on motorcycles in front of trees.,people rid on motorcycle in front of tree .,people on motorcycle in front of tree .,NOUN VERB ADP NOUN ADP NOUN ADP NOUN PUNCT,NOUN ADP NOUN ADP NOUN ADP NOUN PUNCT
neutral,Three guys are seen in the middle of the act of jumping forward in a yard.,Three guys jump to see who can jump farther.,three guy be see in the middle of the act of jump forward in a yard .,three guy jump to see who can jump far .,NUM NOUN AUX VERB ADP DET NOUN ADP DET NOUN ADP VERB ADV ADP DET NOUN PUNCT,NUM NOUN VERB PART VERB PRON AUX VERB ADV PUNCT
neutral,A person is attempting to pick up a spare while bowling.,The bowler eyes the seven-ten split and hopes the ball will hit both pins.,a person be attempt to pick up a spare while bowl .,the bowler eye the seven - ten split and hop the ball will hit both pin .,DET NOUN AUX VERB PART VERB ADP DET NOUN SCONJ VERB PUNCT,DET NOUN VERB DET NUM PUNCT NUM NOUN CCONJ VERB DET NOUN AUX VERB DET NOUN PUNCT
neutral,A little boy crying on an old man's lap as the old man holds a present.,"Young Timmy is upset about his birthday, and his grandfather is trying to cheer him up with a present.",a little boy cry on an old man 's lap as the old man hold a present .,"young timmy be upset about his birthday , and his grandfather be try to cheer he up with a present .",DET ADJ NOUN VERB ADP DET ADJ NOUN PART NOUN ADP DET ADJ NOUN VERB DET NOUN PUNCT,PROPN PROPN AUX ADJ ADP PRON NOUN PUNCT CCONJ PRON NOUN AUX VERB PART VERB PRON ADP ADP DET NOUN PUNCT
neutral,A fluffy white and brown dog is jumping over an obstacle and holding a tennis ball in its mouth.,The white and brown dog is performing an obstacle course.,a fluffy white and brown dog be jump over an obstacle and hold a tennis ball in its mouth .,the white and brown dog be perform an obstacle course .,DET ADJ ADJ CCONJ ADJ NOUN AUX VERB ADP DET NOUN CCONJ VERB DET NOUN NOUN ADP PRON NOUN PUNCT,DET ADJ CCONJ ADJ NOUN AUX VERB DET NOUN NOUN PUNCT
neutral,A small dog stands in a street with five vehicles in the background.,A small dog stops traffic,a small dog stand in a street with five vehicle in the background .,a small dog stop traffic,DET ADJ NOUN VERB ADP DET NOUN ADP NUM NOUN ADP DET NOUN PUNCT,DET ADJ NOUN VERB NOUN
neutral,Two Asian women sit on a bench eating lunch while a white woman in a navy shirt walks by and checks out a promotional table.,The three women are all on their lunchbreak.,two asian woman sit on a bench eat lunch while a white woman in a navy shirt walk by and check out a promotional table .,the three woman be all on their lunchbreak .,NUM ADJ NOUN VERB ADP DET NOUN VERB NOUN SCONJ DET ADJ NOUN ADP DET PROPN NOUN VERB ADV CCONJ VERB ADP DET ADJ NOUN PUNCT,DET NUM NOUN AUX ADV ADP PRON NOUN PUNCT
neutral,A man in a suit is speaking at a lectern.,The man is moderating a panel.,a man in a suit be speak at a lectern .,the man be moderate a panel .,DET NOUN ADP DET NOUN AUX VERB ADP DET NOUN PUNCT,DET NOUN AUX VERB DET NOUN PUNCT
neutral,Three men talk together while walking through a parking lot.,Three men in suits walk.,three man talk together while walk through a parking lot .,three man in suit walk .,NUM NOUN VERB ADV SCONJ VERB ADP DET NOUN NOUN PUNCT,NUM NOUN ADP NOUN VERB PUNCT
neutral,"A child, roughly ten years old, playing a video game on an old style computer.",The child is playing mario brothers.,"a child , roughly ten year old , play a video game on an old style computer .",the child be play mario brother .,DET NOUN PUNCT ADV NUM NOUN ADJ PUNCT VERB DET NOUN NOUN ADP DET ADJ NOUN NOUN PUNCT,DET NOUN AUX VERB NOUN NOUN PUNCT
neutral,A woman in a brown shirt is singing into two microphones.,Both of the microphones are set at a low volume.,a woman in a brown shirt be sing into two microphone .,both of the microphone be set at a low volume .,DET NOUN ADP DET ADJ NOUN AUX VERB ADP NUM NOUN PUNCT,DET ADP DET NOUN AUX VERB ADP DET ADJ NOUN PUNCT
neutral,A white girl and a black woman pose with a person dressed in a spacesuit.,Two woman are being photographed with a famous astronaut.,a white girl and a black woman pose with a person dress in a spacesuit .,two woman be be photograph with a famous astronaut .,DET ADJ NOUN CCONJ DET ADJ NOUN VERB ADP DET NOUN VERB ADP DET NOUN PUNCT,NUM NOUN AUX AUX VERB ADP DET ADJ NOUN PUNCT
neutral,Three women in matching black and yellow dresses and a woman with orange hair.,Three friends decide to wear matching outfits and meet an acquaintance while out.,three woman in match black and yellow dress and a woman with orange hair .,three friend decide to wear matching outfit and meet an acquaintance while out .,NUM NOUN ADP VERB ADJ CCONJ ADJ NOUN CCONJ DET NOUN ADP PROPN NOUN PUNCT,NUM NOUN VERB PART VERB ADJ NOUN CCONJ VERB DET NOUN SCONJ ADV PUNCT
neutral,A little boy stands in the surf.,The boy is a surfer,a little boy stand in the surf .,the boy be a surfer,DET ADJ NOUN VERB ADP DET NOUN PUNCT,DET NOUN AUX DET NOUN
neutral,A female singer performs with her guitar.,Woman playing guitar and singing at a concert.,a female singer perform with her guitar .,woman play guitar and sing at a concert .,DET ADJ NOUN VERB ADP PRON NOUN PUNCT,NOUN VERB NOUN CCONJ VERB ADP DET NOUN PUNCT
neutral,"A band performs on a stage in front of wall-sized posters, including two guitarists, a singer, a drummer, and a keyboardist, while one attender takes a picture using a mobile camera from the far bottom left.",A group of friends performs in a band for a charitable event.,"a band perform on a stage in front of wall - sized poster , include two guitarist , a singer , a drummer , and a keyboardist , while one attender take a picture use a mobile camera from the far bottom left .",a group of friend perform in a band for a charitable event .,DET NOUN VERB ADP DET NOUN ADP NOUN ADP NOUN PUNCT ADJ NOUN PUNCT VERB NUM NOUN PUNCT DET NOUN PUNCT DET NOUN PUNCT CCONJ DET NOUN PUNCT SCONJ NUM NOUN VERB DET NOUN VERB DET ADJ NOUN ADP DET ADJ NOUN ADJ PUNCT,DET NOUN ADP NOUN VERB ADP DET NOUN ADP DET ADJ NOUN PUNCT
neutral,A woman cyclist in a shirt wearing a bike helmet waits with a child passenger at a stop with another woman cyclist wearing a blue shirt and black pants.,The women cyclists needed a water break.,a woman cyclist in a shirt wear a bike helmet wait with a child passenger at a stop with another woman cyclist wear a blue shirt and black pant .,the woman cyclist need a water break .,DET NOUN NOUN ADP DET NOUN VERB DET NOUN NOUN NOUN ADP DET NOUN NOUN ADP DET NOUN ADP DET NOUN NOUN VERB DET ADJ NOUN CCONJ ADJ NOUN PUNCT,DET NOUN NOUN VERB DET NOUN NOUN PUNCT
neutral,A young couple holding hands.,A young couple in love.,a young couple hold hand .,a young couple in love .,DET ADJ NOUN VERB NOUN PUNCT,DET ADJ NOUN ADP NOUN PUNCT
neutral,A man and woman are looking at something.,They are a couple.,a man and woman be look at something .,they be a couple .,DET NOUN CCONJ NOUN AUX VERB ADP PRON PUNCT,PRON AUX DET NOUN PUNCT
neutral,Two older ladies are sitting at a bench as a gentleman walks past them from behind.,There are people at a park.,two old lady be sit at a bench as a gentleman walk past they from behind .,there be people at a park .,NUM ADJ NOUN AUX VERB ADP DET NOUN ADP DET NOUN VERB ADP PRON ADP ADV PUNCT,PRON AUX NOUN ADP DET NOUN PUNCT
neutral,One man wearing a green shirt is playing music on a blue set of drums.,A drummer in green playing blue drums at a music festival.,one man wear a green shirt be play music on a blue set of drum .,a drummer in green play blue drum at a music festival .,NUM NOUN VERB DET ADJ NOUN AUX VERB NOUN ADP DET ADJ NOUN ADP NOUN PUNCT,DET NOUN ADP ADJ VERB ADJ NOUN ADP DET NOUN NOUN PUNCT
neutral,An older Indian lady buys herbs from an outdoor market.,Old Indian woman shops for groceries.,an old indian lady buy herb from an outdoor market .,old indian woman shop for grocery .,DET ADJ ADJ NOUN VERB NOUN ADP DET ADJ NOUN PUNCT,ADJ ADJ NOUN NOUN ADP NOUN PUNCT
neutral,The man is walking near a brown building.,There is a group of people near the brown building,the man be walk near a brown building .,there be a group of people near the brown building,DET NOUN AUX VERB ADP DET ADJ NOUN PUNCT,PRON AUX DET NOUN ADP NOUN ADP DET ADJ NOUN
neutral,"A man playing scrabble with carrots, celery, onions, limes, apples and cauliflower in the pictures while his opponent has rocks spelled out on his tray.",friends eating lunch and playing a game,"a man play scrabble with carrot , celery , onion , lime , apple and cauliflower in the picture while his opponent have rock spell out on his tray .",friend eat lunch and play a game,DET NOUN VERB ADJ ADP NOUN PUNCT NOUN PUNCT NOUN PUNCT NOUN PUNCT NOUN CCONJ VERB ADP DET NOUN SCONJ PRON NOUN AUX NOUN VERB ADP ADP PRON NOUN PUNCT,NOUN VERB NOUN CCONJ VERB DET NOUN
neutral,two hot girls playing volleyball on the beach,Two girls are wearing bathing suits.,two hot girl play volleyball on the beach,two girl be wear bathing suit .,NUM ADJ NOUN VERB NOUN ADP DET NOUN,NUM NOUN AUX VERB NOUN NOUN PUNCT
neutral,A child wearing a bucket on their head.,The child wore a bucket on their head for the photographer.,a child wear a bucket on their head .,the child wear a bucket on their head for the photographer .,DET NOUN VERB DET NOUN ADP PRON NOUN PUNCT,DET NOUN VERB DET NOUN ADP PRON NOUN ADP DET NOUN PUNCT
neutral,The people are marching through the street.,People are marching in a protest.,the people be march through the street .,people be march in a protest .,DET NOUN AUX VERB ADP DET NOUN PUNCT,NOUN AUX VERB ADP DET NOUN PUNCT
neutral,A man is selling a huge variety of blown up balloons outside.,The man is dressed as a clown.,a man be sell a huge variety of blow up balloon outside .,the man be dress as a clown .,DET NOUN AUX VERB DET ADJ NOUN ADP VERB ADP NOUN ADV PUNCT,DET NOUN AUX VERB ADP DET NOUN PUNCT
neutral,Two football players try to tackle a player of the opposite team.,The players tried to make a tackle during the championship game,two football player try to tackle a player of the opposite team .,the player try to make a tackle during the championship game,NUM NOUN NOUN VERB PART VERB DET NOUN ADP DET ADJ NOUN PUNCT,DET NOUN VERB PART VERB DET NOUN ADP DET NOUN NOUN
neutral,A man wearing camo pants and a gray jacket snowboarding near a wooded area.,The army major is snowboarding.,a man wear camo pant and a gray jacket snowboard near a woode area .,the army major be snowboard .,DET NOUN VERB NOUN NOUN CCONJ DET ADJ NOUN VERB ADP DET VERB NOUN PUNCT,DET NOUN NOUN AUX VERB PUNCT
neutral,A group of 4 young adults are wearing costumes in front of a store window displaying sale signs.,The adults are wearing costumes because it's Halloween.,a group of 4 young adult be wear costume in front of a store window display sale sign .,the adult be wear costume because it be halloween .,DET NOUN ADP NUM ADJ NOUN AUX VERB NOUN ADP NOUN ADP DET NOUN NOUN VERB NOUN NOUN PUNCT,DET NOUN AUX VERB NOUN SCONJ PRON AUX PROPN PUNCT
neutral,A woman wearing a skirt is reading a book on a stone bench.,the woman is a seductress,a woman wear a skirt be read a book on a stone bench .,the woman be a seductress,DET NOUN VERB DET NOUN AUX VERB DET NOUN ADP DET NOUN NOUN PUNCT,DET NOUN AUX DET NOUN
neutral,A boy in swim trunks does a backflip into the ocean while mountains show through the fog behind him.,a boy jumps into a pool in a busy neighborhood,a boy in swim trunk do a backflip into the ocean while mountain show through the fog behind he .,a boy jump into a pool in a busy neighborhood,DET NOUN ADP ADJ NOUN AUX DET NOUN ADP DET NOUN SCONJ NOUN VERB ADP DET NOUN ADP PRON PUNCT,DET NOUN VERB ADP DET NOUN ADP DET ADJ NOUN
neutral,A man wearing blue jeans and red bowling shoes stands in a bowling alley lane with a green ball in his hand.,The man is bowling with his bowling group tonight.,a man wear blue jean and red bowling shoe stand in a bowling alley lane with a green ball in his hand .,the man be bowl with his bowling group tonight .,DET NOUN VERB ADJ NOUN CCONJ ADJ NOUN NOUN VERB ADP DET NOUN NOUN NOUN ADP DET ADJ NOUN ADP PRON NOUN PUNCT,DET NOUN AUX VERB ADP PRON NOUN NOUN NOUN PUNCT
neutral,"A woman standing on grass, is holding jackets and a dress.",A woman roaming in garden.,"a woman stand on grass , be hold jacket and a dress .",a woman roam in garden .,DET NOUN VERB ADP NOUN PUNCT AUX VERB NOUN CCONJ DET NOUN PUNCT,DET NOUN VERB ADP NOUN PUNCT
neutral,The woman in the red shirt is holding up a peace sign with her fingers with a red banner behind her.,a woman takes a break from work,the woman in the red shirt be hold up a peace sign with her finger with a red banner behind she .,a woman take a break from work,DET NOUN ADP DET ADJ NOUN AUX VERB ADP DET NOUN NOUN ADP PRON NOUN ADP DET ADJ NOUN ADP PRON PUNCT,DET NOUN VERB DET NOUN ADP NOUN
neutral,a basketball player is making a jamming the ball in the basket,A person is practicing for a future high school basketball game.,a basketball player be make a jamming the ball in the basket,a person be practice for a future high school basketball game .,DET NOUN NOUN AUX VERB DET NOUN DET NOUN ADP DET NOUN,DET NOUN AUX VERB ADP DET ADJ ADJ NOUN NOUN NOUN PUNCT
neutral,A man is sitting on a pink cart with a little girl in the grocery store.,the man is a lawyer,a man be sit on a pink cart with a little girl in the grocery store .,the man be a lawyer,DET NOUN AUX VERB ADP DET ADJ NOUN ADP DET ADJ NOUN ADP DET NOUN NOUN PUNCT,DET NOUN AUX DET NOUN
neutral,A man in an orange vest worn over a blue short-sleeve collar shirt sits at a computer terminal.,A man is working at a computer terminal.,a man in an orange vest wear over a blue short - sleeve collar shirt sit at a computer terminal .,a man be work at a computer terminal .,DET NOUN ADP DET ADJ NOUN VERB ADP DET ADJ ADJ PUNCT NOUN NOUN NOUN VERB ADP DET NOUN NOUN PUNCT,DET NOUN AUX VERB ADP DET NOUN NOUN PUNCT
neutral,"A big match being watched by thousands of people, and a man holding his shirt in his hands is climbing an iron tower.",The man is racing to the top of an iron tower to watch the match.,"a big match be watch by thousand of people , and a man hold his shirt in his hand be climb an iron tower .",the man be race to the top of an iron tower to watch the match .,DET ADJ NOUN AUX VERB ADP NOUN ADP NOUN PUNCT CCONJ DET NOUN VERB PRON NOUN ADP PRON NOUN AUX VERB DET NOUN NOUN PUNCT,DET NOUN AUX VERB ADP DET NOUN ADP DET NOUN NOUN PART VERB DET NOUN PUNCT
neutral,A young woman in black shirt is doing yard work.,A woman gardening.,a young woman in black shirt be do yard work .,a woman garden .,DET ADJ NOUN ADP ADJ NOUN AUX VERB NOUN NOUN PUNCT,DET NOUN VERB PUNCT
neutral,Three little boys playing with Legos.,Three little boys building something with Legos.,three little boy play with lego .,three little boy build something with lego .,NUM ADJ NOUN VERB ADP NOUN PUNCT,NUM ADJ NOUN VERB PRON ADP NOUN PUNCT
neutral,A man in colorful orange and yellow clothes listens on a cellphone while crowds of people walk past the building behind him.,A man is talking to his boss,a man in colorful orange and yellow clothe listen on a cellphone while crowd of people walk past the building behind he .,a man be talk to his boss,DET NOUN ADP ADJ ADJ CCONJ ADJ NOUN VERB ADP DET NOUN SCONJ NOUN ADP NOUN VERB ADP DET NOUN ADP PRON PUNCT,DET NOUN AUX VERB ADP PRON NOUN
neutral,A man is working in a mine or cavern of some sort.,a man is working with a friend in a mine,a man be work in a mine or cavern of some sort .,a man be work with a friend in a mine,DET NOUN AUX VERB ADP DET NOUN CCONJ NOUN ADP DET NOUN PUNCT,DET NOUN AUX VERB ADP DET NOUN ADP DET NOUN
neutral,A band performs on a stage.,A band plays a song.,a band perform on a stage .,a band play a song .,DET NOUN VERB ADP DET NOUN PUNCT,DET NOUN VERB DET NOUN PUNCT
neutral,Two children are playing ice hockey on frozen ground outside.,They are playing on a frozen pond.,two child be play ice hockey on frozen ground outside .,they be play on a frozen pond .,NUM NOUN AUX VERB NOUN NOUN ADP ADJ NOUN ADV PUNCT,PRON AUX VERB ADP DET ADJ NOUN PUNCT
neutral,A young brunette wearing purple and black floral stretch pants is attaching her bike to a finch.,The person is locking their bike up.,a young brunette wear purple and black floral stretch pant be attach her bike to a finch .,the person be lock their bike up .,DET ADJ NOUN VERB ADJ CCONJ ADJ ADJ NOUN NOUN AUX VERB PRON NOUN ADP DET NOUN PUNCT,DET NOUN AUX VERB PRON NOUN ADP PUNCT
neutral,Woman on cellphone running in the snow.,A woman calls her boyfriend.,woman on cellphone run in the snow .,a woman call her boyfriend .,NOUN ADP NOUN VERB ADP DET NOUN PUNCT,DET NOUN VERB PRON NOUN PUNCT
neutral,"A man, along with three others, is standing in snowy and cold weather with only green shoes and black shorts on.",Three men are wearing parkas and one is wearing sneakers.,"a man , along with three other , be stand in snowy and cold weather with only green shoe and black short on .",three man be wear parkas and one be wear sneaker .,DET NOUN PUNCT ADP ADP NUM NOUN PUNCT AUX VERB ADP ADJ CCONJ ADJ NOUN ADP ADJ ADJ NOUN CCONJ ADJ NOUN ADP PUNCT,NUM NOUN AUX VERB PROPN CCONJ NUM AUX VERB NOUN PUNCT
neutral,people at beach looking for things in sand,The people are using a metal detector.,people at beach look for thing in sand,the people be use a metal detector .,NOUN ADP NOUN VERB ADP NOUN ADP NOUN,DET NOUN AUX VERB DET NOUN NOUN PUNCT
neutral,And old woman holds a green plant outside of a rustic building.,A woman with a green plant outside of a building,and old woman hold a green plant outside of a rustic building .,a woman with a green plant outside of a building,CCONJ ADJ NOUN VERB DET ADJ NOUN ADV ADP DET ADJ NOUN PUNCT,DET NOUN ADP DET ADJ NOUN ADV ADP DET NOUN
neutral,A man is walking in front of a big blue truck parked between buildings.,The big blue truck parked between the buildings belong to the man walking in front of it.,a man be walk in front of a big blue truck park between building .,the big blue truck park between the building belong to the man walk in front of it .,DET NOUN AUX VERB ADP NOUN ADP DET ADJ ADJ NOUN VERB ADP NOUN PUNCT,DET ADJ ADJ NOUN VERB ADP DET NOUN VERB ADP DET NOUN VERB ADP NOUN ADP PRON PUNCT
neutral,An elderly man in a blue ball cap staring at the ground.,My grandpa is wearing his Giants hat while he watches ants.,an elderly man in a blue ball cap star at the ground .,my grandpa be wear his giants hat while he watch ant .,DET ADJ NOUN ADP DET ADJ NOUN NOUN VERB ADP DET NOUN PUNCT,PRON NOUN AUX VERB PRON PROPN NOUN SCONJ PRON VERB NOUN PUNCT
neutral,The woman in the green coat is pushing a cart through the toy aisle.,The woman is about to purchase a toy from the aisle.,the woman in the green coat be push a cart through the toy aisle .,the woman be about to purchase a toy from the aisle .,DET NOUN ADP DET ADJ NOUN AUX VERB DET NOUN ADP DET PROPN PROPN PUNCT,DET NOUN AUX ADJ PART VERB DET NOUN ADP DET NOUN PUNCT
neutral,A woman carrying shopping bags.,The women with shopping bags are in a mall.,a woman carry shopping bag .,the woman with shopping bag be in a mall .,DET NOUN VERB NOUN NOUN PUNCT,DET NOUN ADP NOUN NOUN AUX ADP DET NOUN PUNCT
neutral,2 girls washing a floor covered in soap.,The floor has lots of bubbles.,2 girl wash a floor cover in soap .,the floor have lot of bubble .,NUM NOUN VERB DET NOUN VERB ADP NOUN PUNCT,DET NOUN AUX NOUN ADP NOUN PUNCT
neutral,A blond man in a white shirt holds a guitar.,Someone was holding a guitar in the air.,a blond man in a white shirt hold a guitar .,someone be hold a guitar in the air .,DET ADJ NOUN ADP DET ADJ NOUN VERB DET NOUN PUNCT,PRON AUX VERB DET NOUN ADP DET NOUN PUNCT
neutral,A child sleds over a mound of snow as others watch him.,THe child is playing in the snow.,a child sled over a mound of snow as other watch he .,the child be play in the snow .,DET NOUN VERB ADP DET NOUN ADP NOUN ADP NOUN VERB PRON PUNCT,DET NOUN AUX VERB ADP DET NOUN PUNCT
neutral,"A man walking down a walkway, away from the camera.",The male model is returning to the dressing room after modeling on the runway.,"a man walk down a walkway , away from the camera .",the male model be return to the dressing room after modeling on the runway .,DET NOUN VERB ADP DET NOUN PUNCT ADV ADP DET NOUN PUNCT,DET ADJ NOUN AUX VERB ADP DET NOUN NOUN ADP NOUN ADP DET NOUN PUNCT
neutral,A man in a blue jackets looks at the camera while another man in green stands in the background.,A pop duo sing as they record a music video.,a man in a blue jacket look at the camera while another man in green stand in the background .,a pop duo sing as they record a music video .,DET NOUN ADP DET ADJ NOUN VERB ADP DET NOUN SCONJ DET NOUN ADP PROPN VERB ADP DET NOUN PUNCT,DET NOUN NOUN NOUN ADP PRON VERB DET NOUN NOUN PUNCT
neutral,Group of people on the rooftop of a building looking down.,the people are on top of a building.,group of people on the rooftop of a building look down .,the people be on top of a building .,PROPN ADP NOUN ADP DET NOUN ADP DET NOUN VERB ADV PUNCT,DET NOUN AUX ADP NOUN ADP DET NOUN PUNCT
neutral,Four children do backbends in the park.,Some kids are practicing gymnastics.,four child do backbend in the park .,some kid be practice gymnastic .,NUM NOUN AUX NOUN ADP DET NOUN PUNCT,DET NOUN AUX VERB NOUN PUNCT
neutral,A man in a black shirt leans on a counter.,A man is leaning in the kitchen,a man in a black shirt lean on a counter .,a man be lean in the kitchen,DET NOUN ADP DET ADJ NOUN NOUN ADP DET NOUN PUNCT,DET NOUN AUX VERB ADP DET NOUN
