label,premise,hypothesis
contradiction,"A woman and a young girl smiling for the camera, in front of some flowers.",the mom and daughter are very sad at the dog dying
contradiction,"A young boy wearing a gray sweater, blue jeans and boots hangs upside down in a tire swing.",The boy is sitting down.
contradiction,A woman with a very large black wig and giant sunglasses is holding a mirror up to her face.,The woman is cooking breakfast inside
contradiction,Oriental man dressed in tank top and shorts is jumping and almost touching his left foot with left hand.,the man is white
contradiction,3 girls and one boy playing in the street.,The children are all indoors.
contradiction,Two girls are going for a swim in a mountain lake.,A boy and a girl are having a romantic swim in the city river.
contradiction,A woman fiddles with her phone at a diner.,she is swimming the english channel
contradiction,Two women are walking casually down the street together.,There are two men
contradiction,A bunch of kids in canoes on a river.,A few adults are swimming in the lake.
contradiction,A white dog and two black dogs playing,Two cats playing.
contradiction,A group of different people are walking in all different directions in a city.,They are in the country
contradiction,A red car is passing in front of a double-decker bus.,the car is blue
contradiction,A street vendor tends to his stand with lots of kids toys and items.,The man has no goods on his stand.
contradiction,A woman talking on a cellphone and a man with a mustache emerge up the stairs from an underground subway.,a man steps out of a taxi door
contradiction,"A girl in a khaki jacket sitting next to a girl in an orange jacket on a ski-lift, both are smiling.",the girls fell off of the ski lift but are okay
contradiction,"A woman wearing a blue top, brushes the hair of another woman, wearing a green top.",womans are brush their hair
contradiction,There are trees with no leaves in the background.,The trees are entirely underground
contradiction,The climber is wearing a red jacket as he climbs the ice.,The climber is swimming through a lake.
contradiction,Small middle eastern child in sort of wooden underground cave.,A girl enjoys a day out with her family in the park.
contradiction,A room filled with many officials who are taking a vote.,The room is empty.
contradiction,A person in a black jacket against a snowy backdrop leaping into the air.,A person is swimming in a river.
contradiction,A group of four men are sitting at a table drinking beer.,The men are drinking wine instead of beer.
contradiction,i cannot see an image here.,A rainbow.
contradiction,children sit on top of somebody in a banana suit.,Children run around someone.
contradiction,A man with a motorcycle helmet stands in front of a row of colorful buildings.,A shark is seen at a beach.
contradiction,Two children swinging on swings,Two children swing from a tree branch.
contradiction,A young man holds up a piece of wood and a chainsaw as presses a cigarette between his lips.,A man is eating dinner.
contradiction,Two men holding skateboards and one man skateboarding.,A group of friends play a board game in the living room.
contradiction,"Two children playing at a beach, one in pink, drawing in the sand and the second child, in green, standing in the water.",A child swims to recuse another fro drowning.
contradiction,Two boys practicing karate.,The top students of the two top schools stare at the wreckage before them and wonder if the destruction was worth winning the ice sculpting contest.
contradiction,"Two people, dressed in red, dancing.",Two people are playing tennis.
contradiction,A young girl feeding the birds in the park.,The girl is eating the birds.
contradiction,Dirt bikes get airborne at a racetrack.,The riders are sitting idly.
contradiction,Two men walking down the street.,the men are asleep in the motel
contradiction,A sunset over a lake.,A sunrise over a lake.
contradiction,Construction workers are working on a pipe on the side of a building.,The construction workers are getting ready to go home.
contradiction,A young woman smiles at the camera as she sunbathes in the ocean.,The young woman is running up hill.
contradiction,A man without a shirt is working on the roof of a house.,A shirtless man is sunbathing on the roof of a house
contradiction,A child playing with her peers in the school playground.,The children are inside the school reading books.
contradiction,"Six people in water wearing swimming suits, one man with his trucks pulled up above his belly button.",The 6 people are wearing dresses and riding on a train while it is pouring outside.
contradiction,A man dressed in an army uniform next to a person with a green shirt hanging from a pole.,there is a man dressed in a policeman uniform standing next to a person wearing a suspenders hanging from a street lamp
contradiction,Busy checkout in a oriental grocery store.,Empty checkout at a mexican store.
contradiction,"5 female soccer players wearing green uniforms, huddled on a field with their yellow-clad coach.",An all male soccer team huddle with the ref on the sidelines.
contradiction,A surfer in a black wetsuit holding his balance on the crest of a wave as it begins to break around him.,A person is snowmobiling
contradiction,A man looks at merchandise in a store.,The man is walking out of a store.
contradiction,Four children gather in front of a fence.,A man drives his car into his driveway.
contradiction,Two men are working so hard.,Two older women are talking to each other.
contradiction,Man in orange vest maintains the wall tiles.,A worker is sitting down eating lunch.
contradiction,Two people ride the train.,The train is crowded.
contradiction,A street musician in a red jacket and sweatpants plays guitar while pedestrians walk past.,A man sells his poetry for money in the subway station.
contradiction,A clown wearing a cowboy hat and a microphone smiles.,A clown wearing a tuxedo and a lightbulb frowns.
contradiction,One soccer player in an orange uniform getting hit in the face by a ball kicked by a player in blue.,A player kicks a football and hits his teammate in the face.
contradiction,A woman is hanging her clothing on a clothesline.,The woman is hanging flowers on her front porch.
contradiction,A man competing in a sport with a horse.,A man is sleeping at home.
contradiction,A woman in an orange scarf pulls a pack of cigarettes from a carton.,The woman is buying cigarettes from a store.
contradiction,Three oriental men are riding on a red moped scooter in the city with many people.,three men are laying on the beach
contradiction,Two volleyball girls team both jumping for a double high-five,Girls are dancing.
contradiction,Someone wearing a blue shirt is riding a bike with a child's seat on the front of it.,A person is riding a bike with an elephant in the child seat.
contradiction,"Two little children, one boy and one girl, laugh as they sit on the grass.",The children are inside playing video games.
contradiction,"Two small girls, one in a blue and violet dress, the other in a red striped outfit are painting with red and yellow on a piece of canvas in the street.",Two friends playing
contradiction,A woman in hospital scrubs jumps on the sidewalk as a second woman in hospital scrubs watches.,A man and a woman are standing outside of their office building.
contradiction,A man dressed in a yellow sports uniform and another man dressed in a red and white sports uniform holding sticks with a ball floating between them.,Two women fight over a soccer ball on a field in the rain.
contradiction,Person with black hat and black coat near buildings with signs.,A person sunbathes near buildings with signs.
contradiction,A woman is standing in front of a counter at a cafe.,a man robs a cafe
contradiction,Woman on four way seesaw with 2 kids.,The kids are running through the park.
contradiction,A child with goggles and a floaty swimming in a body of water.,A child wearing goggles jumps off a diving board.
contradiction,A man in a yellow shirt and striped pants is sitting at a small table outside.,The man is standing on top of the flagpole.
contradiction,"An african american lady holding numerous items like cups, plate, baskets, etc.",A man walks alone.
contradiction,Group of three men and women in their late 20s watching an older man play guitar in the park.,An old man is playing the flute.
contradiction,"Rocks surround the feet of an adventurer, burrowing into an underground cave.",Two ladies watching the scenery in the pool.
contradiction,A woman is looking over her products.,A woman is giving  her products
contradiction,A bicyclist waits to cross a street.,A bicyclist riding down the trail.
contradiction,Three women look on as two men look at the tire of a bike.,The women are looking at a newspaper
contradiction,People waiting for train on tiled platform.,People stuck in traffic on the highway.
contradiction,A couple crossing the street at night.,A couple are crossing a river by canoe.
contradiction,A group of soldiers in silhouette against an urban skyline.,Soldiers are inside the dining hall.
contradiction,Cabins in winter surrounded by people enjoying the white powder.,People slept in winter.
contradiction,A kid is using a touch-screen computer in a retail store.,A kid shooting hoops
contradiction,Two kids asleep on a futon.,Two kids are running a marathon.
contradiction,An Asian kickboxer is in the middle of kicking his opponent in the ring at a Mohegan Sun casino.,the men are skipping across the casino floor as they just hit the jackpot
contradiction,"A woman with a blue shirt and blue shorts has her hand on a white taxi, as a boy in a green and white shirt walks beside her.",A boy chases a woman who is stealing his taxi.
contradiction,A little girl in a white sweater with polka dots is playing with a wooden tracked train set.,A girl plays with her doll.
contradiction,Man checking under the hood of a vintage car in a parade.,man walking around the vintage car in parade
contradiction,A woman with a black shirt and black scarf looks at the camera while holding a cellphone.,The woman is juggling chainsawas.
contradiction,A half dozen construction workers stand beside a large piece of equipment.,The workers are destroying the tea making equipment.
contradiction,"The infant has plenty of toys, but attention is drawn to the nearby cat.",The infant is playing with a puppie.
contradiction,Two young boys rollerskating with a girl and her mother in the background.,The boys are biking.
contradiction,A person on a bike and wearing a helmet rides through a wooded area.,A person on a bike and wearing a helmet rides through an urban area.
contradiction,A baseball player with# 22 on his uniform swings at a ball.,A ball player is pitching on the mound.
contradiction,A young boy with an older man using chalk to draw on the sidewalk.,A young boy with an older woman using chalk to draw on the sidewalk.
contradiction,A man shovels snow off of a sidewalk while a child in a red parka walks by.,The man is sitting out in his bathing suit.
contradiction,A man in military camouflage is working a shepherd type dog in a grassy area while being observed by others in a parking lot in uniform.,The poodle is being taught a special agility program by the man in the privacy of their backyard.
contradiction,Discussing the rainy weather.,The two dogs are talking about the weather.
contradiction,Three track runners are in the process of crossing the finish line during an Olympic type sporting event.,three women compete in water polo
contradiction,A woman in a brown shirt is speaking to someone.,A man is talking to his man.
contradiction,An old man wearing a blue jean jacket is sitting at the counter of a magazine stand,An old man is planning to sleep.
contradiction,Two men in black clothes at a meat market showing a red meat while workers in blue look on.,The meat is chicken.
contradiction,A dog running with something in its mouth,A dog is currently sleeping
contradiction,A white man is speaking with two Indian businessmen.,The man is speaking with two young women.
contradiction,Little girl on skis,A boy on skis.
contradiction,A golden retriever catches a tennis ball in the snow.,A dog is taking a nap.
contradiction,A person playing with a black dog outdoors on a snowy lane with trees in the background and blue skies above.,A person is cuddling with his dog near the tv
contradiction,Young boy using a vacuum cleaner on a rug.,The boy is playing videogames.
contradiction,A man intricately works on clocks under a light.,The man is in the dark asleep.
contradiction,On a partly cloudy day a clown in red plaid overalls relaxes in the back of his tent.,A clown in the middle of a circus act.
contradiction,"A masked steel worker in orange works on a piece of metal, yellow sparks flying.",A worker is eating lunch.
contradiction,Several people walking past a food cart on a city street.,There is no place to buy food on the street.
contradiction,Two men in a laboratory are peering through microscopes to observe slides.,The women were looking throught the microscoe.
contradiction,A man sitting and reading.,The man is standing.
contradiction,solitary skier nears base of a downhill slope,three skiers on top of a mountain
contradiction,"A crane, with the letters ""LIEBHERR"" on it, seems to be demolishing a dark gray building with graffiti on it.",The crane is idle with noone controlling it.
contradiction,a girl in red pants riding on a moped.,the girls is naked on the mpoed
contradiction,A woman and a man cutting dough into small pieces.,A man and a woman are cutting up vegetables.
contradiction,A young Asian man and woman seated in front of the steps of a small business smoking cigarettes.,The man and woman are standing.
contradiction,A doctor and is staff is operating on a patient.,A doctor is eating on top of a patient.
contradiction,"Two children, one boy and one girl, sitting in a garden behind a bean fence.","Two children, both boys, sitting in a garden behind a bean fence."
contradiction,Woman in colorful shirt works at sewing machine.,The woman is wearing all black.
contradiction,A hiker stands on a hill looking into the distance.,they hated each other
contradiction,"A group of men pose for a picture, all in orange reflective vests.",A group of men are asleep in their quarters.
contradiction,View past a microphone to an out-of-focus guitar player.,A man throws a guitar at the camera.
contradiction,Two dogs are chasing each other on green grass.,The cats are fighting over a stick
contradiction,A man riding a cart pulled by a donkey.,The donkey and the man are walking side by side
contradiction,"A woman in a purple sweater stands with her arms folded beside several pieces of luggage while two other women stand beside her, looking in her direction.",There is a woman sitting next to several pieces of luggage.
contradiction,An elderly Asian man is wearing a colorful hat and sitting in a chair.,A man playing tennis
contradiction,A Dancer at Mardi Gras parade,A woman is dressed as an elf at a Christmas parade.
contradiction,A dog leaps on the sandy beach.,The lion chases birds on the beach shore.
contradiction,Four boys play in the mud.,Four boys are sitting at a table.
contradiction,An old man wearing a red suit stands in a large social gathering.,The man is 10 years old
contradiction,This man is smiling very big at the camera.,The man is yelling at the camera.
contradiction,A woman addressing a diverse group of people standing in the street.,A woman is laying down in the street.
contradiction,three boys play with a football near a volleyball net at the beach.,Three boys are playing with a baseball in a field.
contradiction,A man wearing a black hat is walking through a busy city street.,the man is visiing the country and milking cows
contradiction,A young cheerleader is performing with a her squad during a game.,The game the cheerleaders are performing for is over.
contradiction,A man in a red shirt grabbing a top hat while standing on a rope with 6 other people looking on.,the 6 men are all crossing the rope at the same time
contradiction,Men in a busy restaurant observe decorations.,Two ladies in an empty restauarant are observing the decorations.
contradiction,There are shadows of two people sitting in front of a lighted sculpture.,the people are standing
contradiction,Two women in black hats stand on the street.,Two women sit on the steps of their apartment building.
contradiction,A man and woman are having a discussion while military members look on.,There is a beach ball on the sand.
contradiction,A girl in a yellow top is paddling a wooden boat past a wooden jetty.,a boy is paddling a wooden boat
contradiction,Hooded women are walking down a hill.,"The woman are all wearing bikinis, soaking up the Sun's warm rays on the hot beach."
contradiction,"A child stands in front of the Palestinian flag, appearing to speak to someone off-camera.",An adult sits behind a flag not talking to anyone.
contradiction,A baby in a polka dot bib is not happy eating his soup.,the baby is happy eating soup
contradiction,A Ukrainian dancer kicks up his heels.,A woman checks into a hotel.
contradiction,A little boy is standing on a peer next to a boat.,A boy is driving a car.
contradiction,The children take a crack at rock climbing.,Children are sitting outside.
contradiction,"Two females are playing rugby on a field, one with a blue uniform and one with a white uniform.",Two female rugby sit out from the game
contradiction,"Men, women and children dance at a party.",Some people are crying at a funeral.
contradiction,A man is walking in the shade of a market.,the man is driving
contradiction,A woman sits on a train and reads intently.,A woman walking to her plane.
contradiction,People gathered on the street smiling and waving.,the street was closed all day so no one could walk down it
contradiction,A little girl with blond-hair dressed in a black tank top and a skirt watering outdoor plants with a hose.,The little girl is sitting on her couch.
contradiction,People holding onto ropes while trying to get something through a window on the second floor.,People climbing ropes through a second story window
contradiction,A woman is sitting on some steps and relaxing with her eyes closed.,She is lying on the massage table
contradiction,A boy in a green shirt running in the sand.,The boy is sitting on the beach digging in the sand.
contradiction,people fixing the side of a building.,People are rapelling down the side of a building.
contradiction,A girl is winding up to throw a softball.,A boy with a balloon.
contradiction,Three children run on the walkway by the river.,There is nobody by the river.
contradiction,A woman in a gray dress is preparing pineapples.,A woman is preparing to wear pineapples as party dresses.
contradiction,A brown dog walks on top of a felled tree trunk.,The dog walks across the concrete bridge.
contradiction,A young African american boy with red pants standing in front of a house.,A young African american boy sits at school.
contradiction,"Attractive woman, Roller derby team ""Roller Girls"" stares, while fixing her shirt and holding a bag.",A woman is naked.
contradiction,Students investigate photos up close in class.,The students are blind.
contradiction,A little boy holds a bat in the air waiting on the ball.,A boy scout rubs to sticks together.
contradiction,African American woman in a blue coat walks with her blue cart.,She is about to cross the finish line competing at an Olympic sprinting competition.
contradiction,a man in a yellow shirt training a black poodle,A man in a red shirt is training a golden retriever.
contradiction,Two men are on a police boat.,The men are swimming by the police boat.
contradiction,A man climbing the side of a cliff.,The man is riding a bike
contradiction,A little boy in a swimming pool.,A dog is swimming in a pool
contradiction,A young girl in a yellow tank top holding a piece of a blue pinata.,A tank drives over the blue Pinto.
contradiction,Two people riding their bicycles down a dirt road.,The bikers are riding stationary bikes in a gym.
contradiction,a gymnast in a blue leotard is doing a handstand on the workout floor.,The individual is sleeping.
contradiction,A child gets dental care from a dentist as the another health professional holds his hand.,a vet performs surgery on a puppy
contradiction,A bull terrier terrorizes an old tire in the sand.,The dog is a poodle.
contradiction,Man tickling two twin girls.,the mom played with the twin boys
contradiction,Cute little boy in an army shirt blowing a kiss at a small lizard.,The guy in the army shirt spit on the lizard.
contradiction,Two men are giving shoeshines in an outdoor setting.,Two people relaxing after work.
contradiction,Smiling woman in white sunglasses is holding clear plastic cup.,The woman is crying
contradiction,A couple are walking their dog.,A herd of cows crossing a stream.
contradiction,A retail professional pauses while interacting with customers.,A retail salesman is at the bar with his friends.
contradiction,A man stands in a crowd holding a white object.,A man eating dinner.
contradiction,man in a green hat sites on a green bench with snacks.,A man is feeding pigeons while sitting on a bench.
contradiction,A person has dental work done at the hands of a man and a woman.,engineers are preparing the plan.
contradiction,A man talking to a woman who is pushing a baby stroller.,The man is pushing the baby stroller.
contradiction,"A group of people, some in hard hats, are looking at something.",People are walking along the beach.
contradiction,Three people are near an airport window with their luggage,The people are walking their dogs.
contradiction,A bass player in a red shirt is playing while smoking a cigarette.,A lead singer is drinking alcohol.
contradiction,A bright market in a far eastern country is displayed with a line of bikes while people walk by.,A small marketplace in Mexico has lots of sombreros lined up.
contradiction,"An African-American man wearing a purple shirt, white shoes and blue jeans is playing a saxophone while standing inside of a building which has many archways and a red and gray tiled floor.",A man is driving a car.
contradiction,People walking down the street and past an open bus.,People on the bus use make shit fans to cool themselves after the air conditioning system failed.
contradiction,A man wearing an orange shirt is working in a mud hole,A man works on an electric pole in the air.
contradiction,The black dog emerges from the water having collected an object in his teeth.,A black dog is sitting on a dog bed.
contradiction,A line of six children in bathing suits prepare to leap into a swimming pool.,The children are wearing snow suits.
contradiction,Food is prepared in an open air market.,The food is prepared at a restaurant.
contradiction,The journey is temporarily delayed by mechanical malfunctions.,The journey is delayed because of a hurricane.
contradiction,Three people sit at their laptops inside a coffee shop.,Three people are sitting at a movie theater.
contradiction,A man in work clothes is holding a chain.,a guy and a horse
contradiction,A dog runs with a yellow toy in its mouth.,A dog is sleep.
contradiction,Three women are taking pictures from a cliff.,The woman are drawing pictures while they sit at easels they set up.
contradiction,Two professional businessmen having a conversation.,Two business men stand near each other not talking.
contradiction,A young man in a blue jersey riding a yellow dirt bike appears to be riding it around a corner in the midst of a race.,The boy is watching tv
contradiction,A man and a woman are sitting on the grass.,A man and a woman are playing frisbee.
contradiction,"People are acting the ""Passion of Christ"".",They are jewish
contradiction,"A woman in jeans, sneaker, and sneakers walking down a sidewalk while messaging.",A woman is not wearing shoes.
contradiction,A blond boy in a brown sweater pains on a colorful umbrella.,A blond boy in a brown sweater is destroying an umbrella
contradiction,"A person with blond-hair stands on their head while two other people, also standing on their heads, are in the background.","Three people are standing normally, smiling at the camera."
contradiction,A young guy and girl with arms around each other as they enter an establishment.,cow runs from man
contradiction,A young girl wears a butterfly costume.,A young girl is wearing pajamas.
contradiction,Two young ladies are sitting on a small be in skimpy dresses.,two dogs chase cars
contradiction,A man throwing a green ball in front of a group of people.,The man is alone.
contradiction,Women are standing around filled garbage bags on the street.,Women are watching Oscar the Grouch on television.
contradiction,A group of people wearing life vests standing on a rock.,People on a truck
contradiction,A gray-haired man with glasses is sitting on a large bench with his legs stretched out.,The man is holding a glass of water while his legs are stretched out on a bench.
contradiction,Asian woman walking across a crosswalk in the street.,a dog jumps
contradiction,The team in red and blue is playing soccer with the team in purple and white.,The two teams are playing football.
contradiction,A hirsute man looks in the mirror as he shaves his lathered face.,The woman is shaving her face.
contradiction,A woman bending over by colored lanterns on a beach.,The woman is skiing.
contradiction,Man tossing an onion in the kitchen.,A man is tossing a banana.
contradiction,People toss candy as they celebrate on top of a float.,The people are in a meeting.
contradiction,A bearded man in a white t-shirt is riding a motorcycle.,A woman is biking through the park.
contradiction,Asian boy plays a sports game wearing his blue jersey.,The blonde american kid is watching a play for school.
contradiction,a white dog jumping in green grass by a brickwall and a stream of water,The dog is purple.
contradiction,Three men playing soccer outdoors.,"Three men are inside, watching a soccer game on TV."
contradiction,A woman is working with wine.,The woman is holding a soda.
contradiction,A man and woman playing a game outside.,Two men are playing outside
contradiction,A boy falling headfirst into a pool,"A boy is sitting on the edge of the pool, dipping his feet."
contradiction,A group of friends or family all jumps at the same time for a portrait while on vacation.,A man takes a picture of a group of swans.
contradiction,"A woman wearing a white hat, black shirt, and blue pants walks by a elaborately decorated building.",A woman in a black shirt and blue pants trips and falls in front of a highly designed building.
contradiction,"Two teams line up either side of a pylon, on a barren playing field",The two teams were playing in a lake
contradiction,"Two women, one wearing a blue shirt and glasses and the other wearing a ball cap and black shirt, are in a laboratory setting with a bearded man.",A woman in a lab coat is drawing blood from a patient.
contradiction,There is one man standing behind the counter at a restaurant where all the words on the signs are in Spanish.,The man is sitting and waiting for his meal.
contradiction,"Vibrant colored dress wearing, long-haired women and men, under a bridge, dance in joy while a lone member holds up a peace sign with her hand.",People dressed in all black are sadly standing under a bridge.
contradiction,A man is playing an interment in a concert,The man is sleeping
contradiction,Man and woman wearing sunglasses posing for picture.,A man and woman sit in a dark theater
contradiction,Two men dressed in street clothes horse around in front of a building.,Two men are walking down a crowded street
contradiction,All these people are enjoying a basement dance party.,A big outdoor party
contradiction,A girl in a black leotard dances while a girl in a red leotard and torn stockings watching in the middle of a street.,A boy swings a baseball bat.
contradiction,There are four people talking in the phone booths.,Animals are in the phone booths.
contradiction,Some people pull on a rope while many others look on.,The people are having a picnic
contradiction,"A dozen Asian men are sitting and standing in a group, they are dressed casually and are looking at something on the ground.",the people are wondering around looking at clouds
contradiction,Children jumping off of cement.,The children are asleep.
contradiction,A woman leaning against a white cross looking at the ocean below.,The woman is sitting on the ground contemplating the sky.
contradiction,A gray train with purple and blue stripes moves down a rusty track through trees.,The train is plain white.
contradiction,A toddler in a pink shirt in a bucket swing.,A man in a pink shirt observes the swing set.
contradiction,A man is sitting on a brick street drumming on various cans and pails.,A man is playing the violin on the street.
contradiction,An old man sits on a bench overlooking the water.,The old man is jumping into the water.
contradiction,"A varied crowd mills about (or rough-houses) on a public street, with lots of bicycles on display.",A baby sleeps in a crib.
contradiction,A person is flying through the air on a bicycle after leaving a dirt jump.,The person is in an airplane.
contradiction,"A man is examining a bicycle tire, while a woman dressed in blue is kneeling next to the bicycle.",The woman is in red.
contradiction,guy walking two huge poodles.,A woman is walking with dogs.
contradiction,A man making cement risers.,A man pushes a cart
contradiction,Two men are working on a sidewalk.,Two men are working on a swimming pool.
contradiction,Several people are riding motorcycles down a narrow street.,A bunch of people pushing motorcycles down highway.
contradiction,A man in a blue shirt and jeans is laying on rocks.,A woman is laying on her bed in her bedroom.
contradiction,A few men are sitting on chairs and standing under a large red umbrella.,Men are sitting on stools under a large umbrella
contradiction,A man in a white shirt and jeans is standing next to old wood.,Man sitting at home.
contradiction,Boy eating at a picnic table.,A man is in a restaurant.
contradiction,A boy in a blue shirt is lining up a shot in a game of pool.,A boy in a red shirt plays pool.
contradiction,skier in red pants skiing down a slope,A skier is caught in an avalanche.
contradiction,"Two women are standing with a young boy in a blue hat, and the one on the left is casually checking her cellphone.",Guys standing with young girl
contradiction,A man in an orange shirt in front of picture of a man holding his face and squeezing his cheeks together.,There was a cameraman taking photos of nature
contradiction,Five men wearing black shorts are leaving the starting blocks in a track competition with few spectators.,Five men are dancing.
contradiction,A man and woman are standing outside a store.,Two men eating dinner.
contradiction,Couple dancing in the center of a circle of spectators.,A couple sits down to eat their lunch.
contradiction,A man in a white shirt at a stand surrounded by beverages and lots of lemons.,"A man is sitting at a picnic table, sipping a drink."
contradiction,A group of people gathered together in a field eating barbecued meats while drinking Pepsi.,The people are sleeping.
contradiction,A man is jumping from a boulder into a body of water while wearing only shorts.,The man is jumping on a trampoline.
contradiction,A group of people in yellow and black uniforms performing in front of a large crowd.,The group performing were wearing teal and fuschia uniforms.
contradiction,A white male playing a bass guitar and kicking into the air.,A male is doing push ups.
contradiction,a woman in a yellow shirt and green shorts is climbing an artificial red wall whilst wearing a safety harness.,The woman is sleeping.
contradiction,Pottery and cars are shown in a parking lot with a man in a blue outfit is leaning against the front of his car.,The man drives around the parking lot.
contradiction,Man in denim hat wearing dark sunglasses.,Nobody in sunglasses.
contradiction,A young man plays the piano and sings in a concert.,A young man is yelling at strangers.
contradiction,The horse on the left is brown.,The horse on the left is white.
contradiction,A male performer is playing a cello.,A dog is tired and don't want to listen.
contradiction,"A lady wearing a red vest is holding a shovel as she and a man, holding a blue shovel, pose for the camera.",two people sit on a couch
contradiction,A small dog is running on the grass beside the road.,A dog sleeps on the grass
contradiction,A goal defending the goal in a hockey game.,A runner on a oval track runs.
contradiction,Two kids in snow hats and blue and green coats are swinging on a tire swing out in the snow.,Nobody has a hat
contradiction,A person in a kayak is going over a small waterfall.,A dog eats a chicken.
contradiction,A window artist stops for a quick break as she decides on her next set of strokes.,A woman is running
contradiction,A crowd of people are at a supermarket.,There is nobody at the supermarket.
contradiction,Many people leading a giant blow-up figure of Oscar the Grouch down a street.,Many people are leading a giant blow-up figure of an Oscar award down a street.
contradiction,One adult and three children gathered on the floor looking at a picture on a digital camera.,A kid is taking a picture of a group of toddlers.
contradiction,A man wearing black and a woman wearing white are smiling.,The people are in a fight and yelling at each other.'
contradiction,A boy is trying to catch a Frisbee in a field.,A boy burnt the Frisbee in a field.
contradiction,A dog in the snow.,Some puppies were left mistakenly outside in the snow with the door shut behind them
contradiction,Two men carrying a canoe down a steep incline.,the child was 18 years old
contradiction,A military group stands at attention.,A group of soldiers are sleeping.
contradiction,Young children wave and watch something out of sight.,Young children are holding signs.
contradiction,"A woman wearing black sunglasses, bikini bottoms, and a black shirt playing volleyball.",A man prepares a golf swing.
contradiction,Three boys are running on the beach playing a game.,The boys are bored in school.
contradiction,A man is playing the guitar in front of a microphone while another man is in the background playing the drums.,There is no percussion accompaniment.
contradiction,A man holding a rifle next to his brown dog.,A man is climbing a tree.
contradiction,Three women standing by a table with drinks on it on a city sidewalk.,a motorcycle crashes into a ditch
contradiction,A person in a white hooded shirt is sitting in a chair near a body of water and there are buildings in the background.,a person running a marathon
contradiction,A blond woman wearing pink holds an infant wrapped in a blanket.,A woman jogging through a park.
contradiction,A team of breakdancers sets up along the side of a road in the city as many onlookers gather.,The dancers are robbing the bank.
contradiction,Three men are setting up a scene by measuring the lights for a couple sitting on a low couch.,Three men are sitting down on a low couch with a couple.
contradiction,"Three police officers tape off a section of sidewalk, blocking a group of people.",Three police officers enjoying their vacation in Paris.
contradiction,People walking along a path on a sunny day.,The people are walking at night.
contradiction,A woman in a hat tends to a herd of reindeer in a field.,The woman is feeding a herd of sheep.
contradiction,A crowd of people are gathered with a sky scene in the background.,People are gathered with a ground scene in the background.
contradiction,"A fruit market stand displaying artichokes, and many different kinds of fruit.",A grocery store shelf with cans of beans
contradiction,"Two girls, one wearing a pink shirt and the other wearing a white shirt, are throwing hay in the air.",There are no girls
contradiction,Two male and six female dancers perform on stage.,boys are singing in the public.
contradiction,A child is dressed up in costume and holding a trident.,A woman is running her bath.
contradiction,A cat sits on top of a store sign.,A cat laps up milk outside on the porch.
contradiction,A bride on her wedding day wearing her orange belt.,A groom on his wedding day wearing his orange belt.
contradiction,"A man is on the side of the road, while his vehicle is off of the road.",A man is driving down the highway.
contradiction,Two dogs are running through a grassy area near tall trees.,The dogs are asleep in the bedroom on a rug.
contradiction,Three boys playing and biking with a pile of sand in the middle,Three boys are biking in a meadow.
contradiction,A person in a red jacket is crossing a snow covered bridge over the cold river in the forest.,Someone wearing a yellow t-shirt crossing a road in the middle of the rain.
contradiction,"A long-haired skateboarder is about to exit a clean nosegrind on a public handrail, unaware of his surroundings while ignoring the negative public perception of skateboarders.",People are sitting and reading.
contradiction,The lady in red is very happy to see the young lady in white and black.,A lady in a blue dress looks disgusted to see another dressed in brown.
contradiction,A Yorkie jumped into the air to catch a red ball in its mouth.,The dog is trying to immobilize the ball because the ball is out to get the dog.
contradiction,A girl in a red and pink shirt is coloring with crayons on a coffee table with birthday presents and a television in the background.,a little boy is playing with a stick pony.
contradiction,"A smiling, young woman in a green long-sleeved shirt and jeans is leaning on a slightly taller young woman wearing a blue pullover and jeans.",A woman leans on her husband.
contradiction,A sweaty guy yelling into a microphone standing in front of a guy in a purple shirt.,The sweaty guy is whispering to the guy in the purple shirt.
contradiction,Female painting her big toe.,A woman paints her fingernails.
contradiction,A blond woman in a red t-shirt and a blur wristband sings into a microphone against a green background.,A woman plays a mute in a movie.
contradiction,A girl in a pink dress is standing on her head.,A girl is wearing a red dress
contradiction,A man with a red shirt and black hat suspends himself in the air by sitting on a pole and clinging to two wires with his hands.,A man sits at the bar and orders a drink.
contradiction,People wear uniforms during a rally or protest.,People are having a tea party in dresses.
contradiction,"One guy wearing a green wig thinks hes cool while another guy looks in horror at a bottle that apparently landed on the green wig guy in a game, all while a girl in a skirt is smiling at the camera.",All of the people are frowning.
contradiction,A tan and black dog runs over a green field with its mouth open.,The dog is sleeping in the grass.
contradiction,"A woman in a pink sweater and an apron, cleaning a table with a sponge.",A woman in a yellow tank top and apron is cleaning the chair with a cloth.
contradiction,A woman in blue jeans and a creme shirt walking down the road with a rake and hoe in her right hand and gloves in her left hand.,A person is running with a stolen TV.
contradiction,Men at a rodeo try to tame a bull.,The men are riding a bull.
contradiction,A group of people on a bridge beside a boat.,People are looking up at an airliner.
contradiction,Many people are gathered in a crowded building.,People are waiting outside for a concert.
contradiction,Two men wearing blue are eating and drinking outside.,The men are jogging outside.
contradiction,A young field hockey player wearing a blue jersey takes possession of the ball.,The hockey player is sitting in the penalty box.
contradiction,"Two women both wearing white shirts and black pants, one smoking sitting on a fixture on the sidewalk.",Two women dance at a nightclub.
contradiction,A man is wearing yellow protective headphones while using a circular saw to carve pieces away from a tan stone sculpture.,A woman is painting.
contradiction,a man in a ventilation mask is carving a knight onto a brick wall.,A man in a swim suit paints on the beach.
contradiction,a young girl stands on one leg.,A young girl running on the street
contradiction,A few people in a public park.,A few people in a public library.
contradiction,"Two men, wearing hard hats and blue and yellow coats stand in front of a large machine and smile.",The men are practicing interpretive dance.
contradiction,A family coming back from shopping and a gentlemen is reading his newspaper to the side of the street.,Family is laughing at the man who is painting a gentleman
contradiction,A crowd is watching runners during a marathon.,A crowd is watching a wheel of fortune.
contradiction,A group of women working in a fabric factory.,A group of woman talking about the store.
contradiction,Two teams of boys playing football in the sand.,boys are sleeping in the shade under a tree
contradiction,"A food vendor stands behind a display of bins of several types of nuts, candy, or other small snacks, with signage in Hebrew.",The vendor is sitting
contradiction,A young man with a red uniform on practicing his soccer kick.,A young woman is practicing her basketball skills
contradiction,one man and a woman sitting on a table in a restaurant eating dinner,the man and woman are in the sewer having a siezure
contradiction,Two boys kick around a ball in a meadow.,Two boys are swimming.
contradiction,Children smiling and making faces to the camera.,The children are deceased.
contradiction,Two males are running in an uncrowded area.,There are men sitting outdoors
contradiction,A brunette couple smiles at the camera while sitting on a couch.,The couple are on the bed.
contradiction,Two boy scouts are standing on what appears to be a stage surrounded by a camping scene.,Two girls on a stage.
contradiction,A group of Asian men and women take a picture in front of a building.,A group of people are sitting down for dinner.
contradiction,Girl reading book walking down street.,"A girl is sitting down, looking at the ceiling."
contradiction,Two men looking at each other with computer monitors in the foreground.,There are two women staring at each other
contradiction,Two people are dancing by a red couch.,The people are driving.
contradiction,Three boys are sitting by several laptops.,The girls sat near the laptops.
contradiction,Two people play soccer while three people watch.,Three people are watching a volleyball match.
contradiction,"Three people sit on a sofa, one of which is holding a baby.",A man walks by himself after dark.
contradiction,A lady with sunglasses on her head is wearing a blue top with a black top on top of it and is walking behind a man wearing a pink shirt.,A lady in a green dress walks in front of a man in a suit.
contradiction,A dog is jumping up at a man wearing a search and rescue jacket.,The crowd of people are at a music festival.
contradiction,A child is turning the handle on an egg-beater.,the child is sleep
contradiction,A woman on a sidewalk with luggage.,A woman has luggage above her head.
contradiction,The two dogs are running through the water side by side.,Two dogs are sitting on a couch.
contradiction,A child sleeping in peace.,A child is eating bacon.
contradiction,Two people are carrying rows of white and teal seats.,There are people purchasing seats
contradiction,A man on a scaffold paints a wall with a paint roller.,A man is eating a burger.
contradiction,A man in a white shirt playing a black and white guitar.,A man plays the trombone
contradiction,this is a motorcycle race.,this is a car race.
contradiction,Grandfather fishes while grandson waits with net.,The man is playing basketball.
contradiction,"A man in a suit dozes on a park bench, with a sign for the subway in the background.",The man is fully awake.
contradiction,an asian girl wearing a red hat along side several others with red hats as well,The woman's hat is green.
contradiction,An older workman is standing in wet cement with a trowel.,A man is laying down on wet cement.
contradiction,A football player in green tackles a football player in white.,Two players playing volleyball
contradiction,"A woman in black stands by a grill, with a bright green, blue, and yellow umbrella shading her.",The woman is not in black
contradiction,A group of children are waving a large cloth up and down.,There is only one child.
contradiction,The man in the striped shirt has the attention of a gathering crowd.,A man in a striped shirt walks down the street alone.
contradiction,The skateboard is falling away from the skateboarder as he attempt a jump.,Someone is riding a bicycle.
contradiction,Couple kisses while sitting on a bench next to a river while others are seated adjacent.,Two kids playing soccer.
contradiction,Workers on a platform work together to carry an item with skyscrapers in the background.,Workers on a platform work to clean windows by the ocean.
contradiction,A large group of people are enjoying one another's company over coffee at Dunkin' Donuts.,The group are enjoying the fresh air.
contradiction,A person playing the accordion on a bridge.,The person is jumping off the bridge
contradiction,He is at work overlooking the busy streets below.,The man comtemplates jumping.
contradiction,A man in a bright yellow and orange safety vest is showing a white architectural model to four people sitting at a table in a room.,The man is wearing a green vest
contradiction,A man in a white outfit is outside.,A man in all black is indoors.
contradiction,A dark dog jumps across the snow near the woods.,A dog sleeps on his bed inside by a fire.
contradiction,A man with a visor and blue top has thrown a Frisbee off into the distance.,A man is playing Dance Dance Revolution.
contradiction,A little girl flipping her pancake over.,A little girl drinking her juice.
contradiction,A man in a blue t-shirt is holding a little girl upside down.,The man made the little girl cry.
contradiction,A construction worker is working on a support beam on a building.,A dog is running
contradiction,A man in a black vest tries to open the window of a white and yellow van.,The man is wearing a pink Hello Kitty vest.
contradiction,A guy near the water working with wood.,Guy swimming in the lake
contradiction,A person in a wetsuit is surfing on the water.,The person is swimming.
contradiction,Woman sitting on chair with belongings in metal cart in front of spray painted graffiti.,A man runs down the street with a shopping cart.
contradiction,A girl with a red scarf wrapped around her neck is walking down the road carrying a white bag.,The girl skips along wearing her blue scarf
contradiction,A horse jockey is jumping a horse over an obstacle on a coarse.,a horse jocket is sleeping at home
contradiction,People attending an outdoor concert.,Some people watch an outdoor play.
contradiction,A male biker is doing a trick on a dirt path.,a man hiking on a path.
contradiction,Man posing by a natural pool.,The man is posing by a billboard.
contradiction,Two men and a woman sit on a brown bench with a brown dog.,The bench has no brown on it.
contradiction,A white woman looking outside her window in broad daylight.,a woman is asleep at home at midnight
contradiction,A blond girl eating an ice cream.,A girl is cooking a steak.
contradiction,"An individual wearing a beanie and a blue coat stands hunched over suitcases of various items, including cameras and scissors, on the sidewalk.",The man is inside in front of the fireplace.
contradiction,A man is walking down the street carrying a huge bundle of baskets.,The man is running on the beach.
contradiction,Two men stand on a sidewalk in front of a tropical hotel.,Some men are standing inside an elegant hotel.
contradiction,A woman in a white dress holding flowers standing in front of 4 cows.,A bride is riding a horse.
contradiction,A middle-aged man with dark hair and glasses is looking through a telescope while holding a young boy who is looking at the camera.,The man is looking through binoculars.
contradiction,Middle-aged man with long blond-hair and wearing glasses sits with a crowd.,The zombie is wearing glasses.
contradiction,A man at a food cart is serving corn.,A woman at a food cart.
contradiction,"Two men standing in a work place, one man taking pictures.",The men are riding horses.
contradiction,A man stands in behind a tray of small toys.,A man is standing near large toys
contradiction,A well dressed asian businessman walking ahead of a poorly dressed asian man in front of a white tile wall.,Three women dressed in suits stand near a wall.
contradiction,One of the members of KISS playing a white electric guitar in front of a black background.,The guitar is black
contradiction,Children in swimming clothes in a field.,Children are wearing coats.
contradiction,A little girl is walking along a line of logs on a sandy beach.,The girl is skating down the beach boardwalk.
contradiction,"A group of women in long, white skirts tie handkerchiefs to their heads.",The group of women are wearing black dresses.
contradiction,Two man finish wrapping a billboard sign on a building that advertises Lombardi sports.,Two men are using sewing machines.
contradiction,Two girls sitting outside by a body of water.,Neil Armstrong is sitting with the girls.
contradiction,A dog wading in the water with a ball in his mouth,The dog is dry.
contradiction,A man in long plaid shorts and a Easter hat carrying a black bookbag walks with a heavyset woman with pink hair and wearing a hippie style dress walk away from the camera following many other similarly dressed people.,The group of people are all dressed in bikinis.
contradiction,Two children an adult wearing a bicycle helmet playing in a pile of fall leaves.,A lion roars into the wild.
contradiction,A man is putting up a poster in front of a shop.,The man is indoors.
contradiction,Two Asian women are holding a YMCA sign and posing for the picture.,the women are crying at the doctors office
contradiction,The man fishing while sitting on the cliff.,A woman is fishing on the cliff.
contradiction,Man with bowl cut and gray shirt photographed from behind on a subway.,A man draws a portrait of another man.
contradiction,A crowd of people sit an walk across dirty streets,People are running in a marathon.
contradiction,A young football player is setting up for a field goal.,A capital ship for an ocean trip was the Walloping Windowblind.
contradiction,A group of young African American kids sitting on a white wall in front of a white building.,Some adults are walking near a white building.
contradiction,Kenyan female running in a marathon.,The female is asleep at home.
contradiction,A woman in leopard print leggings pushes a stroller while a man in a blue dress shirt walks by her on the street.,The woman is wearing shorts.
contradiction,Two guys are sitting in a room together.,A woman is holding a turtle.
contradiction,A man standing on a bridge under a crane.,A man not standing on a bridge
contradiction,"Two soccer players, one in white, the other in maroon, are playing and the player in white is going for a header.",Three football players are sidelined.
contradiction,A young girl with pink hoodie and faded jeans is putting her face in front of a talking tube.,An individual stands infront of a pool.
contradiction,A soccer player is getting ready to kick the ball.,The soccer player is asleep on the field.
contradiction,A woman in a green shirt walking.,A woman in a green shirt is standing still.
contradiction,A young girl is looking through an old fashioned video camera.,A girl is drawing a picture.
contradiction,"A girl, a boy, and a woman looking in the same direction.",Two people share a milkshake.
contradiction,The young man sleeps while he walks.,The guy doesn't sleep walk
contradiction,A couple of men sitting under a tent.,The men are doing laps in a pool.
contradiction,Four men are walking up a trail.,the men are riding a boat
contradiction,A man is riding the bike without wearing his helmet.,The man has been bowling for hours.
contradiction,Boy wearing helmet stands by tree while man wearing helmet checks bicycle wheel.,the man took his son fishing
contradiction,A person jogs down a gravel road after a small dog.,The person is walking.
contradiction,A man standing in front of a blue wall in a brown shirt and white pants.,The shirt is yellow
contradiction,A woman in a green dress looking at another woman's ring on a street.,A woman with another woman walking besides her.
contradiction,A young man prepares some hamburgers on a grill in the backyard.,The man is sitting on his sofa.
contradiction,A man in an orange shirt and hat looks on while a young child walks in the grass.,The child is running away from the man.
contradiction,Men in a kitchen preparing food.,Several men play football.
contradiction,"Basketball team, with one of the players about to go for a shoot.",There is a hockey team.
contradiction,A man throwing an object at a dog who is running away.,A man is petting a dog laying at his feet.
contradiction,"A young Asian girl, with a black, Carnegie Mellon sweatshirt, is walking and listening to music through white earbuds.",A boy is doing his homework in class.
contradiction,A little boy wearing a white shirt and gray pants appears to be dancing.,A backpacker strolls through his school
contradiction,A woman is eating something in public.,a woman eats in her home
contradiction,A woman with a purple number 10 shirt and blue shorts stands in front of a brick wall full of sitting children.,Children are running in a field.
contradiction,"A woman, wearing a burqa, is holding a disturbing picture of a young girl lying outside in an area with rocks.",A woman is taking pictures of puppies
contradiction,A person in a blue shirt and hat working on a roof of a structure that is behind a fence.,The person in the blue shirt was eating lunch
contradiction,A little girl in blue is watching a little boy in black swing at a disney princess pinata.,kids at school take a test
contradiction,a group of people being pulled in a horse buggy by 4 horses on a grassy field.,A group of men are dancing.
contradiction,Bicyclists stay in a line as each wear different color suits.,The bicyclists are wearing the same color.
contradiction,Two baseball players in striped uniforms are hugging.,Two baseball players are not hugging
contradiction,"Kids doing a soccer drill in the soccer field, they are all dress in soccer uniforms except for one boy which is wearing casual clothing.",A woman bakes bread.
contradiction,A young boy standing between a wall and several large boulders.,Peter Pan was 87.
contradiction,Two young boys appear to be throwing rocks into a lake from the bank.,The boys are in a grassy field.
contradiction,A chef wearing white and black (and a white chef hat) lifting a spoon full of his newly concocted soup from a large stainless steel pot.,A man wearing jeans is spitting into the soup.
contradiction,People walk by a display of underwear hanging in a stall.,The people are swimming in the ocean.
contradiction,Three greyhounds racing around the corner of a track.,Three grayhounds are loafing around the corner of a track
contradiction,A lady waiting to walk across the street.,The lady is inside reading a book.
contradiction,A boy in a green t-shirt and orange pants is using chalk to draw on the sidewalk as a younger boy in a yellow t-shirt looks on.,A kid draws on a wall while no one watches.
contradiction,A man wearing black pants is sitting on a bench holding a stick.,A man is picking up sticks that have fallen in his yard.
contradiction,"An old woman gazes up with thought, with two smiling women and a large man in the back and foreground.",The woman is asleep in the grassy meadow.
contradiction,People are standing around with one person hanging a tarp.,There are people sitting.
contradiction,A man sitting on a ball hides his face from a small kid.,They are inside playing games.
contradiction,A man in a yellow jumpsuit is standing outside next to brown bags on the ground.,A man is sleeping.
contradiction,A young girl wearing a dress is running in a field.,The young girl is learning her alphabet in her preschool classroom right now.
contradiction,Three teenage boys standing in front of a white car,Three boys on a boat
contradiction,A man close to a red car is taking pictures.,a man is driving a tank next to a black car
contradiction,A woman with a camera stands next to a stone wall.,The woman is having dinner in the theater
contradiction,A woman sitting on a wall on a bright summer day.,A woman is standing near a fence.
contradiction,Race cars driving through rain on a racetrack at night.,A man drives a tank.
contradiction,A Yankees fan sits at a computer with headphones on.,A booger sitting at a computer with headphones on.
contradiction,A man in a black shirt jumping with a coffee cup full of a beverage.,The man in red danced with a mug.
contradiction,Their are three women at a desk and the women with the long braid looks in the microscope.,The women are giving puppies a bath.
contradiction,A woman sits on a mat surrounded by red fruits.,The woman is driving a car.
contradiction,Many people crowded on some sort of public transportation.,a group of giraffes in a zoo pen
contradiction,"Two women on the beach, looking at a tattoo on one of their backs.",Two women swim and flirt with guys at the beach.
contradiction,Little toddler riding his bike for the first time.,A girl learns to dance.
contradiction,A woman with a blue jacket and black pants is under a black and yellow tent,A woman in a green dress is in line to buy popcorn at a movie theater.
contradiction,A football quarterback dropping back and planting his feet to throw a pass.,man fell down on the ground
contradiction,A man in a red t-shirt rides his bicycle past Eddie's Sweet Shop.,A man fell off his bicycle.
contradiction,Woman in nice clothes does not have an umbrella.,the woman is asleep at home
contradiction,"Several construction workers next to a rail, with a child dressed as a worker.",There are several cashiers next to a rail.
contradiction,A martial arts competition between a blue and red belt.,The band is playing at the marching band competition.
contradiction,There are buildings in the background.,A desert rests in the background
contradiction,A young artist paints a picture of several people kayaking in the lake.,The photographer takes a picture of the beach.
contradiction,A girl with long hair is riding a teeter totter.,A girl climbing the monkey bars.
contradiction,"A classroom in India, with many decorations hanging from the ceilings, and a white circle on the floor.",A classroom in India is bare.
contradiction,Two girls holding cups of water while walking next to a barbed wire fence.,People are dancing on a table in the park.
contradiction,Bicyclists waiting at an intersection.,A bicyclist is sitting down having lunch at the mall.
contradiction,Three men in a fishing boat on a river in Africa.,three men swimming in river
contradiction,People eating at an Asian restaurant.,People are eating at a Pizza Hut.
contradiction,A woman in a string bathing suit with a man on a boardwalk on a foggy day.,A woman is in a one piece suit
entailment,A little girl in a yellow dress lays on a wooden floor surrounded by flowers.,A girl is laying on the floor next to flowers.
entailment,"A man with a yellow jacket, bright red tie, and red clown nose with a large sign on his back standing on a walkway.",A man is on the walkway.
entailment,Man on a moped looking back as he crosses the street.,The man is on a moped.
entailment,A small brown dog playing with bubbles in grass.,The brown dog is engaged in a pysical activity.
entailment,A dog stands on the edge of an icy body of water.,A dog is standing outside.
entailment,A man in black surfs on a wave.,The guy is surfing.
entailment,"A young Asian woman wearing a mask drives a scooter in a crowded street, with a young man sitting behind her.",A young lady is driving a scooter.
entailment,A little girl in a brown top and pink pants is balancing a bowl with plants in it on her head.,A girl has a bowl of plants on her head.
entailment,two girls are laying down together on a couch,Two people are laying together on a couch.
entailment,A man is playing an organ.,a man is pressing keys
entailment,A girl in a white dress walks toward the water and away from white boots on a beach.,A girl walks toward the water.
entailment,"On a narrow street lined with houses, some with red awnings, a man talks on his cellphone.",A man talks.
entailment,three little girls run on a soccer field.,Children playing sports.
entailment,A couple covered in paint caught the attention of those in front of them at the fruit stand.,Paint-covered people attract interest.
entailment,The happy couple enjoys the scenic winter stream.,The couple is enjoying the winter weather.
entailment,A squad of military personnel are driving a jeep in an urban setting.,The military are in an urban area.
entailment,A kid standing up on a swing in a park.,A kid standing tall on a swing outdoors.
entailment,A foreign politician answering questions from the media.,A politician is speaking.
entailment,A couple of older people are sitting on a chair in an area surrounded by railing.,A couple of older people are sitting on a chair
entailment,An African with an old magnesium flash camera.,The person is using a camera.
entailment,A man dressed in blue stands against a wall.,There is a person dressed in a cool color who is standing.
entailment,"A man pushes a miniature train engine which a little boy, possibly his son, is riding down a track at a park of some sort.",A boy and his father are enjoying their time at a park.
entailment,A hiker is climbing up a snowy mountain.,The mountain is snowy.
entailment,People are eating food in a busy restaurant.,People are eating.
entailment,A white dog sits on a rocky lawn.,A white dog sits on a nonsmooth lawn.
entailment,A toddler with medium length black hair is carrying a patterned bundle of cloth.,A black haired toddler is carrying a cloth.
entailment,Three people are riding horses at a show.,Three people riding horses.
entailment,A man and a woman stand together hold and young boy and a baby.,The couples are holding their kids.
entailment,The ski instructor is teaching the little girl how to bend her knees and stand on her ski's.,A little girl is taking skiing lessons.
entailment,a young couple with child shops at a small sandwich and coffee shop.,Three individuals are shopping for food and drink.
entailment,A man sitting on a bench in a park reads the newspaper.,A man is outdoors.
entailment,A small dog wearing a purple and green cape,The dog is small.
entailment,"A woman in blue with a striped purple scarf on her head, stands in front of a woman with a brown headband on her forehead who is speaking with a man wearing light blue and wearing a purple turban.",A woman has something on her head.
entailment,"A male and female fire performer, work their craft in front of an audience.",Two people perform a trick.
entailment,Skier skiing downhill,Someone is skiing downhill.
entailment,People watching a man breakdance.,A man is breakdancing.
entailment,A group of three young adults stopped to pose for a picture outside a clothing shop.,Three people pose in front of a clothing shop.
entailment,Here is a picture of two people standing in the middle of the road at the dark of night.,Two friends are walking at night to eat dinner
entailment,Child in blue trunks splashing in blue kiddie pool,child in pool
entailment,Brown-haired woman turning head fast making hair whip around.,Brown-haired woman whips her hair around.
entailment,A very happy boy signs a large piece of paper with plethora names on it.,The boy is writing a name.
entailment,a young wrestler being thrown to the yellow mat.,A wrestler thrown to the mat.
entailment,Three men sitting laughing and clapping.,The laughter and applause came from the three guys sitting down.
entailment,A man and his canine on the beach.,A dog is near the man.
entailment,A man and a woman on stage performing a dance.,Two people dancing on stage.
entailment,closeup of bartender (women) grabbing a glass inside the bar.,A woman inside a bar.
entailment,"A person wearing a red, white, and blue helmet sitting on a motorcycle.","A human being wearing red, white, and blue is sitting on a vehicle."
entailment,A band recording in the stdio with drums.,A band is record in a studio.
entailment,A woman in a 3rd world country using a saw to cut through a steel bar.,A woman is cutting a bar
entailment,A man has transformed into an abstract piece of art on the street corner near a park.,A man is a piece of art outside.
entailment,"Women's Soccer, Blue and white team versus Red and white team, Seems intense.",The soccer game is exciting for the players and fans.
entailment,A girl in a tree smiles.,A smiling girl is sitting in a tree.
entailment,A man turning around and smiling as he walks down a busy street at night.,there is a drunk man who is happy
entailment,"Several boys in bright orange clothing standing in front of a lake with boats in it, holding up an object that is dripping.",People standing outside.
entailment,Soccer players wearing black shirts standing along the goal line.,There are players at the goal line.
entailment,A girl holds a teddy bear while wearing a floral outfit and pink shoes.,There is one child in this picture.
entailment,A man and a boy pose for a picture in a stairway overlooking a waterfall.,A man and a child have their picture taken together.
entailment,"A man holding his foot out to the camera, while sitting on a red couch next to a sleeping woman.",The woman is asleep.
entailment,"A person in a gold shirt is holding a guitar, by the neck, that has many religious stickers on it.",A person is holding a guitar.
entailment,Slender dog running in the sand on a sunny day.,The dog is running in the sand.
entailment,A female gymnasium in a blue leotard getting hugged by someone else in a blue jacket and black pants.,The people are hugging.
entailment,A baby with its eyes closed is holding a wooden toy and biting it.,The child is chewing its toys.
entailment,A man wearing a tan coat shovels snow out of his driveway.,A man is wearing a tan coat
entailment,Little boy rides around playground on a motorized bike.,Boy rides a motor bike.
entailment,A man with work gloves and tool belt climbs the scaffolding next to an old yellow and white building.,A worker climbs scaffolding up the side of an old building.
entailment,Two women walking down the sidewalk by a pond.,The women are using their legs.
entailment,A man in a blue shirt and green shorts about to cook a marshmallow over a fire.,People are by a fire.
entailment,A young man looking at a camera.,A person looks at a camera.
entailment,A man doing a trick on a bike while in the air.,a man is doing a trick on his bike
entailment,A person is walking up a snowy hill,person walks up hill
entailment,Girl wearing blue jeans doing tricks on a bike.,There is a girl wearing clothes.
entailment,"Several dogs in the snow, all harnessed in a line.",Several dogs are in the snow
entailment,A boy is making the victory sign with both hands,The boy made the victory sign.
entailment,There is a woman with a purple wrap on who is making quits the old fashion way with a loom.,A woman is using a loom.
entailment,A man standing next to a wall with a company logo.,The man is a company employee.
entailment,Two Indian people are dancing at a wedding with flower petals all over the floor.,Two Indian people people dancing at a wedding.
entailment,A woman with fair skin and light brown hair playing the violin.,A woman plays the violin.
entailment,A guitar band is playing on stage.,A guitar band is playing.
entailment,A man on a Segway speaks to a couple of ladies.,The guy in the picture is not on horseback.
entailment,A young teen performing a skateboard trick at a construction site caught in midair flipping his board.,A young person is doing a trick on his skateboard.
entailment,baseball players playing with kids and adults on a field.,Baseball players playing outside.
entailment,A man stands on a scaffold his back facing away looking at a city.,A man is on scaffolding not looking at the ciy.
entailment,Three women stand in a kitchen cooking.,The women are indoors
entailment,Several people gather outside a street market at night.,People gather outside a market.
entailment,"Someone is snowboarding down a hill, shredding snow.",There is snow on the hill.
entailment,"Three people dressed in blue, white and black leotards are being held up by the hands of a set of two people each on the ground dressed in the same outfit as people look on.",People are watching as two people hold up three people in matching leotard outfits.
entailment,A woman wearing a maroon hoodie is holding a black object as she wades through shallow water under a bridge.,There is a woman in the water holding a some sort of object.
entailment,A man in a yellow shirt and light colored pants sits next to a woman wearing a light colored hat in front of a camper while a young boy in a yellow shirt and jeans tosses rocks.,A man sits next to a woman while a boy tosses rocks near a camper
entailment,A person is sitting on a chair while listening to music.,A person is sitting.
entailment,"Two babies asleep in a highchair, one baby wearing blue and the other wearing red.",One baby is wearing red.
entailment,A man in a suit waits for the subway,the man is waiting
entailment,A man in a high-visibility vest cleans up trash at an intersection.,The person is helping remove litter.
entailment,A young boy wearing orange is running with the football as the boy in blue tries to wrestle him to the ground.,Two boys are playing football.
entailment,A caucasian boy looking through a microscope outdoors.,The boy is looking at something.
entailment,Two people riding bikes next to a railroad.,The people are outside.
entailment,A girl with extended arms goes down a slide.,A girl plays at a playground.
entailment,two men wearing boots are playing guitar,Two men are playing instruments.
entailment,Young Girls wearing skirts run hand in hand in some grass.,There are people outside.
entailment,A person in a black wetsuit is surfing a small wave on a beige surfboard.,A person surfing a wave.
entailment,Five construction workers dig a hole to plant a tree.,Workers dig a hole.
entailment,A woman is holding a drink high in the air.,The woman has her arm extended.
entailment,The brown dog stands in the water and shakes off.,The dog is shaking off water.
entailment,A motorcycle parked on the side of the road.,A motorcycle is parked.
entailment,A guy with short brown hair is playing a wooden stringed guitar-like instrument while wearing a green Hawaiian skirt with white flowers on it and has a pink flower behind his ear.,A guy playing a string instument.
entailment,A man with a goatee in a black shirt and white latex gloves is using a tattoo gun to place a tattoo on someone's back.,the man is a tattoo artist
entailment,"Two young brunette girls, one dressed in a dark blue dress, the other in white, are facing each other and holding out some triangular objects towards each other in front of a stone wall.",two girls in dresses are posing
entailment,A man smoking a cigarette is walking his dog next to a lady wearing a blue striped jacket.,Two people and an animal are outdoors.
entailment,"A rodeo rider in a black cowboy hat, sits atop a bucking bull exiting the gate in front of onlookers.",The rodeo participant begins his stint at bull riding while the crowd looks on.
entailment,"A man is preparing to tee off in golf, and there is a big crowd watching him.",The man is outdoors.
entailment,A person riding a four wheel ATV over a jump.,a person riding an atv
entailment,The woman gets a gift out of a christmas stocking.,A woman is getting a present
entailment,A man holding out a pot of food.,A man with his food.
entailment,A boy wearing red swim trunks is playing in the water at the beach.,a bay wears red
entailment,"A worker in a blue shirt is high up on the outside of a tall office building, cleaning the windows.",There is a window cleaner.
entailment,Two men pass on the street.,There are two  men
entailment,The badgers' pom team pose for a photo.,The badgers' pom team are getting their picture taken.
entailment,Man with a white hat and white shirt playing many instruments on stage next to a sign that says Appeared on Jimmy Kimmel.,A man is playing music on a stage.
entailment,A woman in a plaid coat is standing in front of washing machines inside a laundromat.,Woman in a laundromat.
entailment,A street performer's drum beats gain many onlookers.,The street performer is playing for a crowd.
entailment,"3 men in a band surround by equipment with all 3 holding guitars and the man in front looking down with a shoulder strap, brown pants and a white shirt.",3 men are musicians.
entailment,"Man with black hat, holding microphone next to girl with red-hair looking at a book.",A man is holding a microphone.
entailment,A student is cutting paper with delight.,The student is cutting paper.
entailment,A man with a yellow jacket on a motorcycle has stopped to talk to two men.,the men are talking
entailment,Young children are dressed in brightly colored clothed playing together in a bounce house.,The children are under the age of 47 years old.
entailment,"A young woman in an ""I Heart Bill Clinton"" T-Shirt cooks meat on a grill in a public picnic area, while two young men converse behind her and a bicyclist and motorcyclist ride by on a nearby road in the background.",A young woman grills meat outside
entailment,2 elders flower shopping for their husbands grave.,the elders are shopping
entailment,A military man is aiming his gun.,A man is aiming his gun.
entailment,"A band performs live for the ""Good Morning America"" Summer Concert Series in front of an audience.",A group of musicians plays a live show for a TV audience.
entailment,four young people have stopped to listen to a man play a saxophone.,A man is playing the saxophone.
entailment,A woman walking towards us on a street with a seated man looking on.,A woman walks down the street.
entailment,Group of american camel riders on a dirt road smiling and having fun.,A group of people smiling.
entailment,"A blond woman in a beige hat and black shirt, looks behind her, smiling at the camera, with a group of other people talking in the background on a street.","A blonde lady in a brown hat and black shirt is looking over her shoulder, smiling at a camera, while a group of people chatter behind her."
entailment,"A football team of young boys wearing yellow and black striped shirts are happy, with one child hugging an adult.",The football team has on yellow and black jerseys.
entailment,A man dressed in red is riding a beautiful white horse in some sort of exhibition or competition.,A man is riding his horse in a competition
entailment,"A male soldier in green military fatigues, inspecting an old, metal weapon, placed on a bed of grass.",man inspects weapon
entailment,two little girls making some kind of art.,Two little girls were being artistic.
entailment,A man stands next to three video game machines and a beer sign.,A man is in a bar
entailment,A man wearing glasses sits in the backseat of a car and plays a guitar while looking out the window.,A man sat down in the back of a car and played guitar.
entailment,several people look on as gymnasts try to stick their routines.,Several people Watch gymnasts.
entailment,"a man wearing blue shorts, striped shirt, and brown sandals stands at a street vendor selling vegetables engaging with a person working there in a sleeveless shirt.",a man buying vegetables at street
entailment,A football player blocks someone from the other team so his teammate can pass the ball down the field.,A player blocks another player from the opposing side in a game of football.
entailment,A football player wearing a number ten jersey is catching a football with both hands.,A person
entailment,A man operating a crane concentrates while inside of a protective booth.,A man operates a crane.
entailment,Women are surrounding a table full of handbags.,The handbags are different colors and styles.
entailment,Several men are playing ice hockey in an arena.,Men are playing ice hockey.
entailment,A man is being suspended in the air next to the window of a building which he is cleaning.,The man is in the air.
entailment,A male driving a bulldozer to plow green grass and rocks,A man is using a bulldozer.
entailment,"A young boy, wearing a red sports uniform, stands in the middle of an empty sports field under a dark blue sky.",A boy stands in a sports field at night.
entailment,A lady in a red cap serving food to the community.,There is food for people in the community to eat.
entailment,an Asian girl carrying a pink bag is walking away down a busy city street.,The street is occupied by at least a girl.
entailment,A group of children in the park watch as a young girl in a purple shirt and blue jean skirt makes a large bubble.,A group of children are outside at a park.
entailment,The little boy is holding his toy while two women look at him from the table.,A kid has a toy and people are looking at him.
entailment,One boxer in white shorts is punching the other boxer in blue and red shorts in the face.,Two boxers are fighting.
entailment,The family has a fun day out pretending to be tightrope walkers.,A group of people are spending the day together.
entailment,A man in protective gear is riding a go-cart down a road.,A man is riding a go-cart.
entailment,A wrestler crouches in pain while his opponent walks in the opposite direction.,A person in pain
entailment,"A van painted in bright blue, pink, and green is driving down the road.",There is a vehicle in this picture.
entailment,A girl with blond-hair is jumping off a tire swing,a girl is outdoors
entailment,a family takes a ride on a yellow boat.,A family is together in a boat
entailment,A smiling young woman is shown from the shoulders up with her long hair blowing in the wind.,A women with long hair is enjoying the outside.
entailment,"The kitchen worker at a restaurant observes the dining room, including a man in a red jacket.",The worker is employed.
entailment,A group of people standing on a corner waiting for public transport.,People are outside on the street corner.
entailment,Many of the dishes contain rice.,The food is cooked
entailment,"A woman in a white sweater looks at three types of lamps in an art display, while a man with a shaved head looks on in shadow.",There are people at an art display.
entailment,White bird walking across wet sand.,There is a bird on the beach.
entailment,A young boy practices his bat swing while in the stands with blue seats.,A young boy is practicing baseball.
entailment,A young man jumps over a hurdle on a track.,A man jumping.
entailment,A group of asian friends.,Asian friends are together.
entailment,A little boy starts to toss a mini basketball.,A boy tossing a basketball
entailment,A man picking up a big rock.,A man is lifting something
entailment,A boy wearing cowboy gear stands next to a cow and trailer.,There is a cow next to a boy.
entailment,Woman wearing maroon sweater carrying guitar in the woods,Woman carries a thing outside.
entailment,A girl with a black purse sitting on a wooden bench.,A girl is relaxing on a bench.
entailment,Several people is hard hats are standing on a structure.,There are people wearing hard hats
entailment,A little boy chases chickens.,A boy running after chickens.
entailment,Clown in red and black checkered pants on stilts acts as a puppet master as a female in blue hair acts as a marionette.,A human standing
entailment,A male fire-dancer performs.,The male is near fire.
entailment,A dog in the snow ripping an object with its teeth,The dog is outside in the snow.
entailment,Three little boys take a bath in a rubber bin on the grass.,Three boys are cleaning themselves.
entailment,a couple walking along on a sidewalk,The couple are outside.
entailment,The white dog is lying on the grass and chewing a piece of wood.,"A dog chews wood, outside on the grass."
entailment,A man in a light blue cap smiles.,A man is in a blue cap.
entailment,A black dog runs on green grass with a toy in his mouth.,A black dog running outside.
entailment,Two women wearing white shirts are dancing.,The people are wearing shirts.
entailment,"A man wearing a blue shirt, a blue hat, and an apron is standing outside the Candy Cafe on a sunny day.",A man stands near a cafe.
entailment,The boy comes down the hill in the red wagon.,He is outside.
entailment,A person is skiing by themselves down a back country hill.,The person is skiing.
entailment,A man in a green jacket and black leather boots sleeping with his mouth open on a wooden bench in the grass.,On a wood bench a man wearing a jacket and leather boots is asleep.
entailment,An ATV attempts to get out of a ditch.,An ATV is stuck.
entailment,A girl is balancing on a wooden beam.,the girls is balancing
entailment,Two men standing on some logs next to an open trailer.,Men standing on logs.
entailment,A man in jeans and sandals sits outside near trees and a goose and plays a string instrument.,The man is playing music.
entailment,A woman uses a newspaper to provide shade and get rid of glare while she uses her computer outside.,A woman is outside in the sun.
entailment,A couple is sitting down together next to a sewer entrance.,People are outside of a sewer entrance.
entailment,Two guys are performing a show.,Two guys are putting on some entertainment
entailment,Little girl throwing food in the air for her white dog to catch.,A human throwing.
entailment,A dog walks on a log across a small river.,the dog is outdoors
entailment,A couple enjoy the scenery while a photographer captures it on film.,The couple are outdoors.
entailment,There are several people walking towards a house with a big tree next to it out in a field.,People out in the middle of a neighborhood.
entailment,There is a man with a young child in a red outfit looking at advertisements.,The guy with his kid in red are watching commericals.
entailment,A young woman leaps high into the air to spike a volleyball over a net while her teammate watches with anticipation.,A woman is playing volleyball
entailment,"A little girl in a flower print bathing suit, jumping into the ocean.",a girl is wearing a suit
entailment,Young teens hanging out and enjoying themselves,Teens spending free time together.
entailment,Look at that beautiful animal running towards the bush.,Look at the beautiful animal running towards the bush.
entailment,People are watching as a blue car is hanging over a bridge that crosses a river.,People are watching a car.
entailment,The white dog has a blue shirt on and is behind a black dog with a rellow shirt on.,Two dogs are wearing shirts.
entailment,Two men and a woman are walking through a field.,Three people are outside
entailment,two men on a sidewalk sitting and lying on luggage.,Men are on the sidewalk.
entailment,"A Mac laptop, open, on top of a blue chair in a room with a group of people sitting in a semicircle around it.",A group watching the laptop.
entailment,"Man in boat wearing athletic shorts, a backwards baseball cap and sunglasses unhooks a fish he has caught while fishing.",The man's attempt to catch a fish has been successful.
entailment,A blond pony-tailed woman and a gray-haired man converse while seated at a restaurant's outdoor area.,the man and woman are talking
entailment,A girl wearing a white sweater over a gray shirt is holding her hand over her mouth as she laughs.,A girl is wearing a white sweater.
entailment,African American child listening to someone talking at a gymnastics tournament.,A kid listens to someone talk at a sporting event.
entailment,A man wearing sunglasses and a cap driving a Coast Gas truck past a rigging unit.,A man driving a gas truck.
entailment,The boy in the black jacket and checkered helmet does impressive jumps on his bike.,The boy is wearing a helmet.
entailment,A man wearing shorts and a tank top jumping into the air.,The man is jumping.
entailment,"Three women are running through a puddle, and there are two women behind them.",Some people are running outside.
entailment,An older man is sitting on a bench in front of a grassy area.,A man is outdoors.
entailment,Three women are walking down the street together near a very beautiful building.,three women are outdoors
entailment,Group sitting on a grassy hill resting.,They are resting on the hillside.
entailment,Employee in pink shirt smiles for camera inside a restaurant kitchen.,The employee works for the restaurant.
entailment,A shirtless man standing on the edge of a stream.,A man took off his shirt near a river.
entailment,A farmers market where people show their skills and goods.,There is a farmer's market with many goods.
entailment,Boy in green sweater with white stripe on sleeve standing on wood planked floor with body of water in the background.,The boy stands near the water
entailment,A man wearing a blue sweatshirt pulling a rope.,A man pulling a rope.
entailment,A man dressed in red and white holds out a basket while a young girl wearing pink donates to it.,A man collects donations.
entailment,A skateboarder grinding a lip.,A person has a skateboard.
entailment,Two Indian women in saris are bending over a wet street.,Two women are outside.
entailment,Two men are jumping into the air to catch the football.,Two men jump in the air and compete to catch the football.
entailment,Three asian people sitting down.,Some humans sitting.
entailment,The man wearing white clothes and white leg padding is practicing a sport.,The man is in athletic gear.
entailment,"The two bare feet of gymnast are seen balancing atop a large, red balance ball at a public event.",Feet siting atop a red ball.
entailment,"Group of older women wearing purple and red clothes, chili peppers jewelry, and large sombreros, sitting on a brick bench.",There are women sitting on a bench.
entailment,A man is barbecuing hotdogs and hamburger patties on a large grill.,The man knows how to cook food.
entailment,Three children sit in a field and play with a soccer ball.,Three kids are playing soccer.
entailment,"A man wearing a long-sleeved white shirt and pink necktie, and a woman wearing a white blouse and black skirt walk next to a cinder block wall.",A man and a woman walk outside next to a block wall.
entailment,Young woman enjoying herself playing pool.,A woman is having fun playing pool.
entailment,man washing the windows of a skyscraper,Man washing windows.
entailment,A busy outdoor kiosk to sell items.,A busy outdoor kiosk.
entailment,A group of people stand with their hands raised while standing on a wooden floor and in front of a blue backdrop.,A group of people with their hands in the air while standing on a floor made out of dead trees.
entailment,A young child with a hat on playing with a bubble machine.,A kid is wearing a hat.
entailment,Four children jumping on the shore.,There are four children.
entailment,A boy and an old man with a cane are talking.,The boy is talking to the man.
entailment,"A football team is seen making plays, blocking, catching and running.",A football team is playing.
entailment,"Two people look toward the camera as they cross the street in front of a red building with a sign saying, ""Royal.""",A red building has a sign.
entailment,A marching band wearing blue and black dances on the street.,There is a marching band on the street.
entailment,A group of musicians inside of a living room with white walls and brown rugs playing their music.,Some people play music.
entailment,A man in a blue shirt is standing on a ladder cleaning a window.,A man in a blue shirt is cleaning a window from a ladder.
entailment,"Two soccer players, one in red one in blue, running to kick the ball in soccer game.",Soccer players are running to kick the ball.
entailment,A young girl dressed in a Minnie mouse outfit and an older woman walking down the sidewalk.,A young girl and a woman are walking on the sidewalk.
entailment,"Two men, both in red shirts, one in midair while they are playing basketball.",Men are playing basketball.
entailment,"Guy with long brown, curly hair and eyeglasses, playing guitar, sitting on grass, wearing striped shirt and blue jeans.",a man is playing his guitar
entailment,A man jumps from one boulder to another and two men try to catch him as he barely makes it.,A man risks his life jumping from boulder to boulder as his friends make sure he doesn't fall.
entailment,A boy is being covered in sand at the beach.,The boy is at the beach.
entailment,Two hockey players line up for a face-off during a game.,There are people playing a hockey game.
entailment,A man in a black shirt crosses a street with a guitar on his back.,The man is wearing a black shirt.
entailment,A group of people are enjoying their meal.,A group of people are eating a meal.
entailment,A rugby player wearing white short and shirt being tackled by another player wearing blue shorts and trunks; a teammate of he player being tackled is coming up behind the tackled player.,A rugby player wearing white short and shirt being tackled by another player wearing blue shorts and trunks
entailment,Five people are painting outside on the sidewalk using spray cans.,There are people.
entailment,An old man is wearing a black jacket.,The elderly gentlman is wearing a black jacket.
entailment,A woman is outside a store taking a picture and making a face.,A woman takes a picture.
entailment,A group of older men gather outside.,There is a group of people outdoors.
entailment,this man is breakdancing.,The man is moving his body very rapidly.
entailment,A man with a black hat sitting down carving a wooden column.,A man carves an object.
entailment,Two men wearing blue and yellow suits and boots are working on the road.,Two men wearing a blue and a yellow dress are working together on the street.
entailment,O woman walks hurriedly past a department store with a red evening gown in the display window.,The woman sprint past the deparment store ignoring the red evening gown on display
entailment,An older woman models a large grill installation at a home center.,The older woman is demonstrating a large grill instillation at the home center.
entailment,"A man in a blue t-shirt is cutting the food, a woman is sitting and looking at something.",A person is preparing food.
entailment,Two people are scuba diving in blue water with lots of bubbles.,Two people are scuba diving.
entailment,"Several people are in a building looking at several bicycles, and the person near the front has a blue shirt.",Several people are in a building looking at bicycles.
entailment,A city street with cars parked by the meters and people walking and congregating under a pavilion type area.,A city street with cars and people on it.
entailment,A riot squad making their way through a crowd.,There is a riotous crowd outside.
entailment,Two girls are astonished at the sight of planes.,The planes were a sight for sore eyes.
entailment,A man poses in front of a run down house,A man takes a photo of a worn down building.
entailment,A young child plays with a toy car and a displayed track set in a store.,a young child plays with toys in a store
entailment,"A woman wearing a pink shirt and a name tag which reads ""Amanda"" applies lipstick to her upper lip, her mouth moderately open.",A woman in pink puts lipstick on her upper lip.
entailment,The Irish setter with the safety vest is running ahead of the Rottwieler and the Dalmation.,The dogs are running.
entailment,Two boys playing tug-of-war while one reaches out to chair on left,Boys are playing tug-of-war.
entailment,Two men talking to another guy in a green cap as another man sleeps on a bench in the back.,Two men talking to another guy in a green cap as another man sleeps on a bench in the back.
entailment,Basketball players are reaching for the basketball as it flies through the air.,A group of basketball players are trying to get a rebound
entailment,A group of three boy scouts rest on a bluff overlooking the ocean.,There are boys looking at the ocean.
entailment,Pink shirted woman sleeping in a car with blue and white blanket on her.,A woman is asleep.
entailment,A baby in a cart on a sidewalk.,A baby in a cart on a sidewalk.
entailment,A white dog runs through a field.,A white dog is running.
entailment,A small black and white dog and a larger tan one are checking each other out at the waters edge.,A dog are looking at each other
entailment,Presenters speaking at conference.,people speaking
entailment,A man is rowing in a small boat called Neptuno,Man rowing small boat
entailment,A little girl pushes a merry-go-round in a park while two other kids hold on. ee,A little girl is at the merry-go-round
entailment,Two children are playing on the beach and the girl is jumping.,There are kids playing on the beach
entailment,One man building something from an old piano.,A man is talking apart a piano.
entailment,Woman unpacking a bag with photography equipment inside.,A women is unpacking a bag
entailment,A woman in a blue shirt in a crowd.,There is a person in the crowd.
entailment,A young beagle playing in the grass.,A dog in some grass.
entailment,A man and a woman are at a restaurant cutting cake.,A cake is being cut.
entailment,An elderly man sits on a stool outside his door and sleeps.,An elderly man sleeping while sitting on a stool.
entailment,A truck-driver is working on his truck.,A truck driver works on his truck.
entailment,People are busy inside the hall.,There is a group of people in the hall.
entailment,A girl is walking up a hill.,A person  is walking up a hill.
entailment,A bongo player wearing a red shirt playing in a band.,A musician is drumming.
entailment,Two boys' football teams compete on the field.,Two boys' football teams compete.
entailment,A young child jumping on the bed as a man looks the other way.,A young child is playing inside.
entailment,Two workers working on yellow paper lanterns.,Some yellow paper lanterns are worked on by two workers.
entailment,Two men on horses look on as another man is bucked off the back of his horse.,Two men on horses look on as another man is bucked off.
entailment,A hockey player in white tries to steal the puck from another player in red.,They are playing hockey.
entailment,A person jumps off of a ledge into a body of water.,a person jumps
entailment,A man is playing tennis while people watch.,There are people watching a sport.
entailment,A white and brown dog is running over orange leaves.,The leaves make a rustling sound.
entailment,Two women are fighting in a martial arts tournament.,Two women are competing in martial arts.
entailment,Three dogs are playing.,A group of three dogs are playing.
entailment,"A man carrying a musical instrument and wearing a gray jacket, purple hat and purple scarf examines some money as he stands near a worn utility pole.",A man is looking at money.
entailment,A short-haired woman speaks passionately to a group of younger women wearing traditional Indian dress.,A woman speaks to other women wearing traditional Indian clothing.
entailment,"A Golden Retriever, wearing a Tanuki styled hat, while laying on a couch, looks onward in the distance to the left of the photographer.",A dog is wearing a hat
entailment,People are running outside of a building at night.,There are people running outside of a building at night.
entailment,"Three gentleman, one sitting on a bench and two standing up against a wall.",There are three men sitting or standing next to each other.
entailment,Skiers are on the snow near to the resort buildings below the mountain range.,Skiers are on the snow
entailment,A skateboarder jumps another skateboard.,A skateboarder is jumping over another skateboard.
entailment,A rugby match in progress is shown with the referee watching.,There are athletes playing a game.
entailment,A girl wearing a yellow shirt and sunglasses smiles.,The girl is wearing clothes.
entailment,The boy is wearing a jacket.,The boy has on long sleeves.
entailment,A man in a gray t-shirt and jeans smiles at the camera while sitting in a crowd at an outdoor event.,a man is at an outdoor event
entailment,A man in a red uniform jumps towards a soccer ball.,The man wearing the red uniform jumps towards the ball.
entailment,A woman in a pink shirt is grooming the mane of a horse.,A person is next to an animal.
entailment,A man is holding a utensil and is getting ready to dig into a plate filled with food.,A man is about to eat with a utensil
entailment,One horse has wraps around its legs.,The horse has cold legs.
entailment,A man jumps from one boulder to another and two men try to catch him as he barely makes it.,Men jumping from boulder to boulder.
entailment,Guy Kisses girl,Girl gets a kiss
entailment,Four people sit and listen to a woman in a blue scoop neck talk with two bystanders in the background.,The woman in the blue scoop neck is speaking.
entailment,Two women competing in a all women basketball game.,There is a basketball game.
entailment,Five young women are in a room interacting with one another.,The group is discussing a topic together.
entailment,Usain Bolt is racing against two other runners.,There are runners running.
entailment,A merchant sells various food items from his shop.,The merchant is selling items.
entailment,A person wearing a white shirt and red shorts is playing a tennis match.,someone is playing a sport outside.
entailment,Four men huddle around a blue race car.,Men are by a race car.
entailment,Small oriental girl trying to look through a telescope with eyes closed.,A little girl is using a telescope.
entailment,"A vendor, selling such kid-friendly items as popular cartoon balloons, water guns and clear umbrellas, wheels his stand around in the streets where he is selling.",someone selling kids goods stands on a street
entailment,"Two men, one with purple hair, at crowded fountain near Seattle Space Needle.","There are two men in this picture, and they are both outside."
entailment,Dad is adjusting daughter's bike.,The Dad is helping his daughter.
entailment,A man in a jacket painting outside.,a man is painting
entailment,A little girl dressed in pink and white is walking.,A girl is wearing pink and white.
entailment,Workers working at a bagel shop.,There are some people working at a bagel shop.
entailment,A group of people stare at a building.,People are looking at the same object
entailment,"A woman with curly, brown hair looks at her cellphone at a restaurant.",A woman looks at her cellphone
entailment,A woman with a designer handbag is admiring the view.,A woman is looking at the view.
entailment,A baseball player standing on the field,A player is on the field.
entailment,Two small girls are jumping on an outdoor trampoline in a backyard.,Girls are outside playing
entailment,A female tennis player is standing with her feet apart on a court.,A woman tennis player is in a certain stance on the court.
entailment,A dog is taking a dive into a body of water.,This dog is going to get wet
entailment,A man in a red jacket rides a horse in mountainous terrain.,A man has a red jacket.
entailment,A man is sitting on a shooting range equipped with a pistol while other men are similarly preparing to fire their guns.,The man is sitting on a shooting range with a gun.
entailment,A group of young males standing around a table.,Some people grouped together.
entailment,This is a large group of young people at a party.,There is a large group of young people.
entailment,"Four bicycles indoors: a red one being held by woman in black and a dog in the basket, a black one with saddlebags and a man in a gray shirt holding it, a blue one being ridden by a man in black shorts and a white shirt, and another that is blocked but is held by a person in an orange jacket.",Four people are handling bikes indoors.
entailment,A man walks along a sidewalk outside of a record shop while a person sits nearby taking pictures.,Two people are outdoors.
entailment,One man wearing glasses sits in front of an Apple computer and drinks from a cup while another man wearing a cap and glasses stands in front of a microphone.,both of the men have glasses
entailment,A girl stands on a pier as a ferry comes in.,A girl is next to a ferry.
entailment,"A group of men, several of them already covered in mud, are on a muddy field playing a sport of some sort.",some guys stand in a field playing a sport
entailment,Several people are playing in the fountains.,There are people in the fountain.
entailment,A man wearing a blue shirt and shorts is resting on a rock soaking his feet in a rocky stream.,A man is resting on a rock.
entailment,Many people are walking through the city during the day.,The city has many people in it.
entailment,"A man pulls a rope that is attached to a floating boat marked ""Avocet Market Drayton"".",Man pulling boat.
entailment,An older man with glasses and a white beard is walking along the sidewalk of a road.,An older gentleman walks on a sidewalk
entailment,TWo people walking into a shadow in one direction while another walks in the midst of it.,Three people and a shadow.
entailment,Two asian females go walking.,Two Asian women walk.
entailment,Two females are working out on a beach.,Women exercise together.
entailment,A man in a black shirt is at a skateboard park holding his skateboard.,The man has a skateboard.
entailment,A person in an orange and black shirt is taking a photograph while sitting at a cubicle desk.,A man taking his photo at north street.
entailment,"Two men, one holding a white cup and the other holding a phone, stand inside a room during the daytime.",Two men stand inside a room.
entailment,"Two men and a woman are performing on stage in a ""Thomas the Tank Engine"" play.",three people are in a play
entailment,Three men and two women talking.,Five people are talking.
entailment,"In front of a seated crowd, a man with a gray beard receives a beard trim from a younger man in a black shirt.","In front of a seated crowd, a man is having his beard trimmed."
entailment,The woman in a yellow tube top is throwing a stick into the thicket surrounding her.,A woman is wearing a yellow tube top.
entailment,A young blond-haired girl holds a blue treat with a man in the background.,The man does not have the treat
entailment,A crowd is watching a lady give a demonstration of KitchenAid products with the help of an overhead mirror.,A woman is showing off new kitchen tools to a crowd of people.
entailment,A man with an orange vest is shoveling rocks.,A man is working.
entailment,A child sitting on the ground.,The child is not running
entailment,Here are 3 middle eastern boys deeply absorbed in a lecture.,3 boys in a classroom.
entailment,A man is riding his bicycle up in the air off of a ramp.,A man is in the air on a bike.
entailment,An older man is hugging a younger girl.,An older person is hugging a younger girl.
entailment,A woman in white dress is fixing the flower on a man's suit.,Woman fixing a man's suit.
entailment,A man wearing no shirt climbs a steep cliff.,A shirtless man was climbing up the face of the cliff.
entailment,A little boy play with flour on the floor.,A boy plays in flour.
entailment,"Three women are working in a field, while four children and a lady holding a baby watch.",Three women are working in a field.
entailment,Lady talks on microphone while sitting down.,Lady talks on microphone while sitting down
entailment,"A man wearing a white tank top and jeans dancing with a woman wearing a tube top, white skirt white multicolored trim and black boots.",The man is near the woman.
entailment,A man and two little boys walk around the outside of what appears to be some kind of store.,man with boys walking
entailment,A boy in purple wearing a seat belt.,A boy is wearing a seat belt
entailment,Several people having a good time while exercising.,Some people are enjoying exercising.
entailment,"Three people on a train holding playing cards, smiling.",A group play a game.
entailment,A man with a red Spain shirt and a woman with purple streaks in her hair.,A man in a red shirt is with a woman.
entailment,"4 youngsters line up for a sprint race, while 2 other youths look on while wearing footballs jerseys.",Some people are about to race.
entailment,A construction crew working at several spots on the road.,A construction crew repairs the road.
entailment,A woman with brown hair wearing a red polka dot dress is singing into a microphone.,a woman singing
entailment,"A person wearing a helmet, vest, and rubber boots sits with their feet in some shallow water.",A person sitting with their boots in water.
entailment,"A man smiles, while clinking ale bottles, with an unseen person, at a public establishment.",A man smiles at a public establishment.
entailment,A woman is playing violin in a plaid skirt and black shirt.,A woman is holding a musical instrument.
entailment,A man in a suit walking down the street with a colorful drawing in the background.,A man in a suit is walking outside.
entailment,A man wearing a tan sweatshirt and jeans is transporting wooden furniture in a blue container on wheels across a street.,The man is wearing clothes.
entailment,A dog chases a tennis ball on a well manicured park lawn.,A dog is running in the park.
entailment,A band of young men playing in front of a group of people with their hands raised in a room with colored lights in the background.,A band of young men plays in a club.
entailment,A group of people standing in front of a body of water.,A group of people are outdoors.
entailment,Glossy red apples lay stacked in a metal bowl.,Fresh apples are sitting in a bowl together.
entailment,A person in a kilt walks along an overpass.,A person is in a kilt
entailment,A surfer jumps a wave as one paddles to the wave.,The surfer jumps
entailment,"A woman holds a ""car wash"" sign on the edge of a quiet street.",A woman is holding a sign.
entailment,Two people in diving equipment examine mechanical equipment in a body of water.,Two people are wearing diving gear.
entailment,Two men cleaning a kitchen with soap.,Two guys are cleaning the kitchen.
entailment,"A baseball player in red leaps into the air to avoid a player in blue, who is shortly behind him as he catches the ball, while other blue team members look on in the background.",A basketball game in progress.
entailment,Two men hanging out together.,two people out together
entailment,a man is being photographed by another man while others around him are preparing for a parade,A man photographs another man.
entailment,A group of kids are at a birthday party.,The kids are celebrating.
entailment,A group of runners and walkers posing together for a picture.,Someone is pointing a camera at the group of runners.
entailment,A man sits on a dock with a bottle of water.,A gentleman is sitting on a dock with a bottle of water.
entailment,A girl's volleyball team is having a game.,The females are competing in a sport.
entailment,A woman wearing a white hat and shirt is jogging down a street with a plant store on the corner.,There is a woman jogging.
entailment,Street scene of blond woman in gold coat and pink mini-skirt in front of a rear-facing police motorcycle.,A woman is near a vehicle.
entailment,A woman talking on her cellphone.,A woman on her phone.
entailment,The black and brown dog is standing with its legs apart on the beach.,There are two dogs outdoors.
entailment,Three little boys sit together making faces.,boys sitting together
entailment,A flying machine with a yellow sail is landing with industrial buildings in the background.,A yellow machine is landing near buildings.
entailment,Two dogs race through a field.,Two dogs are running outside.
entailment,A woman in pink is standing alone in the middle of the street.,A woman is standing in the street
entailment,A man wearing sunglasses and a gray t-shirt is sitting in a chair.,A man is wearing a gray shirt
entailment,Two young boys are working on a small bike.,The bike is being worked on
entailment,"A muscled, shirtless man sitting on a bench working out on an arm-exercising machine.",The man is muscled
entailment,Closeup of little girl dancing,Zoomed in on a little girl dancing.
entailment,"A man on a bike is wearing a helmet, logo shirt, and is pointing at you.",A person pointing.
entailment,A woman in a striped shirt smoking a cigarette with another woman sitting next to her in a jean jacket.,A woman is smoking a cigarette
entailment,A group of people and children are walking along a walkway.,A group of people are walking.
entailment,"A stock car races along a dirt track, spraying a plume of dirt behind it.",A stock car is making a mess of dirt.
entailment,A baseball player in uniform who just threw a ball.,The ball player had the ball a second ago.
entailment,Five people playing string instruments in public.,A string quintet performs music outdoors.
entailment,A man with a hat and bookbag is walking.,A person with a hat and bookbag is walking.
entailment,a woman stamds in the middle of a brick road.,A woman stands outside.
entailment,People inside a subway car hold on to the rails while people outside the subway car walk away.,People are touching the rails.
entailment,A street with many advertisements.,A street full of advertisements.
entailment,Two young boys dressed in shorts are looking for something.,A missing item being searched for.
entailment,Two young females engage in contact while playing a game of lacrosse.,Two women hit each other while playing lacrosse.
entailment,"Two young people are sitting, surrounded by baskets of fruits",The fruit baskets are filled with apples.
entailment,Three men and two women walk down an outdoor hallway past a man sitting on a step reading a newspaper.,People walked past a man.
entailment,Three children play at a dock.,The 3 kids are spending time outside.
entailment,Two women in hats set next to a rock and a young child in a knitted cap.,Two women are wearing hats.
entailment,Street vendor in China is ready for work,A street vendor has set up shop for work outside.
entailment,A concentrated male sculpting.,the guy sculpts carefully
entailment,a woman carrying something on her head is leading a pack mule,a woman is carrying something
entailment,An Asian boy stepping on a stone next to a brick building.,A boy is stepping on a stone near a brick building.
entailment,Woman at Walmart check-out having her groceries bagged by an employee.,A woman is in Walmart
entailment,Two men on a blue canoe in the middle of a large body of water.,Two men are on a boat.
entailment,Man drawing a picture on a balcony overlooking a church.,there are catholic bells ringing and man is painting the wall outside the home and looking church
entailment,A boy wearing a black and red hat is ready to throw a baseball.,A boy prepares to pitch.
entailment,Two adults dancing with a little boy while another person standing in the background.,There are 4 people in this picture.
entailment,An older man in a yellow shirt holds a green shopping bag while standing in the middle of a street.,a man in a shirt
entailment,A man with a long white beard starting away from the crowd with a bunch of people behind him.,The man has a beard.
entailment,A black pitbull dog is running through the dirt.,The animal is running.
entailment,Five women with covered heads are standing in a crowd.,The women are standing near other people.
entailment,People are standing in line at a market.,The people are standing.
entailment,a man smokes a cigarette.,A man is outside smoking a cigarette.
entailment,many people taking pictures of the mountains in front of a no truck sign,A group of people is taking pictures of the mountains in front of a sign.
entailment,"A young man with short, dark hair in a white shirt and blue striped tie stands at a podium.",A young man is wearing a white shirt.
entailment,An older gentleman chops wood by a tree.,The man is chopping wood.
entailment,White male squirting lighter fluid on charcoal grill coals while drinking a beer and smoking a cigarette in the woods.,A man fuels a fire in a grill outside.
entailment,Beige dog running toward camera on brown ground and a man in the background moving away from camera.,There is a dog.
entailment,A person dressed in a black shirt and a person dressed in a blue shirt are standing on a mound of sand.,A person is dressed in a black shirt and standing on sand.
entailment,there are six dogs in the water,There are animal wading in the waters.
entailment,A group of people seated at a picnic table under a tent space decorated with flags and stars.,The tent convers the picnic table.
entailment,First responders look at car that has slid off a snowbank and flipped over.,first responders looking
entailment,"A food vendor stands behind a display of bins of several types of nuts, candy, or other small snacks, with signage in Hebrew.",A food vendor stands behind a display of snack bins.
entailment,"A person in a green shirt is sitting on the ground near a fence, with fruit laid out near her.",The person in the green shirt is sitting by a fence.
entailment,An overweight man and woman are walking on a street past a Coffee& Tea shop.,Two people are outdoors.
entailment,A young girl wearing a pink dress jumps through the air over playground equipment.,A girl is leaping.
entailment,A man power washes some steps beside a swimming pool.,A man is washing the steps outside.
entailment,Five Asian people in a smoking area.,the people were smoking
entailment,Eight men gathered around a table at night.,There are eight men.
entailment,The blond woman crossing street has a golden purse over her shoulder.,A woman is crossing the street.
entailment,A mechanic is working on the underside of a bus that is lifted.,A person works on a bus.
entailment,A woman holds a drink while a man and a woman examine a book.,A man and a woman are looking at a book.
entailment,A man with a mustache and black hat holds a small yellow item up to the camera.,A person holds an item
entailment,Two men is yellow overalls are talking together.,Two men are talking to each other.
entailment,A man bulldozing dirt on site.,A man bulldozing dirt.
entailment,The boy and girl pose for a picture with a large red flower above their heads.,The boy and girl are having their picture taken.
entailment,Two men located on a roof prepare to look into a chimney.,Two men located on a roof
entailment,a racer skids out.,Racer skids out
entailment,Two girls are putting a chemical in a bottle.,Two women are working together.
entailment,A woman dressed with a pink jacket and jeans is carrying a big red sack.,A woman carries a bag.
entailment,A man in a white baseball cap is sitting on a boat with his feet in a yellow net.,The man is sitting on the boat.
entailment,One group of people with their hands up.,There is a group of people with their hands up.
entailment,three boys sitting in sand getting splashed by wave,three boys in the ocean
entailment,A group of women are engaged in dialogue.,Some friends are talking to each other
entailment,a little league player points to another player.,The player is pointing
entailment,A man holding a beer can is giving a thumb up.,A man is holding a drink.
entailment,A man is praying to an idol.,A person praying.
entailment,A young man sitting by a dumpster on a sidewalk playing the guitar.,A man plays the guitar outside.
entailment,A woman in blue goggles is sitting in a pool.,A woman in blue goggles is sitting in a pool of water.
entailment,A group of men sit around a table laden with drinks and beer bottles.,A group of guys are sitting at a table.
entailment,A man in red shorts jumps behind a volleyball net.,A man is jumping.
entailment,Women in long dresses walk along a beach.,There is more than one woman.
entailment,A man in a black wetsuit is surfing in the waves.,There is a surfer in the water
entailment,People stand near a car in the snow.,There are people outside in the snow.
entailment,Three businessmen posing for a picture at a ceremony.,Three businessmen are outdoors.
entailment,Female wearing white earmuffs walking on a paved road.,a female in white
entailment,A man dressed in a dark blue jacket and pants sits in the street while wearing old time flying goggles and a hat.,A man wearing goggles sits in the road.
neutral,A girl in a white outfit with a yellow belt is holding a trophy.,The girl just won a karate competition.
neutral,"A young man wearing a red t-shirt, helmet, and protective knee pads is riding his skateboard up a ramp.",The man was a professional skateboarder.
neutral,A man in tan pants and a blue shirt is staking on a public trashcan.,A man is standing near a public trashcan.
neutral,A black dog jumps over a pole on green grass.,Black dog jumping outside.
neutral,"A man, in blue, drums on a bongo while outdoors.",People gather to watch the man play his bongo.
neutral,A man in a red shirt and backwards hat looks off in the distance.,A outfielder is keeping an eye on the pitcher.
neutral,The small dogs play in the snow.,The dogs are having fun.
neutral,A man and a woman are setting up a dining room.,The couple are setting up together.
neutral,People watching TV while eating.,THey are watching a comedy
neutral,A truck driver opens up the truck door.,The driver is a man who appears to be in his fifties.
neutral,a brown and black dog running on a shore near the beach.,A dog running around while it's owner watches from a beach chair.
neutral,Two people ride in a bumper car.,Two brothers are riding in a blue bumper car.
neutral,Two brown dogs run through a field.,The two dogs are chasing a rabbit.
neutral,A woman in a red and blue shirt is staring at a poster on the wall.,A woman is about to enter a movie
neutral,A man with a bandanna around his head is lifting a very heavy weight and smiling.,Man lifting a weight to break a world record.
neutral,Competitor goes for the tackle in a foreign sport.,A man playing football.
neutral,A big tan dog lays on the ground looking to the side.,To the side of the dog is a chew toy
neutral,Two people walking down a city alleyway.,The people are looking for food in dumpsters.
neutral,A man who uses a cane walks over the white lines of a crosswalk.,A man in a blue shirt and carrying a cane is using the crosswalk.
neutral,Two white dogs walk through a huge bank of mountain snow.,Two dogs are playing with their owners.
neutral,A lady with black hair grilling shrimp.,The cook is preparing the food for her customers.
neutral,Five adults and young girl is setting at table in a restaurant and a female adult has a camera in her hand.,The table is large.
neutral,A child in blue sitting on a sled in the snow.,The child is cold.
neutral,Children posing in a tree,There are siblings in a pine tree.
neutral,"A child sitting on a potty chair, looking at a book.",A young child is reading a picture book.
neutral,A man in a gray t-shirt and jeans standing in the doorway next to a graffiti-covered garage.,A man is standing outside.
neutral,A girl holding a drink with a straw in it standing in front of a man kissing her on the cheek as she smiles.,A girl is drinking a margarita.
neutral,A small group of adults and children are standing on a dirt trail on a hill.,The group of peopel are on a hiking trip.
neutral,A large man in a leather costume plays a big drum beside a little boy playing a little drum.,A large man in a brown leather costume plays a big drum beside a little boy playing a little drum.
neutral,Two men playing instruments.,Two people are playing guitars.
neutral,A middle-aged man and woman are holding hands walking in a street with people behind them.,A middle-aged couple crossing the street.
neutral,"A woman dressed in a black top and green skirt dancing, as a man in the background looks on.",A woman dances for a man.
neutral,A large brown dog and a larger black dog playing together with a ball.,The dogs are friends.
neutral,Women cleaning store windows.,Women are being payed to clean.
neutral,Two workers in hard hats examine a piece of industrial equipment in a tunnel underground.,Two men in hard hats examine a piece of industrial equipment in a tunnel underground.
neutral,A woman in a tan coat is reaching into her purse.,woman grabbing phone
neutral,Two little girls are in a meadow looking at nature objects.,Two girls are looking at flowers.
neutral,A boy is blowing bubbles,A boy is outside having fun
neutral,A man is riding a bicycle through a city.,The man is mean
neutral,Three happy boys wearing blue bathing suits hold hands as they jump into an outdoors swimming pool.,Three boys are about to canonball into a pool
neutral,An excited boy plays in the bucket of a piece of construction equipment.,A machine is nearby.
neutral,A group of bike riders with helmets riding on a street.,a biker gang looking for trouble
neutral,Two guys in red jackets are riding bikes next to two identical tan cars.,Two guys are riding dirt bikes near two sedans.
neutral,Someone is climbing vertically a wall of ice.,someone is trying to save his brother
neutral,People walk on a metropolitan sidewalk in front of a bar and grill.,Some people walking near restaurant.
neutral,A group a people walk around the corner near a brick building.,A group of people are heading into a building.
neutral,"One man is playing a guitar, another is playing the keyboard and the last is playing a trumpet.",A band is playing.
neutral,A man in an orange shirt and hat looks on while a young child walks in the grass.,The man knows the child..
neutral,A person is flying with a yellow parachute above a green building.,A person is happily flying
neutral,A little girl in a purple shirt is raking leaves.,The girl is being punished
neutral,Male street artist painting a portrait.,An artist is painting outside.
neutral,A group of guests in a tent.,A bunch of people in a tent are eating.
neutral,Two young girls walking down a busy city street.,there are some people outside.
neutral,A man in black is applauding a runner wearing a red jersey and the number 281.,The man knows the runner
neutral,Three guys playing golf along a body of water.,Three men compete for the US Open.
neutral,A boy is holding a tennis racket high.,A boy prepares for the next serve in a tennis match
neutral,"Two African American women without helmets are riding on a scooter, the passenger is waving to the camera.",The scooter is red.
neutral,Two men resting uptop a snowy mountain.,Two men take a break from hiking.
neutral,A dog lies on his back near a child reading a book.,A child's pet is sleeping nearby.
neutral,A woman waving at the camera and smiling.,A woman smiles after passing her test.
neutral,Two men riding on a motorbike in an Asian community.,Two men are Asian.
neutral,"A woman in a brown coat, holding a ferret.",The ferret is alive.
neutral,A person is riding in a canoe on a lake next to green trees.,The woman paddled slowly.
neutral,A young girl in a blue and pink bathing suit runs around a pool.,She is being chased by the family lab around the pool
neutral,"a man is riding a bicycle that has been adjusted from its original style, by replacing many parts of the bike with odd parts.",A man is competing in an experiment about bicycle innovation.
neutral,"Two older women, one on a bicycle talking in front of a sign in a city with an older gentleman looking on.",A group of older people touring the city.
neutral,large man in black shirt next to police officer walking away from man in blue shirt and backpack,A police officer is arresting someone.
neutral,"A small smiling child huddled into the chest of an older man wearing orange, who is also smiling.",The child is wearing shorts.
neutral,Two dogs with the same coloring look like they are going to bite each other in the face.,Two dogs are trying to bite one another.
neutral,A man wearing a blue coat with yellow stripes is sitting in an airplane that is taking off.,A man is flying to Las Vegas on southwest airlines.
neutral,"Two people wearing blue, red, and white football uniforms crouched over as though in play.",Two people play football together.
neutral,Two middle-aged construction workers are jackhammering.,Two women are doing construction work.
neutral,A woman dancing with a bottle of water to the band playing behind her.,A singer dances and sips water in between singing verses.
neutral,Two men are enjoying in the beach.,Two men are lying in the sun on the beach.
neutral,Two pretty women in the street.,Two beautiful sisters are going to lunch.
neutral,There is a black dog jumping across sand.,dog chasing his owner
neutral,"An old woman is sitting on a bench, while behind her a limo pulls up and two people in white are walking by.",a woman fails to notice a celebrity in a limo
neutral,Two yellow labs are playing in the snow.,Two dogs play on the hillside in the snow.
neutral,A dark-skinned man drags a cart with a couple and a child inside in the outskirts of a town.,A man is giving a family a tour of the city in a cart he is pulling.
neutral,Two mountaineers are looking ahead on a snowy trail.,Two people are planning their hiking trip for next week.
neutral,Two men skateboarding in the forest.,Two men skateboard for their new video in the forest
neutral,Two boys are playing in a sprinkler.,Two kids are getting soaking wet.
neutral,A male with a hat is juggling four balls.,A man dressed up with a hat performs a juggling act for his audience.
neutral,A woman serving another woman that is waiting in line.,The woman is a server.
neutral,A man in a black shirt playing guitar in a band.,The lead guitarist of a major band warms up with the other members.
neutral,Two Caucasian men in collared shirts sit in red chairs.,The two white men are wearing blue collared shirts.
neutral,A woman with dark hair and a white shirt sitting at a table holding a young child with shorts and no shirt.,The woman dyed her hair.
neutral,A woman is walking down the street with a black umbrella over her.,woman walking down the street with an umbrella
neutral,Two construction workers on top of a house building a roof.,Two workers on top of a house building a roof while roasting in the sun.
neutral,A woman is talking on her cellphone.,A woman talking to her boyfriend on her cellphone.
neutral,Five people playing string instruments in public.,A string quintet performs classical music outdoors.
neutral,A young girl looks over a crib railing at a baby sleeping in the crib.,The girl is singing a lullaby to the baby as it sleeps
neutral,A man with bottles is using a pay phone on city street.,man calls wife
neutral,A whole bunch of people in church.,The people are at a wedding.
neutral,A young girls hair is getting braided with golden beads by someone with blue beards in their hair.,"The girl's mother does her hair the way hers is done, because the daughter wants to be like mommy."
neutral,Three men are gathering next to a blue tractor in a warehouse.,meeting taking place next to a tractor
neutral,A medium sized brown dog is running through an open white wooded area.,An elderly dog chases a cat into the woods.
neutral,A female drawing a picture on the ground.,An artist is sketching an idea in the dirt.
neutral,"Four men are working with scaffolding, two have red coats.",Some builders finish the third floor of a building.
neutral,A woman is checking a man's blood pressure at home.,A nurse visits the man's home daily to help him check his vitals.
neutral,An older woman walks in the rain holding a red umbrella over her.,The old lady is getting all wet.
neutral,Two young girls in purple are leaning against a large tree.,Two sisters are taking a break from raking the yard.
neutral,Two elderly ladies sitting on a couch.,Two women having a conversation.
neutral,African american playing keyboard wearing a gold watch,The person got the watch as a gift.
neutral,Two teenagers wearing sunglasses are reading newspapers.,"Two teenagers sit outdoors, tanning and reading the news."
neutral,A smiling woman wearing a purple shirt is running in a marathon.,A woman won the marathon and is smiling with her husband
neutral,A man helping an older woman to the top of a sand dune.,The man is helping the lady up.
neutral,A shirtless male runner with long red-hair flexing.,Someone has shoulder-length hair.
neutral,A young boy is kneeling on a white floor next to an orange cloth.,A boy is kneeling and praying.
neutral,A young boy is crawling through a white tube.,the tube is long
neutral,A couple of boys looking in a tan container while a man wearing a large hat and a woman wearing a plaid shirt look to the right.,Two boys look at a snake in the brown box while their parents turn their heads.
neutral,A man holds a guitar on a busy street while people look on.,The man is performing for some families.
neutral,"A male and female fire performer, work their craft in front of an audience.",They may be juggling with fire.
neutral,A young woman with blue jeans and a black tank top is walking down the sidewalk screaming and clutching her chest.,The woman is having very bad chest pains.
neutral,A woman with a medical mask and white apron on looking through a camera to the right.,The woman is a lab assistant.
neutral,A wedding couple are being photographed on a street corner amongst passersby and traffic.,A wedding couple are being photographed on a busy street corner amongst passersby and traffic.
neutral,A woman in a gray shirt is stretching in an outdoor park area.,The woman is relaxing.
neutral,Three children are in a room and one plays with a vacuum cleaner.,A vacuum cleaner catches the clothes of one of the children.
neutral,A bunch of people in racing gear and helmets racing bicycles around a corner on wet pavement.,A group is racing bicycles during a rainstorm.
neutral,People walking down the street at a fair.,People are walking and eating cotton candy at a fair.
neutral,A lady that has been performing on stage with a mic and guitar pauses to kiss the head of a child.,The lady is kissing her child.
neutral,A small boy wearing a diaper stands near the door and is covered in marker.,A boy is standing inside.
neutral,People gathered on the street smiling and waving.,the people were waiting for a parade
neutral,One woman in a green pants suit is speaking to another woman with glasses while both sit.,"The coworkers are on a break, chatting to relax, before going back to work."
neutral,Five women and a man pose for a photograph near a purple bed.,A group of people are posing on a bed.
neutral,This man is repairing the pipes.,Plumber repairing a broken sink pipe.
neutral,two people walking through a sandy desert,the two people are in a sandy desert.
neutral,Members of a fraternal organization in a graveyard,Two Frat boys are looking for their lost frat brother who died at the party.
neutral,Three people stand close to three multicolored hot air balloons.,Three people are about to go on a hot air balloon ride.
neutral,A blond woman is sitting by a tree while another person is riding a bike.,A woman sits by a tree with her dog while a biker rides by.
neutral,A construction worker wearing an orange hat and gray sweater is standing on top of a building re-roofing it.,A man standing on top of his and re-doing his own roof.
neutral,A young boy smiling as he rides down an inflatable water slide.,A kid shows excitement during a trip to the water park.
neutral,"Two snowshoers are standing on a declining, snow-covered slope.",The snowshoers are very cold standing on the snow-covered slope.
neutral,Number 15 football player is about to throw the ball to his teammate.,player 15 is a quarter back.
neutral,A dog shakes off water.,a dog shaking because he is cold
neutral,A store with pokemon items and pokemon balls in front of the registers.,The pokemon items are by the registers to encourage sales.
neutral,People are standing on a street corner pointing.,People on a street corner point out which way the thief ran to a police officer.
neutral,One dog on the ground and another dog standing above it.,A dog growls at another dog on the ground.
neutral,A brown and white dog runs in a field of yellow flowers.,The dog is chasing someone.
neutral,A woman in striped tights is being guided with strings.,A woman is blind and is being led by strings.
neutral,A man on a motorcycle with no shirt on at a bike event.,A man riding a motorcycle.
neutral,Two guys sorting through some items.,Two men going through a storage bin.
neutral,A man is standing on an icy street with a building beside him.,A man standing outside in the snow on an icy street next to a building.
neutral,Middle-aged woman in a sweater and white apron is using a spinning wheel with a second spinning wheel in the foreground.,A woman demonstrates hand-spinning at a Scottish festival.
neutral,Two young boys wearing pirate hats are crouching down.,The two boys are hiding.
neutral,People at work landscaping an area.,People working for free.
neutral,The boat is white,The boat is painted
neutral,A man in red swim trunks is in midair above the people in the water below.,He is wearing green swim trunks is in midair above the people in the water below.
neutral,A construction worker in a orange vest is grouting tile on a wall.,A tall worker.
neutral,"A man in a blue shirt, cowboy hat and a cross neckless walking in front of a carnival or amusement park ride.",A man is at a carnival with his kids.
neutral,"A band consisting of a guitar payer, banjo player, and accordion player, performs as a group of middle-aged people dance on the dance floor.",The band is performing at a hospital benefit.
neutral,Two men in a boat are casting a yellow net into the water,The men are trying to catch shrimp.
neutral,Two men are jumping outside on concrete.,Two men are jumping outside on broken concrete.
neutral,A baseball player is holding a bat.,The man will hit a ball.
neutral,An artist in an gray t-shirt is carving on his white serpentine shaped sculpture.,An artist is preparing for an upcoming show
neutral,Two men in hats and orange uniforms are shoveling snow.,The gentlement are about to complete their icy task.
neutral,A person climbing a large moss-covered rock,A guy wants to get on top of a rock in order to get a better view.
neutral,The blue vehicle has a lot of cargo stacked on the roof.,The vehicle has a luggage rack
neutral,a woman painting her toenails red on the couch,The woman is in the process of giving herself a complete pedicure.
neutral,Hamilton football player makes a hard cut.,A player makes an easy cut.
neutral,Group of children in the street.,The children are playing a game.
neutral,A young girl places a small picture into a foam backing.,A young girl frames her art into a foam backing.
neutral,A skier midair during what appears to be a daring flip on a sunny ski slope.,A skier performs a flip in a stunt competition.
neutral,A young girl with light brown hair is opening a present with the help of an older boy with darker brown hair.,A young girl with light brown hair is wrapping a present with the help of an older boy with darker brown hair.
neutral,The woman is preparing a sandwich for a customer.,The woman puts ham on the sandwich.
neutral,Five men wearing black shorts are leaving the starting blocks in a track competition with few spectators.,Five men wearing black shorts leaving the track.
neutral,a man standing in the door of a laundry mat.,A man waits for his clothes to dry.
neutral,Two women and a man are wearing medieval blue and gold robes and red hats are playing wind and brass instruments.,There are two women wearing medieval blue and gold robes at the renaissance fair.
neutral,My date is not coming on time.,date doesnt like him
neutral,a young boy runs for the pond.,The pond is full of frogs
neutral,A white and black dog is jumping into a pool.,A dog playing with other dogs at the pool.
neutral,A newsstand clerk is surrounded by her colorful merchandise.,The store was ready to open for business.
neutral,A man is stretching on a walkway next to a bridge.,He stretches before continuing on his run.
neutral,Four women interact at a conference.,A meeting room is nearby.
neutral,A man playing ball at sunset.,A man is playing by himself.
neutral,A large gathering of people partying on boats.,The people are drunk.
neutral,"A woman in a pick shirt is holding a shovel near a woman in brown sweeping, while a third woman sits on a stoop.","Three ladies are working, hanging out and getting drunk."
neutral,A person reads a paper with two people standing next to her in front of a group.,A person reads a speech while two people and group look on.
neutral,Three football players are in action on the field,Three football players are actively playing defense in a game.
neutral,The silhouette of a person jumping in the air during a sunset.,A girl is jumping on a trampoline late in the evening.
neutral,A person wearing a red coat snowboards down a snowy hill.,A person is happily wearing a red coat
neutral,Children in a green classroom are raising their hands.,Children are raising their hands in a green classroom to protest the ugly color.
neutral,"Small boy reaching for blue bar in play area, another child in background.",Some children are using a jungle gym.
neutral,A person is being lifted out of the water with an old lifter.,A person is being lifted out of the water with an old lifter because the boat capsized
neutral,A red tree standing in front of a white building with a white Range Rover parked beneath it.,A man has parked his Range Rover and gone inside the house.
neutral,Children playing different instruments.,Two children play the oboe.
neutral,A blond man puts up a tent.,A man pitches a tent on the beach.
neutral,A barefooted man with no shirt on is playing a guitar.,A man with no shirt playing music for money on a street corner.
neutral,A female wear a headdress is weaving a rug.,A female in a headdress is sewing a rug to sell at the market
neutral,A man holds a baby who is holding eyeglasses.,A man holds a baby who is holding eyeglasses as he rocks the baby to sleep
neutral,A woman with short blond-hair holds her violin and bow.,A teacher is showing her class an instrument.
neutral,Two gentleman standing outside a Smoothies& Bubble Tea vendor.,Two man standing outside  a smoothies&bubble tea vendor while a girl passed by
neutral,A girl in a very short black dress and tall black boots standing in front of a table with jewelry for sale.,The girl is selling jewelry.
neutral,"A man in a leather apron who appears to be a blacksmith holds up a glowing hot piece of iron which he is working on with the hammer in his right hand, the forge fire conspicuous in the background.",a blacksmith is making a sword
neutral,An older man in a black hat and red shirt is talking with a woman.,The woman is his daughter
neutral,Two men play the violin with a blurred music stand and another violinist's hand in the foreground.,the men are musiciians
neutral,A man walking down stairs.,He is going somewhere.
neutral,A small girl is going to the school.,A child is going to religious school
neutral,"Woman wearing blue shirt and white shorts, taking photo of two dogs; one is a white poodle on a green leash, the other a brown hound mix breed on a neon pink leash.",A woman is taking photos of two dogs that are being walked by one person.
neutral,A man sitting with a lot of rugs around him.,A merchant is selling his rugs at the marketplace.
neutral,A dog is running through a field with its tongue hanging out.,The dog is hot and thirsty.
neutral,A little child with a red cap and a duck are in the grass.,A child chased a duck through the grass.
neutral,A crowd of people are at a seafood market.,The people are looking for salmon filets.
neutral,A man in a white shirt with a child on his shoulders.,The man is the child's uncle.
neutral,A lady dressed in a peacock outfit at a parade.,The lady is part of the parade.
neutral,Two guys dressed in white play Cricket.,Two guys are professional Cricket players.
neutral,A girls' soccer team huddles together.,the girls team is talking about their strategy
neutral,A woman biking along a trail surrounded by various plants.,A woman is biking on a nature study.
neutral,A person holding a wooden instrument with detailed carvings.,While holding a wooden instrument with carvings a man observes the details
neutral,A woman dressed in black is playing the violin in front of some artwork.,A woman playing a concert.
neutral,The girl in the pink sweater is playing with a camera whilst being watched by the woman on the couch,The mother and daughter are playing after the girls birthday party.
neutral,"Two little kids dressed up as pirate, and both have swords.",They are in a play about pirates.
neutral,An Asian fisherman sits in his boat.,An Asian fisherman is fishing for his daily catch.
neutral,"A brown, wet dog shaking off the water.",The dog is tired.
neutral,"A person wearing a maroon vest is swallowing a sword, while a man looks on from the back.",The man watches and claps.
neutral,Metal supports make a repeating X shape along the walls of the station.,The repetition of the shapes provide greater support to the station.
neutral,Three people are in a dimly lit room with gold walls decorated with red ovals and black lettering.,Some people are in their home.
neutral,a big white dog jumps on a small dog.,A white dog attacks a smaller dog.
neutral,One man in all black helping with an arm tattoo of a blond woman wearing lingerie and a fur stole.,a man helps a woman at a fashion show
neutral,A woman in a red shirt looks very happy next to a man playing a guitar in a very futuristic setting while a camera records them both.,A man and woman on a tv set for a movie set in the future.
neutral,A man in a blue shirt eating on a deck outside.,The man is eating on a deck at his house.
neutral,A man and woman embracing each other passionately on the crowded streets of a city.,The man and woman are in love.
neutral,A man on a bike with a dog on a leash.,There is a dog pulling a man on a bike.
neutral,A German shepherd and a tan dog are fighting.,A police dog is being interfered with by a perpetrators dog.
neutral,Spices and other goods are being put in display in what appears to be a local village shop.,The local shop has plenty of rare spices for sale.
neutral,A blond woman wearing jeans is reading on a bench.,A woman reads her favorite book on a park bench.
neutral,People watch a group of runners on the street.,There are fifty people running on a street.
neutral,Man and woman crossing the street at dusk.,A husband and a wife are enjoying a leisurely stroll in the evening.
neutral,A man with a camera and a bookbag walking down a street.,A man is taking pictures as he walks down the street.
neutral,A man wearing a black shirt sings and plays a guitar.,A man in a black shirt sings amazing grace with a guitar solo.
neutral,"A blond girl with an instrument on her back wearing a gray tank top, gray shorts and ripped nylons with a bike.",A girl is going to ride her bike to practice.
neutral,A woman wearing a pink sweater and eyeglasses is wiping a wooden table with a pink sponge.,A cleans up a milk spill.
neutral,A man and are playing cards but the man has thrown some cards in the air,The man throwing the cards is angry.
neutral,Two men in orange jumpsuits are walking down a cobbled road.,"The men are escaping convicts, trying to get to the Mexican border."
neutral,A man is roping a bull in a rodeo while others in cowboy hats watch.,A man ropes a bull at a country rodeo.
neutral,Several men dressed in white and red and building sand castles at the beach.,The men are getting sunburnt at the beach.
neutral,Several female athletes high-five each other during a competition.,The girls are olympians.
neutral,A woman and her little girl in a pink dress standing by the yellow curb with her packages in front of her.,a woman is sending packages
neutral,A Muslim is watching an outdoor event next to a woman with a umbrella.,A person is sitting next to a woman with an umbrella while they watch a soccer game.
neutral,A young boy standing in an outdoor fountain watches a girl on a bicycle.,A young boy is embarrassed and doesn't want the girl to see him in the fountain.
neutral,An infant is laying on a hammock while a hand reaches out to his right leg to prevent him from falling,A mother rocks her child in a hammock.
neutral,a family takes a ride on a yellow boat.,A family takes a ride to a carnival in a yellow boat
neutral,A group of musicians and performers entertain with Spanish music in an outdoor area.,A group of musicians play at an exclusive event.
neutral,A man in a plaid shirt wields an accordion while chatting to a couple of friends on a busy sidewalk.,A man and some friends are talking.
neutral,People are standing around inside and one of them is wearing a fedora and a striped zip hoodie,Tall humans standing
neutral,A man is standing in front of a microphone at a podium,the man is the valedictorian of his class
neutral,A yellow dog is jumping across a grassy yard in front of a wooden deck.,A yellow dog is near a house.
neutral,A black boxer has just landed hit with his left glove on the cheek of a white boxer.,The black boxer wins the match.
neutral,A man is sitting on a black and brown dog.,The man and the dog are relaxing.
neutral,A closeup of a brown dog in front of a building.,The dog is waiting for his owner.
neutral,"There is a man wearing construction gear, standing next to a bulldozer that is picking up rubble and debris.",The man is tearing down a bridge.
neutral,A man with red shirt and black hat stares at another man.,A man is standing up and looking at a man who is sitting.
neutral,A rock climber rappels down a sheer rock face with a view of snow covered mountains in the background.,The outdoors challenges this rock climber
neutral,"A boy in speedos, wading through a lake.",Someone is present in the lake.
neutral,Black and white photo of a girl with short shorts running in the rain with a hoodie on.,A photo of a young girl running in the rain.
neutral,A woman in a jacket walks on the beach in someone's footprints while holding her shoes in her hands.,The woman is on a morning run.
neutral,A team stands on a field while fans sit in the audience and some men in suits get their pictures taken.,"A team stands and waits to meet the owners of the team, who are getting their pictures taken in suits."
neutral,A crowd of people walking.,A group of people walking down a city street.
neutral,Man in black wetsuit on his surfboard riding a blue wave with the beach and onlookers in the background.,He is famous.
neutral,Three dogs play in the grass.,the dogs chase each other in the grass
neutral,Young boy turning a crank in the street.,A boy is running a flag up a pole.
neutral,A woman looking at her shopping list in a grocery store.,A woman checks the items in her cart against the list she brought with her to ensure she hasn't forgotten anything.
neutral,A man fiddles with a shopping bag outside near a shopping cart.,A man removes his shopping bag from his shopping cart.
neutral,Several individuals in white leotards and climbing gear are hooked together in a vertical human chain.,It looks like individuals in leotards prepare to perform a dangerous stunt.
neutral,Two men are underground and appear to be mining.,The men are at work in the mines.
neutral,Two men in hard hats on the roof of a building that is under construction.,Two men working on a building are almost done with it.
neutral,A man next to a bike with a flag attached trying to get the attention of others around him.,The man is wearing pants.
neutral,A child rides the back of a wooden pull cart.,A boy rides on the back of a wooden pull cart.
neutral,A mustachioed man sits as two boys stand on either side of him at the entrance to an alley.,A mustachioed man in a suit sits as two boys stand on either side of him at the entrance to an alley.
neutral,Two women in an arena boxing with a man in the background watching them.,A man films a soft core porn about foxy boxing.
neutral,A mountain climber stops for a drink.,a mountain climbing man stops for an alcoholic beverage
neutral,Two runners waving as they finish a race.,The two have tied for first place.
neutral,A group of children standing in a lake in shoulder high water while one boy is balancing on the shoulders of two other boys.,A group of kids are in a lake with shoulder high water and a boy is about to fall.
neutral,The dog carries a stick and jumps over a log in the woods.,the dog is out for a walk with it's owner
neutral,A blond-haired boy sits on a bus while gazing out the window towards an intersection in a city.,The boy is bored.
neutral,Two men jumping on a rock wall,Two men jumping on rock wall while laughing.
neutral,two people leaning over a green railing with the ocean in the background,Two people are discussing the heat death of the universe by the ocean.
neutral,A hiker discovers a feature in an otherwise barren landscape.,A hiker is exploring a new country
neutral,A male drummer wearing sunglasses and a yellow t-shirt bangs on a conga hand drum during a street festival.,The male is playing the conga outdoors.
neutral,"An old man, wearing a black beret and a black and red jacket, rides a pony in a desolate mountain location.",The old man is a tour guide for the mountainside.
neutral,"A young boy looks up towards the camera, while standing next to a calm stream.",He is posing for the picture.
neutral,A man is using spray paint on a wall mural.,A guy is painting a mural for a buddy.
neutral,"Two men, one wearing a straw cone hat, blue shirt, talking with a guy in a tan sunhat, red plaid shirt, both with baskets in front of them, sitting on the side of a dirt road.",two asian men wait along a roadside
neutral,A group of people are sitting around a campfire at night.,Some people are roasting marshmallows on a campfire.
neutral,"A baby, wearing a yellow outfit, is yawning with their mouth wide open.",A baby is ready for a nap.
neutral,A mime performing on stage holds a ukulele (mandolin?).,The mime seems unconcerned that making music may be considered a form of mime-cheating.
neutral,A father and son are enjoying wide open fields.,Tall humans enjoying fields
neutral,A man is loading his dishwasher.,A man loads a dishwasher after the dinner party.
neutral,"A group of people walking through an alley along a cobblestone street, between two buildings.",A group of people walking through an old alley.
neutral,The man is standing behind his opened back hatch of his vehicle.,A man puts something into the back of his car
neutral,A woman grilling chicken and veggies.,She is cooking for her husband.
neutral,A man running for competition.,The man is training for the Boston City Marathon.
neutral,"A Drayton Manor Theme Park roller coaster is shown accelerating downwards vertically on a red colored track with several visible people making either happy, excited or scared faces.",The roller coaster is packed with riders.
neutral,some is waiting at a bus stop station,Problem. see below
neutral,A young woman is dressed in medieval attire and is holding an axe while leaning on a tree.,A woman on her break from the Renaissance Fair.
neutral,A gorup of boys are playing with a ball in front of a large wooden door.,Boys playing basketball by the barn.
neutral,Woman in a pink bikini leaping on the beach on a clear day while two children play by the water.,The two children in the water are the kids of the woman.
neutral,A young boy in a blue golf shirt and khaki shorts is practicing his gold swing.,A boy is playing outdoors
neutral,"A girl, wearing white shorts and a green top, is swinging on a rope swing and there is a large red building in the background.",A girl will fall from a rope swing.
neutral,A woman with black hair and jewelry on her left hand and arm typing on a keyboard.,The woman is writing her will.
neutral,"An older woman with arm crutches is dressed in white and going through her white purse in front of a poster that reads ""Lack of money is the root of all evil.""",A woman with crutches is dressed in white going through her purse looking for her money.
neutral,Rodeo rider on charging bull.,Rodeo rider is about to fall off the bull.
neutral,A band member holding his brass instrument.,A man is playing his trumpet in the band.
neutral,A man smiling with a beer in his hand.,A man has had 6 beers already.
neutral,Six dogs walking beside the beach.,Six dogs walking beside the water.
neutral,A beautiful city shot with a fountain and a lady sitting on some steps.,A woman is sitting on the steps of a fountain eating food.
neutral,A video camera recording an orchestra.,the performance will be on tv
neutral,An attractive girl with a cigarette in one hand leaning over and showing lots of cleavage.,A cute girl flirts with someone
neutral,A man going over a jump on his bike with a river in the background,A man at riverside performing for others.
neutral,A guy with a mop in hand is standing on a blue covered stage with a carnival ride in the background.,A tall human standing
neutral,A lady with short hair wearing a black jacket leaned against a lamp post outside a building.,there is a woman smoking outside
neutral,Two people are riding bikes beside train tracks.,Two people compete to see if they can get as fast as the train.
neutral,A man is holding a crying baby.,"A man is holding his sick, crying child."
neutral,A woman with long dark hair is scratching her forehead.,A sad woman with long dark hair is scratching her forehead.
neutral,A group of girls climb up a snowy hill.,A group of fat girls climb up a snowy hill.
neutral,A businessman in a suit is talking on his cellphone while sitting on a white bench.,A man is talking to his wife.
neutral,"A girl in a pink shirt and blue jeans sitting on a black chair is holding a small object in her right hand above her head and looking at a container with several similar objects in it, while an Asian man in a blue shirt smiles at her while standing in the background.",A girl is looking for bugs in a container.
neutral,A boy is performing a trick on his skateboard beneath white clouds and a blue sky as four sitting guys watch him.,A boy is trying to impress the four guys.
neutral,A man sits on the sidewalk while repairing a bike.,A man sitting on the sidewalk repairing the handlebars of his bike after they bent.
neutral,Two men stand on the deck of a speedboat which is labeled on the side with the word' Maritimo.',"Two men are standing on a green speedboat labled ""Maritimo."""
neutral,A woman wearing a blue blouse and a blue jeans is riding in a bicycle,Someone is biking down the street.
neutral,A woman is standing in front of a large clothes dryer and folding a bed sheet.,A woman doing laundry for her entire ungrateful family who never do anything for her.
neutral,A woman is making a funny face while playing a board game.,A woman plays a board game with her family.
neutral,A blond woman in a blue low-cut top at a bar or restaurant is looking at a man.,A woman propositions a man at the bar.
neutral,a basketball player defends another player.,jordan gets blocked
neutral,A female is standing with two males talking to them.,THe males are talking
neutral,A group of buildings with asian writing on them and people walking about out front.,a group of power walkers amid asian buildings
neutral,a young ninja jumps into the air.,There is someone fighting.
neutral,A woman wearing a tank top and smoking a cigarette.,The tank top has spaghettie straps.
neutral,A small child in a red coat points to a handbag in a shop window.,A child is seen pulling their mom towards an accessory they wants.
neutral,A couple is pushing a cart full of produce items down a busy street.,A married couple is pushing a cart full of produce items down a busy street.
neutral,A man sitting down with this head resting on his fists next to a man with his eyes closed and his together with dough sitting on a table in front of them both.,Two best friends sit next to each other with dough in front of them
neutral,A man and woman sitting in chairs next to a turquoise truck.,A man and woman are watching the truck.
neutral,three asian people standing on a sidewalk with a street scene in the background,Three people are standing and having a conversation in a big city with traffic behind them.
neutral,"An old women, wearing a dark blue vest, holds a baby in her arms.",The infant is the grandchild of the woman.
neutral,"Shirtless man wearing rollerskates in a large crowd with a sweat towel that reads ""just love me"".",A shirtless man skates through a crowd of all women.
neutral,Three college age men jump up in the air with a green lawn underneath them.,The men are trying to catch a football.
neutral,"A woman looking up towards a wide ring, she is holding over her head, a drink in her other hand.",The woman is shielding her eyes and holding a drink.
neutral,"A man, dressed in white, plays the piano and sings on stage.",A well dress man is giving a concert.
neutral,A police officer is watching a marathon.,An officer of the law is making sure no one interferes with the marathon.
neutral,A person skis down a snowy hill.,A person skis poorly.
neutral,A young boy about to hit a ball with a baseball bat.,He likes to be the batter when he is playing baseball.
neutral,A man with the mark of heavy age checks his document thoroughly.,An old man checks his will for errors.
neutral,The child stand on the seat of his trike in the park.,the child was trying to stand taller on his tricycle.
neutral,A group of motorcycle riders gather on a street.,A group of all female motorcycle riders are standing in the street.
neutral,Man in an orange blanket sleeps on the street.,The homeless man had one orange blanket.
neutral,A child is playing on a swing set.,The toddler with blond hair is swinging high in the air.
neutral,A shirtless man in a blue hat and sunglasses runs waist-deep through a large body of water.,The man is in the ocean
neutral,Three men relaxing on a bench.,Men are rubbing each others shoulders while sitting on a bench.
neutral,A man playing a handmade drum set in the snow trying to collect spare change.,The man is homeless.
neutral,"Two little girls are playing in their house, one is on the floor grinning evilly wearing pink pajamas and the younger one is standing over her wearing a hairnet and mask and purple pajamas.",The girls are trying to suprise each other.
neutral,A young man poses for a pictures while standing in front of a pond.,He is having his graduation picture taken at the pond.
neutral,"Kite surfers are surfing in a shipping harbor on a clear windy day, in the background is a snowcapped mountain.",surfers show off for girls
neutral,A woman wearing sunglasses is laying her head on a backpack like a pillow.,A woman rests her head on her backpack.
neutral,"Musicians dressed in red and white shirts and khaki pants, performing at a sports arena.","A band is playing to a sold out crowd of 80,000 people."
neutral,"Two football teams, one wearing yellow and green and the other white and black, grapple over the football while playing the game on a field.",The teams are playing in a bowl game.
neutral,A black and white dog with a chunk of snow it its mouth while walking on a snowy surface.,A dog is eating some snow.
neutral,Three children inspecting their disposable cameras.,children looking at their cameras trying to figure out how they work
neutral,An old man holds up a small boy's hands as the child prepares to swim.,A grandfather spends time with his grandson.
neutral,A waiter displaying a fine meal to a customer.,The waiter lifts the lid off of the lobster to present it to the fine diners
neutral,A young man and woman are standing close together in a shadow in an alley.,Two people were hiding in the shadows down the dark alley.
neutral,A brown dog appears to be operating a computer.,A dog who enjoys posing for his master.
neutral,A man in a red jacket is riding a white horse through a street.,A jockey parading a winning horse through town
neutral,A man in a black shirt and cap playing piano.,A musician in a black shirt and tie is playing the piano.
neutral,A smiling child wearing a white t-shirt with stripes and skull and crossbones is swinging.,White is the child's favorite color.
neutral,"Men with white t-shirt and jeans, struggling to pull a fishing rope.","Men with white t-shirt and jeans, and cowboy hats, struggling to pull a fishing rope."
neutral,The little boy with the brown hair and big glasses is in his kitchen trying his luck at science.,The little boy is practicing a chemistry experiment.
neutral,Two young men in a boat while one holds up a fish.,Two men are fishing for food.
neutral,"At an open-air market stacked with colorful pet supplies, two men in jeans squatted down, peering at the puppy pressed up outside the cage filled with its litter mates.",The men are feeding treats to a Golden retriever puppy.
neutral,A man in a costume sitting on a bench.,A man in a clown costume sits on a bench.
neutral,A motorcycle race on a racetrack.,A self-driving  motorcycle race on a racetrack
neutral,A man play an instrument surrounded my other men.,The man is playing the flute.
neutral,A little blond girl digging in the sand with a green shovel and bucket.,A child playing at making a sand castle.
neutral,Two men yellow are fishing from a small red box.,A father and son sit on a box fishing.
neutral,A woman in blue shorts and a red and white striped shirt throws a soccer ball out onto a green field with players on it.,Some people are playing soccer.
neutral,A gang fight on a farm in a movie scene.,The gang fight in the movie is based on a true story.
neutral,A soldier dressed in combat gear scales a wall to join his fellow comrades on the other side.,The soldiers are at basic training.
neutral,The wood used for the seat portion of the bench is comprised of different colored slats.,The different slats are from different types of wood.
neutral,A crowd of people are at a supermarket.,The people are there to buy something at the supermarket.
neutral,A middle-aged man is enjoying a game of table tennis.,There is a few middle-aged men enjoying a game of table tennis.
neutral,A dirt floor gets swept by one white and one black woman.,the floor is small
neutral,Two blonds show their Canadian pride.,Two women have Canadian flags painted on their faces.
neutral,A hiker uses metal walking sticks to hike up a snowy mountain.,A hiker uses metal walking sticks to hike up a snowy mountain in order to summit.
neutral,A young boy runs towards a wall that's been littered with graffiti.,A young boy runs to a wall covered in graffiti with chalk.
neutral,Two children paddle in a raft down a river., Two children paddle in a raft down a beautiful river.
neutral,"Two opponents, one in blue and one in white, are sparring.",Two men sparring.
neutral,"A young boy in a red, white, and blue jacket and blue shorts pulls a wagon in a garden.",the wagon is red
neutral,This is beautiful evening with the river and the setting sun.,The sun is setting on the horizon and fish jump out of a river.
neutral,A guy with a red shirt and black apron on working standing with his hand in a shopping cart.,The guy is at the store.
neutral,There is two people riding in a cart being pulled by a man outside on the road.,They are on a romantic date.
neutral,A group of people working on stills next to a large building while being watched.,Men are being watched.
neutral,A woman and man are talking while another woman leans on her car biting her nails.,A woman and man are talking while another woman leans on her car biting her nails until they bleed.
neutral,An inflatable rock climbing obstacle is scaled by a person wearing a white helmet.,a man competes in a climbing game
neutral,Three boys racing against each other on the track.,Three boys racing against each other on the race car track.
neutral,Man in bright yellow vest displays bicycle safety information on street.,The men are crossing guards.
neutral,A skateboarder with a red hat and green shirt sitting on a skateboard watching other skaters.,The skateboarder is in a competition.
neutral,A boy in a white shirt is sitting in a chair at a fruit stand.,A boy hopes to sell fruit to pay for college
neutral,A shirtless man and a woman sitting on a dock.,A man fishing while sitting on a dock.
neutral,A white motorcycle is being jumped in the air by a person in a white outfit and crash helmet.,It is happening on the road.
neutral,a man with a tall glass of water sitting at a table looking at his phone at a eating place.,The man is sitting outdoors.
neutral,Two men wear silly stove pipe hats and wear makeup.,Two friends get ready for a cosplay party.
neutral,A guy is riding his bike next to a brick building with bright blue doors.,A man is riding his bike to work.
neutral,"A figure in green and black clothes poses for the camera while hoisting a sword-like object and camera, partially obscured by weeds in a snowy, outdoor, rural setting.",A figure poses for the camera while holding a sword-like object made by their uncle outdoors.
neutral,Two girls are walking along the street and talking.,These girls are childhood friends.
neutral,Musician in cowboy hat playing an electric guitar and singing into a microphone.,a man is singing a song to his girlfriend
neutral,A teppanyaki chef prepares dinner for restaurant guests.,A teppanyaki chef prepares a specal meal for guests that are celebrating graduation.
neutral,Someone in a yellow hat is sitting next to two fishing poles.,The fishing poles belong to the perosn.
neutral,Man on skis looking at artwork for sale in the snow,"A man is skiing down the street and notices a street fair, with art for sale."
neutral,Five men and a woman sit around a coffee table conversing while one man writes in a notebook.,A group is planing a bank heist at a coffee table while a undercover office write notes in a notebook.
neutral,A man in a blue jumpsuit stands next to a red van pulling a trailer.,A man and his friends stand next to a red van as they hitch for their next ride.
neutral,A woman with a red shirt making snow cones.,A woman making snow cones with cherry syrup.
neutral,Football players in uniform embrace one another.,Football players embrace one another while crying.
neutral,"There are three men walking pass The Odeon, one of them is wearing a black bookbag and the others has a white bad in their hands.",The men are students.
neutral,A white dog with a blue collar runs while carrying a yellow toy.,A dog is playing fetch with it's owner.
neutral,Lifeguards gather at the Beach Patrol station.,lifeguards have an emergency
neutral,A lady holding a microphone standing on a stage.,A lady is getting ready to sing.
neutral,A woman out to dinner and drinks laughs hysterically while her friend uses her cellphone.,A woman is laughing at her friend.
neutral,A boy hangs onto straps on a train.,the boy is ten years old
neutral,A man with work clothes on standing on the back of a truck.,The farmer is just about to jump off his truck to start his work day.
neutral,A man smoking a cigarette is walking his dog next to a lady wearing a blue striped jacket.,A man taking a smoke break outside with his lady friend
neutral,Two race cars swing around the corner of a racetrack with advertisements and spectators behind.,Two race cars are vying for the lead in a race
neutral,White-haired man in black hat and coat sitting against brick wall.,A homeless man sitting near a wall.
neutral,a female hiker is looking at the view of some mountains.,A female hiker is disappointed with the view of these particular mountains.
neutral,"A big, furry, black dog is on a blue leash and is coming out of the water.",The dog is in the river.
neutral,A young man and woman sitting on a bench outside are kissing.,A young man and woman are kissing each others hands.
neutral,A team mascot raising its hands toward people.,The mascot is waving at the people.
neutral,Two young ladies are sitting on a small be in skimpy dresses.,two women sit in short dresses trying to attract men
neutral,newly married couple having their first kiss.,Newlyweds kiss in front of the church.
neutral,The man in the denim outfit walks a black and tan dog on a crosswalk.,The man is Jay Leno.
neutral,A woman on a computer at a desk.,Woman working at her office on her computer.
neutral,A black dog is holding a white object in its teeth.,A dog is playing fetch.
neutral,A man with stretched earlobes wearing a black hat stands in front of a display of food for sale.,A man with earlobes sells products by a display
neutral,A lady holding a baby in a kitchen.,A mother holding her baby in the kitchen.
neutral,Three sisters on a beach overlooking the ocean in pink dresses.,The sisters are all wearing the same dresses.
neutral,Two nurses are looking at a cart of supplies.,Nurses drive cars to work.
neutral,"Two boys with blue and white shirts are in a competition, while children in green shirts watch.",The teams get a few minutes to practice independently before the game.
neutral,The woman helps her child as the men sit and lay on the bench.,The lazy father and his brothers do nothing while the mother does all the parenting.
neutral,People riding on motorcycles in front of trees.,People on motorcycles in front of trees.
neutral,Three guys are seen in the middle of the act of jumping forward in a yard.,Three guys jump to see who can jump farther.
neutral,A person is attempting to pick up a spare while bowling.,The bowler eyes the seven-ten split and hopes the ball will hit both pins.
neutral,A little boy crying on an old man's lap as the old man holds a present.,"Young Timmy is upset about his birthday, and his grandfather is trying to cheer him up with a present."
neutral,A fluffy white and brown dog is jumping over an obstacle and holding a tennis ball in its mouth.,The white and brown dog is performing an obstacle course.
neutral,A small dog stands in a street with five vehicles in the background.,A small dog stops traffic
neutral,Two Asian women sit on a bench eating lunch while a white woman in a navy shirt walks by and checks out a promotional table.,The three women are all on their lunchbreak.
neutral,A man in a suit is speaking at a lectern.,The man is moderating a panel.
neutral,Three men talk together while walking through a parking lot.,Three men in suits walk.
neutral,"A child, roughly ten years old, playing a video game on an old style computer.",The child is playing mario brothers.
neutral,A woman in a brown shirt is singing into two microphones.,Both of the microphones are set at a low volume.
neutral,A white girl and a black woman pose with a person dressed in a spacesuit.,Two woman are being photographed with a famous astronaut.
neutral,Three women in matching black and yellow dresses and a woman with orange hair.,Three friends decide to wear matching outfits and meet an acquaintance while out.
neutral,A little boy stands in the surf.,The boy is a surfer
neutral,A female singer performs with her guitar.,Woman playing guitar and singing at a concert.
neutral,"A band performs on a stage in front of wall-sized posters, including two guitarists, a singer, a drummer, and a keyboardist, while one attender takes a picture using a mobile camera from the far bottom left.",A group of friends performs in a band for a charitable event.
neutral,A woman cyclist in a shirt wearing a bike helmet waits with a child passenger at a stop with another woman cyclist wearing a blue shirt and black pants.,The women cyclists needed a water break.
neutral,A young couple holding hands.,A young couple in love.
neutral,A man and woman are looking at something.,They are a couple.
neutral,Two older ladies are sitting at a bench as a gentleman walks past them from behind.,There are people at a park.
neutral,One man wearing a green shirt is playing music on a blue set of drums.,A drummer in green playing blue drums at a music festival.
neutral,An older Indian lady buys herbs from an outdoor market.,Old Indian woman shops for groceries.
neutral,The man is walking near a brown building.,There is a group of people near the brown building
neutral,"A man playing scrabble with carrots, celery, onions, limes, apples and cauliflower in the pictures while his opponent has rocks spelled out on his tray.",friends eating lunch and playing a game
neutral,two hot girls playing volleyball on the beach,Two girls are wearing bathing suits.
neutral,A child wearing a bucket on their head.,The child wore a bucket on their head for the photographer.
neutral,The people are marching through the street.,People are marching in a protest.
neutral,A man is selling a huge variety of blown up balloons outside.,The man is dressed as a clown.
neutral,Two football players try to tackle a player of the opposite team.,The players tried to make a tackle during the championship game
neutral,A man wearing camo pants and a gray jacket snowboarding near a wooded area.,The army major is snowboarding.
neutral,A group of 4 young adults are wearing costumes in front of a store window displaying sale signs.,The adults are wearing costumes because it's Halloween.
neutral,A woman wearing a skirt is reading a book on a stone bench.,the woman is a seductress
neutral,A boy in swim trunks does a backflip into the ocean while mountains show through the fog behind him.,a boy jumps into a pool in a busy neighborhood
neutral,A man wearing blue jeans and red bowling shoes stands in a bowling alley lane with a green ball in his hand.,The man is bowling with his bowling group tonight.
neutral,"A woman standing on grass, is holding jackets and a dress.",A woman roaming in garden.
neutral,The woman in the red shirt is holding up a peace sign with her fingers with a red banner behind her.,a woman takes a break from work
neutral,a basketball player is making a jamming the ball in the basket,A person is practicing for a future high school basketball game.
neutral,A man is sitting on a pink cart with a little girl in the grocery store.,the man is a lawyer
neutral,A man in an orange vest worn over a blue short-sleeve collar shirt sits at a computer terminal.,A man is working at a computer terminal.
neutral,"A big match being watched by thousands of people, and a man holding his shirt in his hands is climbing an iron tower.",The man is racing to the top of an iron tower to watch the match.
neutral,A young woman in black shirt is doing yard work.,A woman gardening.
neutral,Three little boys playing with Legos.,Three little boys building something with Legos.
neutral,A man in colorful orange and yellow clothes listens on a cellphone while crowds of people walk past the building behind him.,A man is talking to his boss
neutral,A man is working in a mine or cavern of some sort.,a man is working with a friend in a mine
neutral,A band performs on a stage.,A band plays a song.
neutral,Two children are playing ice hockey on frozen ground outside.,They are playing on a frozen pond.
neutral,A young brunette wearing purple and black floral stretch pants is attaching her bike to a finch.,The person is locking their bike up.
neutral,Woman on cellphone running in the snow.,A woman calls her boyfriend.
neutral,"A man, along with three others, is standing in snowy and cold weather with only green shoes and black shorts on.",Three men are wearing parkas and one is wearing sneakers.
neutral,people at beach looking for things in sand,The people are using a metal detector.
neutral,And old woman holds a green plant outside of a rustic building.,A woman with a green plant outside of a building
neutral,A man is walking in front of a big blue truck parked between buildings.,The big blue truck parked between the buildings belong to the man walking in front of it.
neutral,An elderly man in a blue ball cap staring at the ground.,My grandpa is wearing his Giants hat while he watches ants.
neutral,The woman in the green coat is pushing a cart through the toy aisle.,The woman is about to purchase a toy from the aisle.
neutral,A woman carrying shopping bags.,The women with shopping bags are in a mall.
neutral,2 girls washing a floor covered in soap.,The floor has lots of bubbles.
neutral,A blond man in a white shirt holds a guitar.,Someone was holding a guitar in the air.
neutral,A child sleds over a mound of snow as others watch him.,THe child is playing in the snow.
neutral,"A man walking down a walkway, away from the camera.",The male model is returning to the dressing room after modeling on the runway.
neutral,A man in a blue jackets looks at the camera while another man in green stands in the background.,A pop duo sing as they record a music video.
neutral,Group of people on the rooftop of a building looking down.,the people are on top of a building.
neutral,Four children do backbends in the park.,Some kids are practicing gymnastics.
neutral,A man in a black shirt leans on a counter.,A man is leaning in the kitchen
